# Blender 5.0.0
# www.blender.org
mtllib earth.mtl
o Earth_Surface.mat_0
v -0.054197 4.202986 -0.550283
v -0.081552 4.221495 -0.409999
v 0.000000 4.267766 0.000001
v 0.000000 4.221495 -0.418031
v -0.021263 4.163011 -0.880494
v -0.099924 4.162361 -0.870238
v -0.192627 4.163011 -0.859429
v -0.160510 4.202986 -0.529136
v -0.159973 4.221495 -0.386210
v 0.000000 4.267766 0.000001
v -0.081552 4.221495 -0.409999
v -0.267779 4.162361 -0.834022
v -0.356595 4.163011 -0.805333
v -0.260657 4.202986 -0.487653
v -0.232246 4.221495 -0.347579
v 0.000000 4.267766 0.000001
v -0.159973 4.221495 -0.386210
v -0.425345 4.162361 -0.765753
v -0.506857 4.163011 -0.720290
v -0.350787 4.202986 -0.427433
v -0.295594 4.221495 -0.295594
v 0.000000 4.267766 0.000001
v -0.232246 4.221495 -0.347579
v -0.566566 4.162361 -0.668061
v -0.637642 4.163011 -0.607572
v -0.427433 4.202986 -0.350786
v -0.347580 4.221495 -0.232246
v 0.000000 4.267766 0.000001
v -0.295594 4.221495 -0.295594
v -0.686010 4.162361 -0.544695
v -0.743915 4.163011 -0.471497
v -0.487653 4.202986 -0.260656
v -0.386211 4.221495 -0.159973
v 0.000000 4.267766 0.000001
v -0.347580 4.221495 -0.232246
v -0.779090 4.162361 -0.400393
v -0.821607 4.163011 -0.317305
v -0.529137 4.202986 -0.160509
v -0.410000 4.221495 -0.081552
v 0.000000 4.267766 0.000001
v -0.386211 4.221495 -0.159973
v -0.842236 4.162361 -0.240703
v -0.867726 4.163011 -0.150918
v -0.550283 4.202986 -0.054196
v -0.418031 4.221495 0.000001
v 0.000000 4.267766 0.000001
v -0.410000 4.221495 -0.081552
v -0.873011 4.162361 -0.071767
v -0.880494 4.163011 0.021264
v -0.550283 4.202986 0.054201
v -0.410000 4.221495 0.081557
v 0.000000 4.267766 0.000001
v -0.418031 4.221495 0.000001
v -0.870238 4.162361 0.099929
v -0.859429 4.163011 0.192635
v -0.529137 4.202986 0.160514
v -0.386211 4.221495 0.159975
v 0.000000 4.267766 0.000001
v -0.410000 4.221495 0.081557
v -0.834022 4.162361 0.267784
v -0.805333 4.163011 0.356596
v -0.487653 4.202986 0.260657
v -0.347580 4.221495 0.232247
v 0.000000 4.267766 0.000001
v -0.386211 4.221495 0.159975
v -0.765753 4.162361 0.425346
v -0.720289 4.163011 0.506857
v -0.427433 4.202986 0.350787
v -0.295594 4.221495 0.295595
v 0.000000 4.267766 0.000001
v -0.347580 4.221495 0.232247
v -0.668061 4.162361 0.566567
v -0.607571 4.163011 0.637643
v -0.350787 4.202986 0.427434
v -0.232246 4.221495 0.347580
v 0.000000 4.267766 0.000001
v -0.295594 4.221495 0.295595
v -0.544695 4.162361 0.686011
v -0.471497 4.163011 0.743916
v -0.260657 4.202986 0.487654
v -0.159973 4.221495 0.386211
v 0.000000 4.267766 0.000001
v -0.232246 4.221495 0.347580
v -0.400392 4.162361 0.779091
v -0.317305 4.163011 0.821608
v -0.160510 4.202986 0.529137
v -0.081552 4.221495 0.410001
v 0.000000 4.267766 0.000001
v -0.159973 4.221495 0.386211
v -0.240704 4.162361 0.842237
v -0.150919 4.163011 0.867727
v -0.054197 4.202986 0.550284
v 0.000001 4.221495 0.418032
v 0.000000 4.267766 0.000001
v -0.081552 4.221495 0.410001
v -0.071767 4.162361 0.873012
v 0.021263 4.163011 0.880494
v 0.054200 4.202986 0.550284
v 0.081556 4.221495 0.410001
v 0.000000 4.267766 0.000001
v 0.000001 4.221495 0.418032
v 0.099928 4.162361 0.870238
v 0.192634 4.163011 0.859430
v 0.160513 4.202986 0.529137
v 0.159974 4.221495 0.386211
v 0.000000 4.267766 0.000001
v 0.081556 4.221495 0.410001
v 0.267783 4.162361 0.834023
v 0.356595 4.163011 0.805334
v 0.260657 4.202986 0.487654
v 0.232246 4.221495 0.347580
v 0.000000 4.267766 0.000001
v 0.159974 4.221495 0.386211
v 0.425345 4.162361 0.765754
v 0.506857 4.163011 0.720290
v 0.350787 4.202986 0.427434
v 0.295595 4.221495 0.295595
v 0.000000 4.267766 0.000001
v 0.232246 4.221495 0.347580
v 0.566566 4.162361 0.668062
v 0.637642 4.163011 0.607572
v 0.427433 4.202986 0.350787
v 0.347580 4.221495 0.232247
v 0.000000 4.267766 0.000001
v 0.295595 4.221495 0.295595
v 0.686010 4.162361 0.544696
v 0.743915 4.163011 0.471498
v 0.487653 4.202986 0.260657
v 0.386211 4.221495 0.159974
v 0.000000 4.267766 0.000001
v 0.347580 4.221495 0.232247
v 0.779090 4.162361 0.400393
v 0.821607 4.163011 0.317306
v 0.529137 4.202986 0.160511
v 0.410000 4.221495 0.081553
v 0.000000 4.267766 0.000001
v 0.386211 4.221495 0.159974
v 0.842236 4.162361 0.240705
v 0.867726 4.163011 0.150919
v 0.550283 4.202986 0.054197
v 0.418031 4.221495 -0.000000
v 0.000000 4.267766 0.000001
v 0.410000 4.221495 0.081553
v 0.873011 4.162361 0.071768
v 0.880493 4.163011 -0.021263
v 0.550283 4.202986 -0.054199
v 0.410000 4.221495 -0.081555
v 0.000000 4.267766 0.000001
v 0.418031 4.221495 -0.000000
v 0.870237 4.162361 -0.099927
v 0.859429 4.163011 -0.192633
v 0.529137 4.202986 -0.160513
v 0.386211 4.221495 -0.159973
v 0.000000 4.267766 0.000001
v 0.410000 4.221495 -0.081555
v 0.834022 4.162361 -0.267782
v 0.805333 4.163011 -0.356595
v 0.487653 4.202986 -0.260656
v 0.347580 4.221495 -0.232246
v 0.000000 4.267766 0.000001
v 0.386211 4.221495 -0.159973
v 0.765753 4.162361 -0.425344
v 0.720289 4.163011 -0.506856
v 0.427433 4.202986 -0.350786
v 0.295594 4.221495 -0.295595
v 0.000000 4.267766 0.000001
v 0.347580 4.221495 -0.232246
v 0.668061 4.162361 -0.566565
v 0.607571 4.163011 -0.637642
v 0.350787 4.202986 -0.427436
v 0.232246 4.221495 -0.347583
v 0.000000 4.267766 0.000001
v 0.295594 4.221495 -0.295595
v 0.544694 4.162361 -0.686014
v 0.471497 4.163011 -0.743922
v 0.260657 4.202986 -0.487656
v 0.159973 4.221495 -0.386211
v 0.000000 4.267766 0.000001
v 0.232246 4.221495 -0.347583
v 0.400392 4.162361 -0.779094
v 0.317305 4.163011 -0.821608
v 0.160510 4.202986 -0.529136
v 0.081552 4.221495 -0.409999
v 0.000000 4.267766 0.000001
v 0.159973 4.221495 -0.386211
v 0.240704 4.162361 -0.842235
v 0.150919 4.163011 -0.867726
v 0.054197 4.202986 -0.550283
v 0.000000 4.221495 -0.418031
v 0.000000 4.267766 0.000001
v 0.081552 4.221495 -0.409999
v 0.071767 4.162361 -0.873011
v -0.021263 4.163011 -0.880494
v -0.106313 4.027884 -1.357233
v -0.146441 4.068401 -1.219713
v -0.013029 4.068401 -1.230183
v -0.013909 3.932807 -1.623261
v -0.171478 3.934211 -1.612716
v -0.330323 3.932807 -1.589359
v -0.160510 4.108918 -1.084760
v -0.252773 4.068401 -1.204005
v -0.369053 4.027884 -1.310413
v -0.381582 4.068401 -1.167705
v -0.482809 3.934211 -1.548272
v -0.634048 3.932807 -1.494371
v -0.369053 4.108918 -1.032600
v -0.482809 4.068401 -1.131553
v -0.617613 4.027884 -1.213233
v -0.602059 4.068401 -1.070825
v -0.775587 3.934211 -1.424330
v -0.913402 3.932807 -1.341964
v -0.563413 4.108918 -0.940760
v -0.694287 4.068401 -1.015620
v -0.842437 4.027884 -1.069433
v -0.799400 4.068401 -0.932795
v -1.038557 3.934211 -1.245656
v -1.157657 3.932807 -1.137986
v -0.736123 4.108918 -0.812770
v -0.879087 4.068401 -0.860661
v -1.034887 4.027884 -0.884536
v -0.966019 4.068401 -0.758920
v -1.261617 3.934211 -1.019111
v -1.357419 3.932807 -0.890272
v -0.880540 4.108918 -0.653543
v -1.030098 4.068401 -0.672621
v -1.187560 4.027884 -0.665643
v -1.095509 4.068401 -0.555875
v -1.436189 3.934211 -0.753400
v -1.505016 3.932807 -0.608347
v -0.991117 4.108918 -0.469200
v -1.141525 4.068401 -0.458734
v -1.294603 4.027884 -0.421169
v -1.182909 4.068401 -0.331468
v -1.555575 3.934211 -0.458734
v -1.594786 3.932807 -0.303039
v -1.063613 4.108918 -0.266823
v -1.209090 4.068401 -0.227215
v -1.351897 4.027884 -0.160509
v -1.224847 4.068401 -0.094324
v -1.615183 3.934211 -0.146440
v -1.623261 3.932807 0.013910
v -1.095230 4.108918 -0.054196
v -1.230183 4.068401 0.013030
v -1.357233 4.027884 0.106314
v -1.219713 4.068401 0.146442
v -1.612716 3.934211 0.171478
v -1.589359 3.932807 0.330325
v -1.084760 4.108918 0.160514
v -1.204006 4.068401 0.252778
v -1.310413 4.027884 0.369057
v -1.167706 4.068401 0.381587
v -1.548272 3.934211 0.482811
v -1.494371 3.932807 0.634049
v -1.032600 4.108918 0.369057
v -1.131553 4.068401 0.482811
v -1.213233 4.027884 0.617614
v -1.070826 4.068401 0.602060
v -1.424330 3.934211 0.775588
v -1.341964 3.932807 0.913403
v -0.940760 4.108918 0.563414
v -1.015620 4.068401 0.694288
v -1.069430 4.027884 0.842438
v -0.932792 4.068401 0.799401
v -1.245653 3.934211 1.038558
v -1.137979 3.932807 1.157658
v -0.812767 4.108918 0.736124
v -0.860658 4.068401 0.879088
v -0.884533 4.027884 1.034888
v -0.758919 4.068401 0.966020
v -1.019107 3.934211 1.261618
v -0.890271 3.932807 1.357421
v -0.653543 4.108918 0.880541
v -0.672621 4.068401 1.030099
v -0.665640 4.027884 1.187561
v -0.555872 4.068401 1.095510
v -0.753396 3.934211 1.436190
v -0.608340 3.932807 1.505017
v -0.469197 4.108918 0.991118
v -0.458731 4.068401 1.141526
v -0.421167 4.027884 1.294604
v -0.331467 4.068401 1.182910
v -0.458731 3.934211 1.555576
v -0.303039 3.932807 1.594787
v -0.266823 4.108918 1.063614
v -0.227216 4.068401 1.209091
v -0.160510 4.027884 1.351898
v -0.094324 4.068401 1.224848
v -0.146441 3.934211 1.615184
v 0.013909 3.932807 1.623262
v -0.054197 4.108918 1.095231
v 0.013029 4.068401 1.230184
v 0.106313 4.027884 1.357231
v 0.146442 4.068401 1.219710
v 0.171478 3.934211 1.612713
v 0.330324 3.932807 1.589353
v 0.160513 4.108918 1.084758
v 0.252778 4.068401 1.204003
v 0.369057 4.027884 1.310411
v 0.381586 4.068401 1.167706
v 0.482810 3.934211 1.548270
v 0.634049 3.932807 1.494372
v 0.369057 4.108918 1.032601
v 0.482810 4.068401 1.131554
v 0.617613 4.027884 1.213234
v 0.602059 4.068401 1.070827
v 0.775587 3.934211 1.424331
v 0.913402 3.932807 1.341965
v 0.563413 4.108918 0.940761
v 0.694287 4.068401 1.015621
v 0.842437 4.027884 1.069431
v 0.799400 4.068401 0.932793
v 1.038557 3.934211 1.245654
v 1.157657 3.932807 1.137980
v 0.736123 4.108918 0.812768
v 0.879087 4.068401 0.860658
v 1.034887 4.027884 0.884534
v 0.966019 4.068401 0.758920
v 1.261618 3.934211 1.019108
v 1.357420 3.932807 0.890272
v 0.880540 4.108918 0.653544
v 1.030098 4.068401 0.672622
v 1.187560 4.027884 0.665641
v 1.095509 4.068401 0.555872
v 1.436189 3.934211 0.753396
v 1.505016 3.932807 0.608341
v 0.991117 4.108918 0.469197
v 1.141525 4.068401 0.458732
v 1.294603 4.027884 0.421167
v 1.182909 4.068401 0.331468
v 1.555575 3.934211 0.458732
v 1.594786 3.932807 0.303040
v 1.063613 4.108918 0.266824
v 1.209090 4.068401 0.227217
v 1.351897 4.027884 0.160511
v 1.224847 4.068401 0.094325
v 1.615183 3.934211 0.146442
v 1.623261 3.932807 -0.013909
v 1.095230 4.108918 0.054197
v 1.230183 4.068401 -0.013029
v 1.357230 4.027884 -0.106313
v 1.219709 4.068401 -0.146441
v 1.612712 3.934211 -0.171477
v 1.589352 3.932807 -0.330323
v 1.084757 4.108918 -0.160513
v 1.204002 4.068401 -0.252777
v 1.310410 4.027884 -0.369056
v 1.167705 4.068401 -0.381585
v 1.548268 3.934211 -0.482810
v 1.494371 3.932807 -0.634048
v 1.032600 4.108918 -0.369056
v 1.131553 4.068401 -0.482810
v 1.213233 4.027884 -0.617613
v 1.070826 4.068401 -0.602059
v 1.424330 3.934211 -0.775586
v 1.341964 3.932807 -0.913402
v 0.940760 4.108918 -0.563413
v 1.015620 4.068401 -0.694287
v 1.069430 4.027884 -0.842436
v 0.932792 4.068401 -0.799400
v 1.245653 3.934211 -1.038557
v 1.137979 3.932807 -1.157657
v 0.812767 4.108918 -0.736123
v 0.860657 4.068401 -0.879087
v 0.884530 4.027884 -1.034886
v 0.758915 4.068401 -0.966020
v 1.019102 3.934211 -1.261617
v 0.890264 3.932807 -1.357420
v 0.653540 4.108918 -0.880543
v 0.672617 4.068401 -1.030101
v 0.665637 4.027884 -1.187563
v 0.555871 4.068401 -1.095513
v 0.753391 3.934211 -1.436190
v 0.608339 3.932807 -1.505017
v 0.469197 4.108918 -0.991120
v 0.458731 4.068401 -1.141526
v 0.421167 4.027884 -1.294603
v 0.331467 4.068401 -1.182909
v 0.458731 3.934211 -1.555575
v 0.303039 3.932807 -1.594786
v 0.266823 4.108918 -1.063613
v 0.227216 4.068401 -1.209090
v 0.160510 4.027884 -1.351896
v 0.094324 4.068401 -1.224846
v 0.146441 3.934211 -1.615182
v -0.013909 3.932807 -1.623261
v 0.054197 4.108918 -1.095230
v -0.013029 4.068401 -1.230183
v -0.154343 3.683665 -2.112023
v -0.219508 3.749461 -1.982509
v -0.012008 3.749461 -1.997712
v -0.012518 3.539433 -2.356610
v -0.242040 3.540696 -2.341978
v -0.472028 3.539433 -2.308882
v -0.260657 3.815258 -1.855360
v -0.401510 3.749461 -1.956982
v -0.563413 3.683665 -2.041330
v -0.602059 3.749461 -1.901592
v -0.694287 3.540696 -2.249756
v -0.913402 3.539433 -2.172430
v -0.617613 3.815258 -1.768857
v -0.775587 3.749461 -1.841046
v -0.950833 3.683665 -1.892187
v -0.961474 3.749461 -1.747593
v -1.119853 3.540696 -2.071078
v -1.319670 3.539433 -1.952490
v -0.950833 3.815258 -1.614377
v -1.119853 3.749461 -1.654362
v -1.301710 3.683665 -1.670333
v -1.283938 3.749461 -1.526444
v -1.502383 3.540696 -1.812812
v -1.675225 3.539433 -1.657523
v -1.247513 3.815258 -1.397863
v -1.421087 3.749461 -1.404106
v -1.602564 3.683665 -1.384290
v -1.557061 3.749461 -1.246632
v -1.827175 3.540696 -1.484881
v -1.966399 3.539433 -1.298853
v -1.496250 3.815258 -1.127626
v -1.667705 3.749461 -1.099886
v -1.841830 3.683665 -1.045046
v -1.770347 3.749461 -0.918911
v -2.081751 3.540696 -1.099885
v -2.182010 3.539433 -0.890272
v -1.687487 3.815258 -0.814056
v -1.850236 3.749461 -0.753400
v -2.010317 3.683664 -0.665643
v -1.915598 3.749461 -0.555875
v -2.256327 3.540696 -0.672621
v -2.313766 3.539433 -0.447474
v -1.813877 3.815258 -0.469200
v -1.961668 3.749461 -0.377956
v -2.101553 3.683664 -0.260656
v -1.987242 3.749461 -0.171477
v -2.344198 3.540696 -0.219507
v -2.356610 3.539433 0.012519
v -1.870564 3.815258 -0.106313
v -1.997712 3.749461 0.012008
v -2.112023 3.683664 0.154344
v -1.982509 3.749461 0.219508
v -2.341977 3.540696 0.242041
v -2.308882 3.539433 0.472029
v -1.855360 3.815258 0.260657
v -1.956982 3.749461 0.401511
v -2.041330 3.683664 0.563414
v -1.901592 3.749461 0.602060
v -2.249756 3.540696 0.694288
v -2.172430 3.539432 0.913403
v -1.768857 3.815258 0.617614
v -1.841046 3.749461 0.775587
v -1.892187 3.683664 0.950834
v -1.747593 3.749461 0.961475
v -2.071077 3.540696 1.119854
v -1.952490 3.539432 1.319671
v -1.614377 3.815258 0.950834
v -1.654363 3.749461 1.119854
v -1.670334 3.683664 1.301711
v -1.526443 3.749461 1.283939
v -1.812812 3.540696 1.502384
v -1.657522 3.539432 1.675227
v -1.397860 3.815258 1.247514
v -1.404102 3.749461 1.421088
v -1.384287 3.683664 1.602565
v -1.246628 3.749461 1.557062
v -1.484880 3.540696 1.827176
v -1.298853 3.539432 1.966401
v -1.127623 3.815258 1.496251
v -1.099885 3.749461 1.667706
v -1.045047 3.683664 1.841831
v -0.918910 3.749461 1.770348
v -1.099885 3.540696 2.081752
v -0.890271 3.539432 2.182011
v -0.814053 3.815258 1.687488
v -0.753396 3.749461 1.850237
v -0.665640 3.683664 2.010318
v -0.555872 3.749461 1.915599
v -0.672620 3.540695 2.256329
v -0.447473 3.539432 2.313768
v -0.469197 3.815258 1.813878
v -0.377956 3.749461 1.961669
v -0.260657 3.683664 2.101555
v -0.171478 3.749461 1.987243
v -0.219508 3.540695 2.344199
v 0.012518 3.539432 2.356611
v -0.106313 3.815258 1.870565
v 0.012008 3.749461 1.997713
v 0.154343 3.683664 2.112025
v 0.219508 3.749461 1.982509
v 0.242040 3.540695 2.341979
v 0.472029 3.539432 2.308883
v 0.260657 3.815258 1.855358
v 0.401510 3.749461 1.956980
v 0.563413 3.683664 2.041328
v 0.602059 3.749461 1.901589
v 0.694287 3.540695 2.249756
v 0.913402 3.539432 2.172431
v 0.617613 3.815258 1.768854
v 0.775587 3.749461 1.841046
v 0.950833 3.683664 1.892188
v 0.961474 3.749461 1.747594
v 1.119853 3.540696 2.071079
v 1.319670 3.539432 1.952491
v 0.950833 3.815258 1.614378
v 1.119853 3.749461 1.654364
v 1.301710 3.683664 1.670335
v 1.283938 3.749461 1.526445
v 1.502383 3.540696 1.812813
v 1.675226 3.539432 1.657523
v 1.247513 3.815258 1.397861
v 1.421088 3.749461 1.404103
v 1.602567 3.683664 1.384288
v 1.557065 3.749461 1.246629
v 1.827179 3.540696 1.484881
v 1.966407 3.539432 1.298853
v 1.496253 3.815258 1.127624
v 1.667709 3.749461 1.099885
v 1.841833 3.683664 1.045044
v 1.770348 3.749461 0.918907
v 2.081755 3.540696 1.099882
v 2.182011 3.539432 0.890265
v 1.687487 3.815258 0.814051
v 1.850236 3.749461 0.753392
v 2.010317 3.683664 0.665637
v 1.915598 3.749461 0.555872
v 2.256327 3.540696 0.672617
v 2.313766 3.539433 0.447473
v 1.813877 3.815258 0.469197
v 1.961668 3.749461 0.377957
v 2.101553 3.683664 0.260657
v 1.987242 3.749461 0.171478
v 2.344198 3.540696 0.219508
v 2.356610 3.539433 -0.012517
v 1.870564 3.815258 0.106314
v 1.997712 3.749461 -0.012007
v 2.112023 3.683664 -0.154343
v 1.982508 3.749461 -0.219507
v 2.341977 3.540696 -0.242040
v 2.308882 3.539433 -0.472028
v 1.855357 3.815258 -0.260656
v 1.956978 3.749461 -0.401510
v 2.041327 3.683664 -0.563413
v 1.901588 3.749461 -0.602059
v 2.249755 3.540696 -0.694287
v 2.172429 3.539433 -0.913402
v 1.768853 3.815258 -0.617613
v 1.841045 3.749461 -0.775586
v 1.892187 3.683665 -0.950833
v 1.747593 3.749461 -0.961474
v 2.071077 3.540696 -1.119853
v 1.952489 3.539433 -1.319670
v 1.614377 3.815258 -0.950833
v 1.654363 3.749461 -1.119853
v 1.670334 3.683665 -1.301710
v 1.526443 3.749461 -1.283938
v 1.812811 3.540696 -1.502382
v 1.657521 3.539433 -1.675226
v 1.397860 3.815258 -1.247513
v 1.404102 3.749461 -1.421087
v 1.384287 3.683665 -1.602567
v 1.246627 3.749461 -1.557065
v 1.484879 3.540696 -1.827180
v 1.298851 3.539433 -1.966407
v 1.127620 3.815258 -1.496253
v 1.099880 3.749461 -1.667709
v 1.045040 3.683665 -1.841833
v 0.918902 3.749461 -1.770348
v 1.099880 3.540696 -2.081756
v 0.890263 3.539433 -2.182011
v 0.814047 3.815258 -1.687487
v 0.753391 3.749461 -1.850236
v 0.665637 3.683665 -2.010317
v 0.555871 3.749461 -1.915598
v 0.672616 3.540696 -2.256328
v 0.447473 3.539433 -2.313767
v 0.469197 3.815258 -1.813877
v 0.377956 3.749461 -1.961668
v 0.260657 3.683665 -2.101553
v 0.171478 3.749461 -1.987242
v 0.219508 3.540696 -2.344198
v -0.012518 3.539433 -2.356610
v 0.106313 3.815258 -1.870564
v -0.012008 3.749461 -1.997712
v -0.196443 3.197885 -2.785651
v -0.284140 3.286432 -2.669117
v -0.010525 3.286432 -2.688467
v -0.010646 3.010042 -2.999395
v -0.303302 3.011117 -2.981241
v -0.595596 3.010042 -2.939681
v -0.350787 3.374978 -2.554657
v -0.534817 3.286432 -2.634751
v -0.736120 3.197885 -2.693797
v -0.799396 3.286432 -2.562395
v -0.879083 3.011117 -2.864783
v -1.157650 3.010042 -2.767001
v -0.842433 3.374978 -2.437134
v -1.038553 3.286432 -2.479788
v -1.247510 3.197885 -2.498427
v -1.283938 3.286432 -2.357205
v -1.421083 3.011117 -2.638237
v -1.675225 3.010042 -2.487988
v -1.301710 3.374978 -2.225954
v -1.502383 3.286432 -2.229527
v -1.710960 3.197885 -2.207043
v -1.719135 3.286431 -2.061430
v -1.908474 3.011117 -2.310305
v -2.128419 3.010042 -2.113364
v -1.710960 3.374978 -1.929233
v -1.908474 3.286431 -1.893590
v -2.108657 3.197885 -1.830847
v -2.088266 3.286431 -1.686435
v -2.322521 3.011117 -1.893590
v -2.499816 3.010042 -1.657522
v -2.054457 3.374978 -1.558373
v -2.241221 3.286431 -1.484880
v -2.425317 3.197885 -1.384287
v -2.377145 3.286431 -1.246627
v -2.647313 3.011117 -1.404102
v -2.775149 3.010042 -1.137979
v -2.319003 3.374978 -1.127623
v -2.487843 3.286431 -1.019107
v -2.648777 3.197885 -0.884533
v -2.574675 3.286431 -0.758919
v -2.870373 3.011117 -0.860657
v -2.943834 3.010042 -0.574714
v -2.494433 3.374978 -0.653543
v -2.638858 3.286431 -0.514172
v -2.770447 3.197884 -0.350786
v -2.673263 3.286431 -0.242040
v -2.983128 3.011117 -0.284140
v -2.999395 3.010042 0.010646
v -2.574007 3.374978 -0.154343
v -2.688467 3.286431 0.010526
v -2.785650 3.197884 0.196444
v -2.669117 3.286431 0.284141
v -2.981241 3.011117 0.303303
v -2.939681 3.010042 0.595597
v -2.554657 3.374978 0.350787
v -2.634751 3.286431 0.534818
v -2.693797 3.197884 0.736124
v -2.562395 3.286431 0.799401
v -2.864782 3.011117 0.879088
v -2.767001 3.010042 1.157658
v -2.437134 3.374978 0.842437
v -2.479788 3.286431 1.038558
v -2.498427 3.197884 1.247514
v -2.357205 3.286431 1.283939
v -2.638237 3.011117 1.421088
v -2.487987 3.010042 1.675227
v -2.225953 3.374978 1.301711
v -2.229527 3.286431 1.502384
v -2.207043 3.197884 1.710961
v -2.061429 3.286431 1.719136
v -2.310305 3.011117 1.908475
v -2.113364 3.010042 2.128420
v -1.929233 3.374978 1.710961
v -1.893590 3.286431 1.908475
v -1.830847 3.197884 2.108658
v -1.686435 3.286431 2.088267
v -1.893590 3.011116 2.322522
v -1.657522 3.010041 2.499818
v -1.558373 3.374978 2.054458
v -1.484880 3.286431 2.241222
v -1.384287 3.197884 2.425318
v -1.246628 3.286431 2.377146
v -1.404102 3.011116 2.647315
v -1.137979 3.010041 2.775150
v -1.127623 3.374977 2.319005
v -1.019106 3.286431 2.487844
v -0.884530 3.197884 2.648778
v -0.758915 3.286431 2.574677
v -0.860653 3.011116 2.870374
v -0.574707 3.010041 2.943836
v -0.653540 3.374977 2.494435
v -0.514168 3.286431 2.638859
v -0.350783 3.197884 2.770448
v -0.242039 3.286431 2.673265
v -0.284136 3.011116 2.983129
v 0.010646 3.010041 2.999396
v -0.154343 3.374977 2.574008
v 0.010525 3.286431 2.688468
v 0.196443 3.197884 2.785652
v 0.284140 3.286431 2.669118
v 0.303303 3.011116 2.981242
v 0.595597 3.010041 2.939682
v 0.350787 3.374977 2.554658
v 0.534818 3.286431 2.634752
v 0.736123 3.197884 2.693798
v 0.799400 3.286431 2.562396
v 0.879087 3.011116 2.864784
v 1.157657 3.010041 2.767002
v 0.842437 3.374977 2.437135
v 1.038557 3.286431 2.479789
v 1.247513 3.197884 2.498428
v 1.283938 3.286431 2.357206
v 1.421088 3.011116 2.638238
v 1.675226 3.010041 2.487988
v 1.301710 3.374977 2.225955
v 1.502383 3.286431 2.229528
v 1.710960 3.197884 2.207044
v 1.719135 3.286431 2.061430
v 1.908475 3.011116 2.310306
v 2.128420 3.010042 2.113365
v 1.710960 3.374978 1.929235
v 1.908474 3.286431 1.893591
v 2.108657 3.197884 1.830848
v 2.088267 3.286431 1.686436
v 2.322521 3.011117 1.893591
v 2.499817 3.010042 1.657523
v 2.054460 3.374978 1.558375
v 2.241225 3.286431 1.484881
v 2.425320 3.197884 1.384288
v 2.377149 3.286431 1.246628
v 2.647314 3.011117 1.404102
v 2.775149 3.010042 1.137979
v 2.319007 3.374978 1.127621
v 2.487844 3.286431 1.019102
v 2.648777 3.197884 0.884528
v 2.574675 3.286431 0.758912
v 2.870373 3.011117 0.860653
v 2.943834 3.010042 0.574706
v 2.494433 3.374978 0.653537
v 2.638858 3.286431 0.514168
v 2.770447 3.197884 0.350784
v 2.673263 3.286431 0.242040
v 2.983128 3.011117 0.284136
v 2.999395 3.010042 -0.010646
v 2.574007 3.374978 0.154344
v 2.688467 3.286431 -0.010524
v 2.785650 3.197884 -0.196443
v 2.669117 3.286431 -0.284140
v 2.981241 3.011117 -0.303302
v 2.939681 3.010042 -0.595596
v 2.554657 3.374978 -0.350786
v 2.634751 3.286431 -0.534817
v 2.693797 3.197885 -0.736123
v 2.562395 3.286431 -0.799400
v 2.864782 3.011117 -0.879087
v 2.767000 3.010042 -1.157657
v 2.437134 3.374978 -0.842436
v 2.479788 3.286431 -1.038557
v 2.498427 3.197885 -1.247513
v 2.357205 3.286431 -1.283938
v 2.638236 3.011117 -1.421087
v 2.487986 3.010042 -1.675226
v 2.225953 3.374978 -1.301710
v 2.229526 3.286431 -1.502383
v 2.207040 3.197885 -1.710960
v 2.061425 3.286431 -1.719135
v 2.310301 3.011117 -1.908475
v 2.113356 3.010042 -2.128420
v 1.929230 3.374978 -1.710960
v 1.893585 3.286431 -1.908475
v 1.830840 3.197885 -2.108660
v 1.686430 3.286431 -2.088271
v 1.893582 3.011117 -2.322525
v 1.657514 3.010042 -2.499825
v 1.558370 3.374978 -2.054464
v 1.484876 3.286432 -2.241230
v 1.384283 3.197885 -2.425327
v 1.246626 3.286432 -2.377155
v 1.404097 3.011117 -2.647323
v 1.137977 3.010042 -2.775157
v 1.127620 3.374978 -2.319010
v 1.019102 3.286432 -2.487848
v 0.884527 3.197885 -2.648780
v 0.758911 3.286432 -2.574676
v 0.860653 3.011117 -2.870377
v 0.574706 3.010042 -2.943835
v 0.653537 3.374978 -2.494434
v 0.514168 3.286432 -2.638858
v 0.350783 3.197885 -2.770447
v 0.242039 3.286432 -2.673264
v 0.284136 3.011117 -2.983128
v -0.010646 3.010042 -2.999395
v 0.154343 3.374978 -2.574007
v -0.010525 3.286432 -2.688467
v -0.230990 2.589211 -3.352228
v -0.337848 2.697106 -3.253155
v -0.008637 2.697106 -3.275906
v -0.008364 2.364976 -3.526914
v -0.352903 2.365820 -3.505938
v -0.696267 2.364976 -3.457514
v -0.427433 2.805001 -3.155784
v -0.647568 2.697106 -3.211273
v -0.880540 2.589211 -3.242747
v -0.966018 2.697106 -3.124730
v -1.030098 2.365820 -3.369721
v -1.357419 2.364976 -3.255239
v -1.034883 2.805001 -3.011754
v -1.261613 2.697106 -3.023232
v -1.496247 2.589211 -3.008654
v -1.557057 2.697106 -2.876231
v -1.667704 2.365820 -3.104011
v -1.966399 2.364976 -2.927875
v -1.602560 2.805001 -2.751991
v -1.827174 2.697106 -2.719016
v -2.054457 2.589211 -2.658940
v -2.088266 2.697106 -2.517197
v -2.241221 2.365820 -2.719016
v -2.499816 2.364976 -2.487988
v -2.108657 2.805001 -2.386467
v -2.322521 2.697106 -2.310305
v -2.533717 2.589211 -2.207044
v -2.539223 2.697106 -2.061430
v -2.728613 2.365820 -2.229527
v -2.937169 2.364976 -1.952490
v -2.533717 2.805001 -1.929233
v -2.728613 2.697106 -1.812812
v -2.915603 2.589211 -1.670334
v -2.892594 2.697106 -1.526443
v -3.111142 2.365820 -1.654363
v -3.261640 2.364976 -1.341964
v -2.861403 2.805001 -1.397860
v -3.029843 2.697106 -1.245652
v -3.185447 2.589211 -1.069430
v -3.134810 2.697106 -0.932792
v -3.374113 2.365820 -1.015620
v -3.460777 2.364975 -0.679860
v -3.079133 2.805001 -0.812766
v -3.214642 2.697106 -0.630625
v -3.332877 2.589211 -0.427433
v -3.256555 2.697106 -0.303301
v -3.507420 2.365820 -0.337848
v -3.526913 2.364975 0.008365
v -3.178534 2.805001 -0.196443
v -3.275905 2.697106 0.008638
v -3.352227 2.589211 0.230994
v -3.253155 2.697106 0.337853
v -3.505938 2.365820 0.352908
v -3.457514 2.364975 0.696275
v -3.155783 2.805001 0.427437
v -3.211272 2.697106 0.647573
v -3.242747 2.589211 0.880544
v -3.124730 2.697106 0.966021
v -3.369721 2.365820 1.030103
v -3.255238 2.364975 1.357422
v -3.011754 2.805001 1.034888
v -3.023232 2.697106 1.261618
v -3.008653 2.589211 1.496254
v -2.876231 2.697106 1.557066
v -3.104010 2.365820 1.667710
v -2.927874 2.364975 1.966408
v -2.751990 2.805001 1.602568
v -2.719015 2.697106 1.827180
v -2.658940 2.589211 2.054461
v -2.517197 2.697106 2.088268
v -2.719015 2.365819 2.241226
v -2.487987 2.364975 2.499818
v -2.386467 2.805001 2.108658
v -2.310305 2.697105 2.322522
v -2.207043 2.589211 2.533718
v -2.061429 2.697105 2.539225
v -2.229527 2.365819 2.728615
v -1.952490 2.364975 2.937171
v -1.929233 2.805001 2.533718
v -1.812812 2.697105 2.728615
v -1.670334 2.589211 2.915608
v -1.526443 2.697105 2.892600
v -1.654363 2.365819 3.111147
v -1.341964 2.364975 3.261648
v -1.397860 2.805001 2.861408
v -1.245653 2.697105 3.029848
v -1.069430 2.589211 3.185451
v -0.932791 2.697105 3.134812
v -1.015620 2.365819 3.374118
v -0.679859 2.364975 3.460779
v -0.812763 2.805001 3.079135
v -0.630621 2.697105 3.214644
v -0.427430 2.589211 3.332878
v -0.303297 2.697105 3.256557
v -0.337848 2.365819 3.507421
v 0.008365 2.364975 3.526915
v -0.196440 2.805001 3.178535
v 0.008638 2.697105 3.275906
v 0.230993 2.589211 3.352229
v 0.337853 2.697105 3.253156
v 0.352908 2.365819 3.505939
v 0.696275 2.364975 3.457515
v 0.427437 2.805001 3.155785
v 0.647573 2.697105 3.211274
v 0.880543 2.589211 3.242748
v 0.966020 2.697105 3.124731
v 1.030102 2.365819 3.369722
v 1.357421 2.364975 3.255239
v 1.034887 2.805001 3.011755
v 1.261618 2.697105 3.023233
v 1.496253 2.589211 3.008655
v 1.557065 2.697105 2.876232
v 1.667710 2.365819 3.104012
v 1.966408 2.364975 2.927876
v 1.602567 2.805001 2.751992
v 1.827180 2.697105 2.719017
v 2.054463 2.589211 2.658941
v 2.088271 2.697105 2.517198
v 2.241230 2.365819 2.719017
v 2.499825 2.364975 2.487988
v 2.108660 2.805001 2.386468
v 2.322525 2.697105 2.310306
v 2.533720 2.589211 2.207045
v 2.539224 2.697106 2.061430
v 2.728617 2.365819 2.229528
v 2.937170 2.364975 1.952490
v 2.533717 2.805001 1.929234
v 2.728613 2.697106 1.812812
v 2.915607 2.589211 1.670331
v 2.892598 2.697106 1.526440
v 3.111146 2.365820 1.654359
v 3.261647 2.364975 1.341957
v 2.861407 2.805001 1.397858
v 3.029847 2.697106 1.245649
v 3.185450 2.589211 1.069427
v 3.134811 2.697106 0.932791
v 3.374117 2.365820 1.015617
v 3.460777 2.364975 0.679859
v 3.079133 2.805001 0.812764
v 3.214642 2.697106 0.630621
v 3.332877 2.589211 0.427427
v 3.256555 2.697106 0.303294
v 3.507420 2.365820 0.337843
v 3.526913 2.364975 -0.008373
v 3.178534 2.805001 0.196437
v 3.275905 2.697106 -0.008642
v 3.352227 2.589211 -0.230996
v 3.253155 2.697106 -0.337853
v 3.505938 2.365820 -0.352912
v 3.457514 2.364975 -0.696275
v 3.155783 2.805001 -0.427436
v 3.211272 2.697106 -0.647572
v 3.242747 2.589211 -0.880543
v 3.124730 2.697106 -0.966020
v 3.369721 2.365820 -1.030102
v 3.255238 2.364976 -1.357422
v 3.011754 2.805001 -1.034887
v 3.023231 2.697106 -1.261617
v 3.008650 2.589211 -1.496253
v 2.876227 2.697106 -1.557065
v 3.104006 2.365820 -1.667710
v 2.927867 2.364976 -1.966408
v 2.751987 2.805001 -1.602567
v 2.719011 2.697106 -1.827180
v 2.658937 2.589211 -2.054464
v 2.517195 2.697106 -2.088271
v 2.719011 2.365820 -2.241230
v 2.487986 2.364976 -2.499825
v 2.386464 2.805001 -2.108660
v 2.310301 2.697106 -2.322526
v 2.207040 2.589211 -2.533720
v 2.061424 2.697106 -2.539225
v 2.229525 2.365820 -2.728618
v 1.952488 2.364976 -2.937171
v 1.929227 2.805001 -2.533720
v 1.812806 2.697106 -2.728618
v 1.670327 2.589211 -2.915611
v 1.526435 2.697106 -2.892604
v 1.654358 2.365820 -3.111148
v 1.341956 2.364976 -3.261649
v 1.397853 2.805001 -2.861414
v 1.245648 2.697106 -3.029852
v 1.069427 2.589211 -3.185454
v 0.932790 2.697106 -3.134815
v 1.015615 2.365820 -3.374118
v 0.679858 2.364976 -3.460779
v 0.812763 2.805001 -3.079137
v 0.630621 2.697106 -3.214644
v 0.427430 2.589211 -3.332877
v 0.303297 2.697106 -3.256556
v 0.337848 2.365820 -3.507421
v -0.008364 2.364976 -3.526914
v 0.196440 2.805001 -3.178534
v -0.008637 2.697106 -3.275906
v -0.256663 1.881034 -3.789978
v -0.378577 2.004131 -3.712173
v -0.006418 2.004131 -3.737453
v -0.005762 1.629024 -3.918897
v -0.388948 1.629605 -3.895902
v -0.770187 1.629024 -3.842472
v -0.487653 2.127228 -3.635634
v -0.735433 2.004131 -3.664387
v -0.991117 1.881034 -3.667081
v -1.095509 2.004131 -3.566988
v -1.141524 1.629605 -3.745162
v -1.505016 1.629024 -3.618382
v -1.187560 2.127228 -3.470638
v -1.436189 2.004131 -3.450497
v -1.687487 1.881034 -3.403258
v -1.770347 2.004131 -3.284722
v -1.850236 1.629605 -3.450497
v -2.182010 1.629024 -3.255239
v -1.841830 2.127228 -3.172267
v -2.081751 2.004131 -3.104011
v -2.319003 1.881034 -3.008654
v -2.377145 2.004131 -2.876232
v -2.487843 1.629605 -3.023232
v -2.775149 1.629024 -2.767001
v -2.425317 2.127228 -2.751991
v -2.647313 2.004131 -2.638237
v -2.861403 1.881034 -2.498427
v -2.892594 2.004131 -2.357205
v -3.029843 1.629605 -2.479788
v -3.261640 1.629023 -2.172430
v -2.915603 2.127228 -2.225954
v -3.111142 2.004131 -2.071078
v -3.293844 1.881034 -1.892187
v -3.296884 2.004131 -1.747594
v -3.455409 1.629605 -1.841045
v -3.622790 1.629023 -1.494371
v -3.293844 2.127228 -1.614377
v -3.455409 2.004131 -1.424330
v -3.599700 1.881034 -1.213233
v -3.574474 2.004131 -1.070826
v -3.748185 1.629605 -1.131554
v -3.844718 1.629023 -0.758886
v -3.545503 2.127228 -0.940760
v -3.666890 2.004131 -0.722843
v -3.767226 1.881034 -0.487653
v -3.714703 2.004131 -0.352903
v -3.896922 1.629605 -0.378577
v -3.918896 1.629023 0.005762
v -3.660913 2.127227 -0.230990
v -3.737452 2.004131 0.006419
v -3.789977 1.881034 0.256664
v -3.712172 2.004131 0.378578
v -3.895901 1.629605 0.388948
v -3.842470 1.629023 0.770189
v -3.635633 2.127227 0.487657
v -3.664386 2.004130 0.735438
v -3.667080 1.881034 0.991124
v -3.566987 2.004130 1.095518
v -3.745161 1.629604 1.141531
v -3.618381 1.629023 1.505025
v -3.470637 2.127227 1.187567
v -3.450496 2.004130 1.436195
v -3.403257 1.881034 1.687491
v -3.284721 2.004130 1.770349
v -3.450496 1.629604 1.850241
v -3.255238 1.629023 2.182012
v -3.172267 2.127227 1.841834
v -3.104010 2.004130 2.081756
v -3.008653 1.881034 2.319008
v -2.876231 2.004130 2.377150
v -3.023232 1.629604 2.487844
v -2.767001 1.629023 2.775151
v -2.751990 2.127227 2.425321
v -2.638237 2.004130 2.647315
v -2.498427 1.881033 2.861408
v -2.357205 2.004130 2.892600
v -2.479788 1.629604 3.029848
v -2.172429 1.629023 3.261648
v -2.225953 2.127227 2.915608
v -2.071077 2.004130 3.111147
v -1.892187 1.881033 3.293848
v -1.747593 2.004130 3.296887
v -1.841045 1.629604 3.455414
v -1.494371 1.629022 3.622792
v -1.614377 2.127227 3.293848
v -1.424330 2.004130 3.455414
v -1.213233 1.881033 3.599705
v -1.070826 2.004130 3.574479
v -1.131553 1.629604 3.748187
v -0.758886 1.629022 3.844720
v -0.940760 2.127227 3.545508
v -0.722843 2.004130 3.666892
v -0.487653 1.881033 3.767228
v -0.352903 2.004130 3.714704
v -0.378577 1.629604 3.896924
v 0.005762 1.629022 3.918898
v -0.230990 2.127227 3.660915
v 0.006419 2.004130 3.737454
v 0.256667 1.881033 3.789978
v 0.378582 2.004130 3.712174
v 0.388952 1.629604 3.895902
v 0.770196 1.629022 3.842472
v 0.487660 2.127227 3.635635
v 0.735442 2.004130 3.664387
v 0.991127 1.881033 3.667081
v 1.095518 2.004130 3.566988
v 1.141534 1.629604 3.745162
v 1.505026 1.629022 3.618381
v 1.187567 2.127227 3.470638
v 1.436195 2.004130 3.450497
v 1.687494 1.881033 3.403258
v 1.770353 2.004130 3.284722
v 1.850245 1.629604 3.450496
v 2.182020 1.629023 3.255239
v 1.841837 2.127227 3.172268
v 2.081760 2.004130 3.104011
v 2.319014 1.881033 3.008654
v 2.377155 2.004130 2.876232
v 2.487853 1.629604 3.023233
v 2.775158 1.629023 2.767002
v 2.425327 2.127227 2.751991
v 2.647322 2.004130 2.638238
v 2.861413 1.881034 2.498428
v 2.892603 2.004130 2.357206
v 3.029852 1.629604 2.479789
v 3.261648 1.629023 2.172430
v 2.915610 2.127227 2.225954
v 3.111147 2.004130 2.071078
v 3.293847 1.881034 1.892188
v 3.296886 2.004130 1.747593
v 3.455412 1.629604 1.841046
v 3.622791 1.629023 1.494370
v 3.293847 2.127227 1.614374
v 3.455412 2.004130 1.424327
v 3.599703 1.881034 1.213231
v 3.574477 2.004130 1.070822
v 3.748186 1.629604 1.131552
v 3.844718 1.629023 0.758885
v 3.545506 2.127227 0.940757
v 3.666891 2.004131 0.722842
v 3.767226 1.881034 0.487650
v 3.714703 2.004131 0.352899
v 3.896922 1.629605 0.378572
v 3.918896 1.629023 -0.005770
v 3.660913 2.127227 0.230984
v 3.737452 2.004131 -0.006427
v 3.789977 1.881034 -0.256673
v 3.712172 2.004131 -0.378586
v 3.895901 1.629605 -0.388957
v 3.842470 1.629023 -0.770197
v 3.635633 2.127227 -0.487663
v 3.664386 2.004131 -0.735442
v 3.667080 1.881034 -0.991127
v 3.566987 2.004131 -1.095518
v 3.745161 1.629605 -1.141534
v 3.618380 1.629023 -1.505026
v 3.470637 2.127228 -1.187567
v 3.450496 2.004131 -1.436195
v 3.403257 1.881034 -1.687494
v 3.284720 2.004131 -1.770353
v 3.450495 1.629605 -1.850245
v 3.255237 1.629023 -2.182020
v 3.172263 2.127228 -1.841837
v 3.104006 2.004131 -2.081761
v 3.008650 1.881034 -2.319014
v 2.876227 2.004131 -2.377156
v 3.023231 1.629605 -2.487853
v 2.767000 1.629024 -2.775159
v 2.751987 2.127228 -2.425327
v 2.638235 2.004131 -2.647323
v 2.498423 1.881034 -2.861414
v 2.357201 2.004131 -2.892604
v 2.479784 1.629605 -3.029852
v 2.172422 1.629024 -3.261649
v 2.225950 2.127228 -2.915611
v 2.071073 2.004131 -3.111148
v 1.892183 1.881034 -3.293851
v 1.747592 2.004131 -3.296891
v 1.841041 1.629605 -3.455417
v 1.494369 1.629024 -3.622799
v 1.614373 2.127228 -3.293851
v 1.424325 2.004131 -3.455417
v 1.213227 1.881034 -3.599708
v 1.070818 2.004131 -3.574479
v 1.131548 1.629605 -3.748191
v 0.758878 1.629024 -3.844720
v 0.940753 2.127228 -3.545507
v 0.722838 2.004131 -3.666892
v 0.487650 1.881034 -3.767227
v 0.352903 2.004131 -3.714704
v 0.378572 1.629605 -3.896923
v -0.005762 1.629024 -3.918897
v 0.230990 2.127228 -3.660914
v -0.006418 2.004131 -3.737453
v -0.272473 1.100568 -4.082081
v -0.404757 1.234136 -4.028535
v -0.003953 1.234136 -4.055372
v -0.002938 0.830466 -4.160277
v -0.410044 0.830763 -4.136147
v -0.814511 0.830466 -4.079764
v -0.529137 1.367705 -3.975768
v -0.795039 1.234136 -3.976677
v -1.063610 1.100568 -3.950488
v -1.182905 1.234136 -3.872164
v -1.209086 0.830763 -3.976677
v -1.594779 0.830466 -3.842472
v -1.294600 1.367705 -3.796144
v -1.555571 1.234136 -3.745162
v -1.813873 1.100568 -3.667081
v -1.915598 1.234136 -3.566988
v -1.961663 0.830763 -3.664387
v -2.313766 0.830466 -3.457514
v -2.010317 1.367705 -3.470638
v -2.256327 1.234136 -3.369722
v -2.494433 1.100568 -3.242748
v -2.574675 1.234136 -3.124731
v -2.638858 0.830763 -3.211273
v -2.943835 0.830466 -2.939682
v -2.648777 1.367704 -3.011754
v -2.870373 1.234136 -2.864783
v -3.079133 1.100568 -2.693797
v -3.134810 1.234136 -2.562396
v -3.214642 0.830762 -2.634751
v -3.460777 0.830466 -2.308882
v -3.185447 1.367704 -2.437134
v -3.374113 1.234136 -2.249756
v -3.545503 1.100567 -2.041327
v -3.574474 1.234136 -1.901588
v -3.666890 0.830762 -1.956979
v -3.844718 0.830466 -1.589352
v -3.599700 1.367704 -1.768854
v -3.748185 1.234136 -1.548269
v -3.875620 1.100567 -1.310410
v -3.876772 1.234136 -1.167705
v -3.978217 0.830762 -1.204002
v -4.080909 0.830466 -0.808749
v -3.875620 1.367704 -1.032600
v -3.978217 1.234136 -0.787287
v -4.056800 1.100567 -0.529137
v -4.030091 1.234136 -0.388947
v -4.136667 0.830762 -0.404757
v -4.160276 0.830465 0.002937
v -4.002604 1.367704 -0.256663
v -4.055371 1.234135 0.003953
v -4.082080 1.100567 0.272474
v -4.028534 1.234135 0.404758
v -4.136146 0.830762 0.410044
v -4.079763 0.830465 0.814512
v -3.975767 1.367704 0.529137
v -3.976676 1.234135 0.795040
v -3.950487 1.100567 1.063614
v -3.872163 1.234135 1.182911
v -3.976676 0.830762 1.209091
v -3.842470 0.830465 1.594787
v -3.796143 1.367704 1.294607
v -3.745161 1.234135 1.555580
v -3.667080 1.100567 1.813881
v -3.566987 1.234135 1.915603
v -3.664386 0.830762 1.961669
v -3.457513 0.830465 2.313768
v -3.470637 1.367704 2.010321
v -3.369721 1.234135 2.256329
v -3.242747 1.100567 2.494434
v -3.124730 1.234135 2.574676
v -3.211272 0.830762 2.638859
v -2.939680 0.830465 2.943836
v -3.011754 1.367703 2.648778
v -2.864783 1.234135 2.870373
v -2.693797 1.100567 3.079134
v -2.562395 1.234135 3.134812
v -2.634750 0.830761 3.214643
v -2.308881 0.830465 3.460779
v -2.437134 1.367703 3.185451
v -2.249755 1.234135 3.374118
v -2.041327 1.100567 3.545508
v -1.901588 1.234135 3.574479
v -1.956978 0.830761 3.666892
v -1.589351 0.830465 3.844720
v -1.768853 1.367703 3.599705
v -1.548268 1.234135 3.748187
v -1.310410 1.100567 3.875621
v -1.167705 1.234135 3.876774
v -1.204002 0.830761 3.978219
v -0.808749 0.830465 4.080911
v -1.032600 1.367703 3.875622
v -0.787287 1.234135 3.978219
v -0.529137 1.100566 4.056801
v -0.388947 1.234135 4.030092
v -0.404757 0.830761 4.136668
v 0.002938 0.830465 4.160277
v -0.256663 1.367703 4.002605
v 0.003952 1.234135 4.055372
v 0.272473 1.100566 4.082081
v 0.404758 1.234135 4.028535
v 0.410045 0.830761 4.136147
v 0.814512 0.830465 4.079765
v 0.529140 1.367703 3.975768
v 0.795044 1.234135 3.976677
v 1.063617 1.100567 3.950488
v 1.182914 1.234135 3.872164
v 1.209091 0.830761 3.976677
v 1.594787 0.830465 3.842471
v 1.294610 1.367703 3.796145
v 1.555581 1.234135 3.745161
v 1.813883 1.100567 3.667078
v 1.915607 1.234135 3.566984
v 1.961673 0.830761 3.664383
v 2.313775 0.830465 3.457507
v 2.010327 1.367703 3.470635
v 2.256338 1.234135 3.369718
v 2.494444 1.100567 3.242745
v 2.574685 1.234135 3.124730
v 2.638867 0.830761 3.211269
v 2.943844 0.830465 2.939681
v 2.648787 1.367703 3.011755
v 2.870382 1.234135 2.864784
v 3.079140 1.100567 2.693798
v 3.134816 1.234135 2.562396
v 3.214648 0.830762 2.634751
v 3.460778 0.830465 2.308882
v 3.185453 1.367704 2.437135
v 3.374117 1.234135 2.249756
v 3.545507 1.100567 2.041327
v 3.574477 1.234135 1.901589
v 3.666891 0.830762 1.956978
v 3.844719 0.830465 1.589351
v 3.599703 1.367704 1.768854
v 3.748186 1.234135 1.548268
v 3.875620 1.100567 1.310407
v 3.876772 1.234135 1.167701
v 3.978217 0.830762 1.203998
v 4.080909 0.830465 0.808741
v 3.875620 1.367704 1.032597
v 3.978217 1.234135 0.787282
v 4.056800 1.100567 0.529130
v 4.030091 1.234135 0.388942
v 4.136667 0.830762 0.404749
v 4.160276 0.830465 -0.002946
v 4.002604 1.367704 0.256657
v 4.055371 1.234135 -0.003961
v 4.082080 1.100567 -0.272483
v 4.028534 1.234136 -0.404767
v 4.136146 0.830762 -0.410054
v 4.079763 0.830466 -0.814520
v 3.975767 1.367704 -0.529147
v 3.976676 1.234136 -0.795049
v 3.950487 1.100567 -1.063620
v 3.872163 1.234136 -1.182915
v 3.976676 0.830762 -1.209095
v 3.842469 0.830466 -1.594788
v 3.796143 1.367704 -1.294610
v 3.745160 1.234136 -1.555581
v 3.667077 1.100567 -1.813884
v 3.566983 1.234136 -1.915608
v 3.664381 0.830762 -1.961673
v 3.457506 0.830466 -2.313776
v 3.470634 1.367704 -2.010327
v 3.369717 1.234136 -2.256338
v 3.242744 1.100567 -2.494444
v 3.124729 1.234136 -2.574686
v 3.211267 0.830762 -2.638867
v 2.939679 0.830466 -2.943844
v 3.011754 1.367704 -2.648787
v 2.864783 1.234136 -2.870383
v 2.693797 1.100568 -3.079141
v 2.562394 1.234136 -3.134817
v 2.634750 0.830763 -3.214648
v 2.308881 0.830466 -3.460779
v 2.437130 1.367704 -3.185454
v 2.249751 1.234136 -3.374118
v 2.041323 1.100568 -3.545507
v 1.901584 1.234136 -3.574479
v 1.956977 0.830763 -3.666892
v 1.589350 0.830466 -3.844720
v 1.768850 1.367705 -3.599708
v 1.548267 1.234136 -3.748191
v 1.310407 1.100568 -3.875624
v 1.167700 1.234136 -3.876777
v 1.203997 0.830763 -3.978219
v 0.808741 0.830466 -4.080911
v 1.032593 1.367705 -3.875624
v 0.787278 1.234136 -3.978219
v 0.529130 1.100568 -4.056801
v 0.388943 1.234136 -4.030092
v 0.404752 0.830763 -4.136668
v -0.002938 0.830466 -4.160277
v 0.256660 1.367705 -4.002605
v -0.003953 1.234136 -4.055372
v -0.277810 0.277811 -4.217315
v -0.415381 0.416716 -4.190083
v -0.001335 0.416716 -4.217447
v -0.000001 0.000001 -4.241785
v -0.415381 0.000001 -4.217447
v -0.827529 0.000001 -4.160277
v -0.550283 0.555621 -4.163115
v -0.824091 0.416716 -4.136147
v -1.095230 0.277811 -4.082081
v -1.224846 0.416716 -4.028535
v -1.230183 0.000001 -4.055372
v -1.623261 0.000001 -3.918897
v -1.351893 0.555621 -3.975768
v -1.615178 0.416716 -3.895902
v -1.870560 0.277811 -3.789978
v -1.987238 0.416716 -3.712173
v -1.997711 0.000001 -3.737453
v -2.356609 0.000001 -3.526914
v -2.101550 0.555621 -3.635635
v -2.344197 0.416716 -3.505939
v -2.574007 0.277811 -3.352228
v -2.673263 0.416716 -3.253156
v -2.688467 0.000001 -3.275906
v -2.999395 0.000000 -2.999396
v -2.770447 0.555621 -3.155784
v -2.983127 0.416716 -2.981242
v -3.178533 0.277811 -2.785651
v -3.256555 0.416716 -2.669117
v -3.275905 0.000000 -2.688468
v -3.526913 0.000000 -2.356610
v -3.332877 0.555621 -2.554657
v -3.507420 0.416716 -2.341978
v -3.660913 0.277810 -2.112024
v -3.714703 0.416715 -1.982508
v -3.737452 0.000000 -1.997711
v -3.918896 0.000000 -1.623261
v -3.767227 0.555620 -1.855357
v -3.896922 0.416715 -1.612712
v -4.002603 0.277810 -1.357230
v -4.030091 0.416715 -1.219710
v -4.055371 0.000000 -1.230183
v -4.160276 0.000000 -0.827528
v -4.056800 0.555620 -1.084757
v -4.136667 0.416715 -0.821473
v -4.190477 0.277810 -0.550283
v -4.190609 0.416715 -0.410044
v -4.217445 0.000000 -0.415381
v -4.241783 -0.000000 0.000000
v -4.190477 0.555620 -0.272473
v -4.217445 0.416715 0.001334
v -4.217314 0.277810 0.277810
v -4.190082 0.416715 0.415381
v -4.217445 -0.000000 0.415381
v -4.160276 -0.000000 0.827529
v -4.163114 0.555620 0.550284
v -4.136146 0.416715 0.824091
v -4.082080 0.277810 1.095230
v -4.028534 0.416715 1.224847
v -4.055371 -0.000000 1.230184
v -3.918896 -0.000000 1.623262
v -3.975767 0.555620 1.351897
v -3.895901 0.416715 1.615183
v -3.789977 0.277810 1.870564
v -3.712172 0.416715 1.987242
v -3.737452 -0.000000 1.997712
v -3.526913 -0.000000 2.356611
v -3.635633 0.555620 2.101554
v -3.505937 0.416715 2.344198
v -3.352224 0.277810 2.574008
v -3.253151 0.416715 2.673264
v -3.275901 -0.000000 2.688468
v -2.999387 -0.000000 2.999396
v -3.155780 0.555620 2.770448
v -2.981236 0.416715 2.983128
v -2.785643 0.277810 3.178534
v -2.669112 0.416715 3.256556
v -2.688459 -0.000001 3.275906
v -2.356601 -0.000001 3.526914
v -2.554654 0.555620 3.332878
v -2.341972 0.416715 3.507421
v -2.112017 0.277810 3.660915
v -1.982503 0.416715 3.714704
v -1.997703 -0.000001 3.737453
v -1.623253 -0.000001 3.918897
v -1.855353 0.555620 3.767228
v -1.612707 0.416715 3.896924
v -1.357227 0.277809 4.002604
v -1.219708 0.416714 4.030092
v -1.230178 -0.000001 4.055372
v -0.827528 -0.000001 4.160277
v -1.084757 0.555620 4.056801
v -0.821473 0.416714 4.136668
v -0.550283 0.277809 4.190478
v -0.410044 0.416714 4.190610
v -0.415381 -0.000001 4.217447
v 0.000000 -0.000001 4.241785
v -0.272473 0.555620 4.190478
v 0.001335 0.416714 4.217447
v 0.277813 0.277809 4.217315
v 0.415385 0.416714 4.190083
v 0.415385 -0.000001 4.217447
v 0.827536 -0.000001 4.160277
v 0.550287 0.555620 4.163115
v 0.824095 0.416714 4.136147
v 1.095233 0.277809 4.082081
v 1.224848 0.416714 4.028535
v 1.230188 -0.000001 4.055372
v 1.623262 -0.000001 3.918897
v 1.351897 0.555620 3.975768
v 1.615183 0.416715 3.895902
v 1.870563 0.277809 3.789978
v 1.987243 0.416715 3.712173
v 1.997712 -0.000001 3.737453
v 2.356611 -0.000001 3.526913
v 2.101557 0.555620 3.635631
v 2.344202 0.416715 3.505934
v 2.574010 0.277810 3.352221
v 2.673268 0.416715 3.253148
v 2.688469 -0.000001 3.275901
v 2.999396 -0.000000 2.999388
v 2.770453 0.555620 3.155778
v 2.983133 0.416715 2.981236
v 3.178537 0.277810 2.785644
v 3.256559 0.416715 2.669112
v 3.275906 -0.000000 2.688459
v 3.526913 -0.000000 2.356602
v 3.332880 0.555620 2.554654
v 3.507421 0.416715 2.341973
v 3.660913 0.277810 2.112017
v 3.714703 0.416715 1.982503
v 3.737452 -0.000000 1.997703
v 3.918896 -0.000000 1.623253
v 3.767227 0.555620 1.855354
v 3.896922 0.416715 1.612708
v 4.002603 0.277810 1.357227
v 4.030091 0.416715 1.219708
v 4.055371 -0.000000 1.230178
v 4.160276 -0.000000 0.827526
v 4.056800 0.555620 1.084754
v 4.136667 0.416715 0.821468
v 4.190477 0.277810 0.550277
v 4.190609 0.416715 0.410035
v 4.217445 -0.000000 0.415375
v 4.241783 0.000000 -0.000010
v 4.190477 0.555620 0.272464
v 4.217445 0.416715 -0.001344
v 4.217314 0.277810 -0.277820
v 4.190082 0.416715 -0.415391
v 4.217445 0.000000 -0.415391
v 4.160276 0.000000 -0.827538
v 4.163114 0.555620 -0.550293
v 4.136146 0.416715 -0.824100
v 4.082080 0.277810 -1.095237
v 4.028534 0.416715 -1.224852
v 4.055371 0.000000 -1.230189
v 3.918896 0.000000 -1.623263
v 3.975767 0.555620 -1.351900
v 3.895900 0.416715 -1.615184
v 3.789973 0.277810 -1.870564
v 3.712168 0.416715 -1.987243
v 3.737448 0.000000 -1.997713
v 3.526904 0.000000 -2.356612
v 3.635627 0.555621 -2.101557
v 3.505929 0.416716 -2.344202
v 3.352217 0.277811 -2.574011
v 3.253146 0.416716 -2.673269
v 3.275896 0.000000 -2.688469
v 2.999386 0.000000 -2.999397
v 3.155777 0.555621 -2.770454
v 2.981235 0.416716 -2.983134
v 2.785643 0.277811 -3.178538
v 2.669112 0.416716 -3.256560
v 2.688459 0.000001 -3.275907
v 2.356601 0.000001 -3.526915
v 2.554654 0.555621 -3.332881
v 2.341972 0.416716 -3.507422
v 2.112017 0.277811 -3.660915
v 1.982503 0.416716 -3.714704
v 1.997703 0.000001 -3.737453
v 1.623252 0.000001 -3.918897
v 1.855353 0.555621 -3.767228
v 1.612707 0.416716 -3.896924
v 1.357223 0.277811 -4.002604
v 1.219703 0.416716 -4.030092
v 1.230173 0.000001 -4.055372
v 0.827520 0.000001 -4.160277
v 1.084750 0.555621 -4.056801
v 0.821464 0.416716 -4.136668
v 0.550277 0.277811 -4.190478
v 0.410039 0.416716 -4.190610
v 0.415376 0.000001 -4.217447
v -0.000001 0.000001 -4.241785
v 0.272470 0.555621 -4.190478
v -0.001335 0.416716 -4.217447
v -0.272473 -0.555620 -4.190478
v -0.410044 -0.416714 -4.190610
v 0.001333 -0.416714 -4.217447
v 0.002936 -0.830465 -4.160277
v -0.404757 -0.830761 -4.136668
v -0.808750 -0.830465 -4.080911
v -0.550283 -0.277809 -4.190478
v -0.821473 -0.416714 -4.136668
v -1.084760 -0.555620 -4.056801
v -1.219713 -0.416714 -4.030092
v -1.204006 -0.830761 -3.978219
v -1.589359 -0.830465 -3.844720
v -1.357233 -0.277809 -4.002605
v -1.612716 -0.416715 -3.896924
v -1.855360 -0.555620 -3.767228
v -1.982508 -0.416715 -3.714704
v -1.956982 -0.830761 -3.666891
v -2.308882 -0.830465 -3.460779
v -2.112023 -0.277810 -3.660915
v -2.341977 -0.416715 -3.507421
v -2.554657 -0.555620 -3.332878
v -2.669117 -0.416715 -3.256556
v -2.634751 -0.830761 -3.214643
v -2.939681 -0.830465 -2.943835
v -2.785650 -0.277810 -3.178535
v -2.981241 -0.416715 -2.983129
v -3.155783 -0.555620 -2.770447
v -3.253155 -0.416715 -2.673264
v -3.211272 -0.830762 -2.638859
v -3.457514 -0.830465 -2.313767
v -3.352227 -0.277810 -2.574008
v -3.505938 -0.416715 -2.344198
v -3.635633 -0.555620 -2.101551
v -3.712172 -0.416715 -1.987238
v -3.664386 -0.830762 -1.961664
v -3.842470 -0.830465 -1.594779
v -3.789977 -0.277810 -1.870561
v -3.895901 -0.416715 -1.615179
v -3.975767 -0.555620 -1.351894
v -4.028534 -0.416715 -1.224846
v -3.976676 -0.830762 -1.209086
v -4.079763 -0.830465 -0.814511
v -4.082080 -0.277810 -1.095230
v -4.136146 -0.416715 -0.824091
v -4.163114 -0.555620 -0.550284
v -4.190082 -0.416715 -0.415381
v -4.136146 -0.830762 -0.410044
v -4.160276 -0.830465 -0.002937
v -4.217314 -0.277810 -0.277810
v -4.217445 -0.416715 -0.001334
v -4.190477 -0.555620 0.272473
v -4.190609 -0.416715 0.410044
v -4.136667 -0.830762 0.404757
v -4.080909 -0.830466 0.808750
v -4.190477 -0.277810 0.550283
v -4.136667 -0.416715 0.821474
v -4.056800 -0.555620 1.084760
v -4.030091 -0.416715 1.219714
v -3.978217 -0.830762 1.204007
v -3.844718 -0.830466 1.589360
v -4.002604 -0.277810 1.357234
v -3.896923 -0.416715 1.612716
v -3.767227 -0.555620 1.855361
v -3.714703 -0.416715 1.982509
v -3.666890 -0.830762 1.956983
v -3.460777 -0.830466 2.308884
v -3.660913 -0.277810 2.112024
v -3.507420 -0.416716 2.341979
v -3.332877 -0.555621 2.554661
v -3.256554 -0.416716 2.669122
v -3.214642 -0.830762 2.634757
v -2.943834 -0.830466 2.939690
v -3.178530 -0.277811 2.785654
v -2.983124 -0.416716 2.981246
v -2.770443 -0.555621 3.155788
v -2.673259 -0.416716 3.253157
v -2.638857 -0.830763 3.211278
v -2.313765 -0.830466 3.457515
v -2.574000 -0.277811 3.352228
v -2.344192 -0.416716 3.505939
v -2.101547 -0.555621 3.635635
v -1.987233 -0.416716 3.712173
v -1.961663 -0.830763 3.664387
v -1.594778 -0.830466 3.842471
v -1.870554 -0.277811 3.789978
v -1.615173 -0.416716 3.895902
v -1.351890 -0.555621 3.975768
v -1.224842 -0.416716 4.028535
v -1.209085 -0.830763 3.976677
v -0.814510 -0.830466 4.079764
v -1.095227 -0.277811 4.082081
v -0.824090 -0.416716 4.136147
v -0.550283 -0.555621 4.163115
v -0.415381 -0.416716 4.190083
v -0.410044 -0.830763 4.136147
v -0.002937 -0.830466 4.160277
v -0.277810 -0.277811 4.217315
v -0.001334 -0.416716 4.217447
v 0.272473 -0.555621 4.190478
v 0.410045 -0.416716 4.190610
v 0.404758 -0.830763 4.136668
v 0.808751 -0.830466 4.080911
v 0.550287 -0.277811 4.190478
v 0.821478 -0.416716 4.136668
v 1.084763 -0.555621 4.056801
v 1.219718 -0.416716 4.030092
v 1.204008 -0.830763 3.978218
v 1.589361 -0.830466 3.844718
v 1.357237 -0.277811 4.002605
v 1.612718 -0.416716 3.896923
v 1.855363 -0.555621 3.767225
v 1.982513 -0.416716 3.714699
v 1.956988 -0.830763 3.666887
v 2.308891 -0.830466 3.460771
v 2.112027 -0.277811 3.660911
v 2.341983 -0.416716 3.507417
v 2.554663 -0.555621 3.332874
v 2.669122 -0.416716 3.256555
v 2.634760 -0.830763 3.214639
v 2.939689 -0.830466 2.943834
v 2.785654 -0.277811 3.178531
v 2.981245 -0.416716 2.983124
v 3.155787 -0.555621 2.770444
v 3.253156 -0.416716 2.673259
v 3.211277 -0.830762 2.638857
v 3.457515 -0.830466 2.313766
v 3.352227 -0.277811 2.574001
v 3.505938 -0.416716 2.344193
v 3.635633 -0.555621 2.101547
v 3.712172 -0.416715 1.987233
v 3.664386 -0.830762 1.961663
v 3.842470 -0.830466 1.594778
v 3.789977 -0.277810 1.870554
v 3.895901 -0.416715 1.615173
v 3.975767 -0.555620 1.351887
v 4.028534 -0.416715 1.224838
v 3.976676 -0.830762 1.209081
v 4.079763 -0.830466 0.814502
v 4.082080 -0.277810 1.095224
v 4.136146 -0.416715 0.824085
v 4.163114 -0.555620 0.550277
v 4.190082 -0.416715 0.415375
v 4.136146 -0.830762 0.410035
v 4.160276 -0.830465 0.002927
v 4.217314 -0.277810 0.277803
v 4.217445 -0.416715 0.001325
v 4.190477 -0.555620 -0.272484
v 4.190609 -0.416715 -0.410054
v 4.136667 -0.830762 -0.404768
v 4.080909 -0.830465 -0.808760
v 4.190477 -0.277810 -0.550294
v 4.136667 -0.416715 -0.821483
v 4.056800 -0.555620 -1.084767
v 4.030091 -0.416715 -1.219719
v 3.978217 -0.830762 -1.204012
v 3.844718 -0.830465 -1.589362
v 4.002604 -0.277810 -1.357237
v 3.896922 -0.416715 -1.612718
v 3.767223 -0.555620 -1.855364
v 3.714697 -0.416715 -1.982513
v 3.666886 -0.830762 -1.956988
v 3.460770 -0.830465 -2.308892
v 3.660907 -0.277810 -2.112027
v 3.507412 -0.416715 -2.341983
v 3.332870 -0.555620 -2.554664
v 3.256549 -0.416715 -2.669123
v 3.214638 -0.830762 -2.634761
v 2.943833 -0.830465 -2.939691
v 3.178527 -0.277810 -2.785654
v 2.983123 -0.416715 -2.981246
v 2.770443 -0.555620 -3.155788
v 2.673259 -0.416715 -3.253157
v 2.638856 -0.830761 -3.211279
v 2.313765 -0.830465 -3.457516
v 2.574000 -0.277810 -3.352228
v 2.344192 -0.416715 -3.505939
v 2.101547 -0.555620 -3.635635
v 1.987233 -0.416715 -3.712173
v 1.961663 -0.830761 -3.664388
v 1.594777 -0.830465 -3.842472
v 1.870554 -0.277809 -3.789978
v 1.615173 -0.416715 -3.895902
v 1.351887 -0.555620 -3.975768
v 1.224837 -0.416714 -4.028535
v 1.209080 -0.830761 -3.976677
v 0.814502 -0.830465 -4.079764
v 1.095220 -0.277809 -4.082081
v 0.824082 -0.416714 -4.136147
v 0.550277 -0.555620 -4.163115
v 0.415376 -0.416714 -4.190083
v 0.410039 -0.830761 -4.136147
v 0.002936 -0.830465 -4.160277
v 0.277807 -0.277809 -4.217315
v 0.001333 -0.416714 -4.217447
v -0.256663 -1.367703 -4.002604
v -0.388948 -1.234135 -4.030092
v 0.003952 -1.234135 -4.055372
v 0.005761 -1.629022 -3.918898
v -0.378577 -1.629604 -3.896924
v -0.758886 -1.629022 -3.844720
v -0.529137 -1.100566 -4.056801
v -0.787287 -1.234135 -3.978219
v -1.032600 -1.367703 -3.875622
v -1.167706 -1.234135 -3.876774
v -1.131553 -1.629604 -3.748186
v -1.494371 -1.629022 -3.622791
v -1.310413 -1.100567 -3.875622
v -1.548272 -1.234135 -3.748186
v -1.768857 -1.367703 -3.599702
v -1.901592 -1.234135 -3.574475
v -1.841046 -1.629604 -3.455410
v -2.172430 -1.629023 -3.261641
v -2.041330 -1.100567 -3.545505
v -2.249756 -1.234135 -3.374114
v -2.437134 -1.367703 -3.185448
v -2.562395 -1.234135 -3.134811
v -2.479788 -1.629604 -3.029844
v -2.767001 -1.629023 -2.775150
v -2.693797 -1.100567 -3.079134
v -2.864783 -1.234135 -2.870373
v -3.011754 -1.367703 -2.648778
v -3.124730 -1.234135 -2.574676
v -3.023232 -1.629604 -2.487844
v -3.255238 -1.629023 -2.182011
v -3.242747 -1.100567 -2.494434
v -3.369721 -1.234135 -2.256328
v -3.470637 -1.367704 -2.010318
v -3.566987 -1.234135 -1.915598
v -3.450496 -1.629604 -1.850237
v -3.618381 -1.629023 -1.505017
v -3.667080 -1.100567 -1.813874
v -3.745161 -1.234135 -1.555572
v -3.796143 -1.367704 -1.294601
v -3.872163 -1.234135 -1.182906
v -3.745161 -1.629604 -1.141525
v -3.842470 -1.629023 -0.770188
v -3.950487 -1.100567 -1.063611
v -3.976676 -1.234135 -0.795040
v -3.975767 -1.367704 -0.529137
v -4.028534 -1.234135 -0.404758
v -3.895901 -1.629605 -0.388948
v -3.918896 -1.629023 -0.005761
v -4.082080 -1.100567 -0.272474
v -4.055371 -1.234135 -0.003953
v -4.002603 -1.367704 0.256663
v -4.030091 -1.234136 0.388947
v -3.896922 -1.629605 0.378577
v -3.844718 -1.629023 0.758887
v -4.056800 -1.100567 0.529137
v -3.978217 -1.234136 0.787288
v -3.875620 -1.367704 1.032604
v -3.876773 -1.234136 1.167710
v -3.748185 -1.629605 1.131558
v -3.622790 -1.629023 1.494379
v -3.875620 -1.100567 1.310417
v -3.748185 -1.234136 1.548277
v -3.599700 -1.367704 1.768860
v -3.574474 -1.234136 1.901593
v -3.455409 -1.629605 1.841051
v -3.261640 -1.629023 2.172431
v -3.545503 -1.100567 2.041330
v -3.374112 -1.234136 2.249757
v -3.185447 -1.367704 2.437137
v -3.134810 -1.234136 2.562401
v -3.029843 -1.629605 2.479792
v -2.775149 -1.629024 2.767009
v -3.079133 -1.100568 2.693804
v -2.870373 -1.234136 2.864793
v -2.648777 -1.367704 3.011764
v -2.574675 -1.234136 3.124740
v -2.487843 -1.629605 3.023242
v -2.182010 -1.629024 3.255248
v -2.494433 -1.100568 3.242754
v -2.256327 -1.234136 3.369727
v -2.010317 -1.367705 3.470641
v -1.915598 -1.234136 3.566988
v -1.850236 -1.629605 3.450502
v -1.505016 -1.629024 3.618382
v -1.813873 -1.100568 3.667081
v -1.555571 -1.234136 3.745162
v -1.294600 -1.367705 3.796144
v -1.182905 -1.234136 3.872164
v -1.141524 -1.629605 3.745162
v -0.770187 -1.629024 3.842471
v -1.063610 -1.100568 3.950488
v -0.795039 -1.234136 3.976677
v -0.529137 -1.367705 3.975768
v -0.404757 -1.234136 4.028535
v -0.388947 -1.629605 3.895902
v -0.005761 -1.629024 3.918897
v -0.272473 -1.100568 4.082081
v -0.003952 -1.234136 4.055372
v 0.256667 -1.367705 4.002604
v 0.388952 -1.234136 4.030092
v 0.378582 -1.629605 3.896923
v 0.758895 -1.629024 3.844719
v 0.529140 -1.100568 4.056801
v 0.787292 -1.234136 3.978218
v 1.032607 -1.367705 3.875621
v 1.167711 -1.234136 3.876774
v 1.131562 -1.629605 3.748186
v 1.494380 -1.629024 3.622791
v 1.310417 -1.100568 3.875621
v 1.548277 -1.234136 3.748186
v 1.768864 -1.367705 3.599701
v 1.901598 -1.234136 3.574474
v 1.841055 -1.629605 3.455409
v 2.172439 -1.629024 3.261640
v 2.041337 -1.100568 3.545501
v 2.249765 -1.234136 3.374109
v 2.437144 -1.367704 3.185444
v 2.562405 -1.234136 3.134807
v 2.479798 -1.629605 3.029843
v 2.767010 -1.629024 2.775149
v 2.693807 -1.100568 3.079131
v 2.864793 -1.234136 2.870372
v 3.011764 -1.367704 2.648777
v 3.124739 -1.234136 2.574676
v 3.023241 -1.629605 2.487843
v 3.255247 -1.629023 2.182010
v 3.242753 -1.100567 2.494434
v 3.369726 -1.234136 2.256328
v 3.470640 -1.367704 2.010317
v 3.566988 -1.234136 1.915598
v 3.450501 -1.629605 1.850235
v 3.618382 -1.629023 1.505016
v 3.667080 -1.100567 1.813874
v 3.745161 -1.234136 1.555571
v 3.796143 -1.367704 1.294600
v 3.872163 -1.234136 1.182904
v 3.745161 -1.629605 1.141524
v 3.842470 -1.629023 0.770186
v 3.950487 -1.100567 1.063607
v 3.976676 -1.234136 0.795034
v 3.975767 -1.367704 0.529130
v 4.028534 -1.234136 0.404748
v 3.895901 -1.629605 0.388942
v 3.918896 -1.629023 0.005752
v 4.082080 -1.100567 0.272463
v 4.055371 -1.234135 0.003942
v 4.002603 -1.367704 -0.256674
v 4.030091 -1.234135 -0.388958
v 3.896922 -1.629605 -0.378587
v 3.844718 -1.629023 -0.758896
v 4.056800 -1.100567 -0.529147
v 3.978217 -1.234135 -0.787297
v 3.875620 -1.367704 -1.032611
v 3.876773 -1.234135 -1.167716
v 3.748185 -1.629604 -1.131563
v 3.622789 -1.629023 -1.494381
v 3.875620 -1.100567 -1.310421
v 3.748185 -1.234135 -1.548279
v 3.599700 -1.367704 -1.768864
v 3.574473 -1.234135 -1.901598
v 3.455408 -1.629604 -1.841056
v 3.261639 -1.629023 -2.172440
v 3.545500 -1.100567 -2.041337
v 3.374109 -1.234135 -2.249766
v 3.185444 -1.367704 -2.437145
v 3.134806 -1.234135 -2.562406
v 3.029842 -1.629604 -2.479799
v 2.775148 -1.629023 -2.767011
v 3.079130 -1.100567 -2.693808
v 2.870371 -1.234135 -2.864794
v 2.648773 -1.367703 -3.011765
v 2.574671 -1.234135 -3.124740
v 2.487839 -1.629604 -3.023242
v 2.182003 -1.629023 -3.255248
v 2.494430 -1.100567 -3.242754
v 2.256323 -1.234135 -3.369728
v 2.010314 -1.367703 -3.470644
v 1.915597 -1.234135 -3.566993
v 1.850231 -1.629604 -3.450506
v 1.505015 -1.629022 -3.618390
v 1.813873 -1.100567 -3.667085
v 1.555570 -1.234135 -3.745167
v 1.294597 -1.367703 -3.796148
v 1.182900 -1.234135 -3.872165
v 1.141520 -1.629604 -3.745167
v 0.770180 -1.629022 -3.842472
v 1.063603 -1.100567 -3.950488
v 0.795031 -1.234135 -3.976677
v 0.529130 -1.367703 -3.975768
v 0.404752 -1.234135 -4.028535
v 0.388943 -1.629604 -3.895902
v 0.005761 -1.629022 -3.918898
v 0.272470 -1.100566 -4.082081
v 0.003952 -1.234135 -4.055372
v -0.230990 -2.127227 -3.660914
v -0.352903 -2.004130 -3.714704
v 0.006418 -2.004130 -3.737454
v 0.008363 -2.364975 -3.526915
v -0.337848 -2.365819 -3.507421
v -0.679860 -2.364975 -3.460779
v -0.487653 -1.881033 -3.767228
v -0.722843 -2.004130 -3.666891
v -0.940760 -2.127227 -3.545505
v -1.070826 -2.004130 -3.574475
v -1.015620 -2.365819 -3.374114
v -1.341964 -2.364975 -3.261641
v -1.213233 -1.881033 -3.599702
v -1.424330 -2.004130 -3.455410
v -1.614377 -2.127227 -3.293845
v -1.747593 -2.004130 -3.296885
v -1.654363 -2.365819 -3.111143
v -1.952490 -2.364975 -2.937170
v -1.892187 -1.881033 -3.293845
v -2.071077 -2.004130 -3.111143
v -2.225953 -2.127227 -2.915605
v -2.357205 -2.004130 -2.892596
v -2.229527 -2.365819 -2.728614
v -2.487987 -2.364975 -2.499817
v -2.498427 -1.881033 -2.861405
v -2.638237 -2.004130 -2.647314
v -2.751990 -2.127227 -2.425318
v -2.876231 -2.004130 -2.377146
v -2.719015 -2.365819 -2.241222
v -2.927874 -2.364975 -1.966400
v -3.008653 -1.881034 -2.319004
v -3.104010 -2.004130 -2.081752
v -3.172267 -2.127227 -1.841831
v -3.284721 -2.004130 -1.770348
v -3.104010 -2.365820 -1.667705
v -3.255238 -2.364975 -1.357420
v -3.403257 -1.881034 -1.687487
v -3.450496 -2.004130 -1.436190
v -3.470637 -2.127227 -1.187561
v -3.566987 -2.004130 -1.095510
v -3.369721 -2.365820 -1.030098
v -3.457514 -2.364975 -0.696267
v -3.667080 -1.881034 -0.991117
v -3.664386 -2.004130 -0.735433
v -3.635633 -2.127227 -0.487654
v -3.712172 -2.004131 -0.378577
v -3.505938 -2.365820 -0.352904
v -3.526913 -2.364975 -0.008364
v -3.789977 -1.881034 -0.256664
v -3.737452 -2.004131 -0.006418
v -3.660913 -2.127227 0.230993
v -3.714703 -2.004131 0.352907
v -3.507420 -2.365820 0.337852
v -3.460777 -2.364975 0.679867
v -3.767227 -1.881034 0.487657
v -3.666890 -2.004131 0.722847
v -3.545503 -2.127228 0.940763
v -3.574474 -2.004131 1.070827
v -3.374112 -2.365820 1.015625
v -3.261640 -2.364976 1.341966
v -3.599700 -1.881034 1.213237
v -3.455409 -2.004131 1.424335
v -3.293844 -2.127228 1.614384
v -3.296884 -2.004131 1.747602
v -3.111142 -2.365820 1.654368
v -2.937169 -2.364976 1.952498
v -3.293844 -1.881034 1.892194
v -3.111142 -2.004131 2.071083
v -2.915603 -2.127228 2.225957
v -2.892594 -2.004131 2.357207
v -2.728613 -2.365820 2.229531
v -2.499816 -2.364976 2.487988
v -2.861403 -1.881034 2.498430
v -2.647313 -2.004131 2.638241
v -2.425317 -2.127228 2.751994
v -2.377145 -2.004131 2.876237
v -2.241221 -2.365820 2.719016
v -1.966399 -2.364976 2.927876
v -2.319003 -1.881034 3.008661
v -2.081751 -2.004131 3.104017
v -1.841830 -2.127228 3.172274
v -1.770347 -2.004131 3.284730
v -1.667704 -2.365820 3.104016
v -1.357419 -2.364976 3.255246
v -1.687487 -1.881034 3.403264
v -1.436189 -2.004131 3.450502
v -1.187560 -2.127228 3.470641
v -1.095509 -2.004131 3.566988
v -1.030097 -2.365820 3.369726
v -0.696266 -2.364976 3.457515
v -0.991117 -1.881034 3.667081
v -0.735433 -2.004131 3.664387
v -0.487653 -2.127228 3.635634
v -0.378577 -2.004131 3.712173
v -0.352903 -2.365820 3.505938
v -0.008363 -2.364976 3.526914
v -0.256663 -1.881034 3.789978
v -0.006418 -2.004131 3.737453
v 0.230993 -2.127228 3.660914
v 0.352908 -2.004131 3.714704
v 0.337853 -2.365820 3.507421
v 0.679868 -2.364976 3.460778
v 0.487660 -1.881034 3.767228
v 0.722852 -2.004131 3.666891
v 0.940767 -2.127228 3.545504
v 1.070832 -2.004131 3.574474
v 1.015626 -2.365820 3.374113
v 1.341967 -2.364976 3.261640
v 1.213240 -1.881034 3.599701
v 1.424336 -2.004131 3.455409
v 1.614384 -2.127228 3.293844
v 1.747603 -2.004131 3.296885
v 1.654368 -2.365820 3.111142
v 1.952499 -2.364976 2.937169
v 1.892197 -1.881034 3.293845
v 2.071088 -2.004131 3.111143
v 2.225963 -2.127228 2.915604
v 2.357215 -2.004131 2.892595
v 2.229536 -2.365820 2.728613
v 2.487996 -2.364976 2.499816
v 2.498437 -1.881034 2.861404
v 2.638246 -2.004131 2.647313
v 2.751997 -2.127228 2.425317
v 2.876237 -2.004131 2.377146
v 2.719020 -2.365820 2.241221
v 2.927876 -2.364976 1.966398
v 3.008660 -1.881034 2.319004
v 3.104016 -2.004131 2.081750
v 3.172273 -2.127228 1.841827
v 3.284729 -2.004131 1.770343
v 3.104015 -2.365820 1.667700
v 3.255246 -2.364976 1.357412
v 3.403264 -1.881034 1.687484
v 3.450501 -2.004131 1.436185
v 3.470640 -2.127228 1.187557
v 3.566988 -2.004131 1.095508
v 3.369725 -2.365820 1.030093
v 3.457514 -2.364975 0.696265
v 3.667080 -1.881034 0.991117
v 3.664386 -2.004131 0.735432
v 3.635633 -2.127227 0.487650
v 3.712172 -2.004131 0.378571
v 3.505938 -2.365820 0.352899
v 3.526913 -2.364975 0.008355
v 3.789977 -1.881034 0.256656
v 3.737452 -2.004131 0.006409
v 3.660913 -2.127227 -0.231000
v 3.714703 -2.004131 -0.352914
v 3.507420 -2.365820 -0.337858
v 3.460777 -2.364975 -0.679870
v 3.767227 -1.881034 -0.487664
v 3.666890 -2.004131 -0.722853
v 3.545503 -2.127227 -0.940767
v 3.574474 -2.004130 -1.070832
v 3.374112 -2.365820 -1.015626
v 3.261639 -2.364975 -1.341967
v 3.599700 -1.881034 -1.213241
v 3.455408 -2.004130 -1.424337
v 3.293840 -2.127227 -1.614384
v 3.296880 -2.004130 -1.747604
v 3.111137 -2.365820 -1.654369
v 2.937160 -2.364975 -1.952500
v 3.293840 -1.881034 -1.892198
v 3.111137 -2.004130 -2.071089
v 2.915600 -2.127227 -2.225964
v 2.892593 -2.004130 -2.357216
v 2.728608 -2.365819 -2.229537
v 2.499815 -2.364975 -2.487998
v 2.861403 -1.881034 -2.498438
v 2.647313 -2.004130 -2.638247
v 2.425317 -2.127227 -2.751998
v 2.377144 -2.004130 -2.876238
v 2.241220 -2.365819 -2.719022
v 1.966398 -2.364975 -2.927878
v 2.319000 -1.881033 -3.008661
v 2.081746 -2.004130 -3.104017
v 1.841823 -2.127227 -3.172275
v 1.770338 -2.004130 -3.284731
v 1.667699 -2.365819 -3.104017
v 1.357411 -2.364975 -3.255248
v 1.687480 -1.881033 -3.403268
v 1.436184 -2.004130 -3.450506
v 1.187557 -2.127227 -3.470644
v 1.095508 -2.004130 -3.566993
v 1.030093 -2.365819 -3.369727
v 0.696265 -2.364975 -3.457516
v 0.991113 -1.881033 -3.667085
v 0.735428 -2.004130 -3.664388
v 0.487650 -2.127227 -3.635634
v 0.378572 -2.004130 -3.712174
v 0.352903 -2.365819 -3.505939
v 0.008363 -2.364975 -3.526915
v 0.256660 -1.881033 -3.789978
v 0.006418 -2.004130 -3.737454
v -0.196443 -2.805001 -3.178535
v -0.303302 -2.697105 -3.256557
v 0.008637 -2.697105 -3.275906
v 0.010645 -3.010041 -2.999396
v -0.284140 -3.011116 -2.983129
v -0.574714 -3.010041 -2.943836
v -0.427433 -2.589211 -3.332878
v -0.630625 -2.697105 -3.214644
v -0.812767 -2.805001 -3.079135
v -0.932792 -2.697105 -3.134812
v -0.860658 -3.011116 -2.870374
v -1.137979 -3.010041 -2.775150
v -1.069430 -2.589211 -3.185448
v -1.245653 -2.697105 -3.029844
v -1.397860 -2.805001 -2.861405
v -1.526443 -2.697105 -2.892596
v -1.404102 -3.011116 -2.647314
v -1.657522 -3.010041 -2.499817
v -1.670334 -2.589211 -2.915605
v -1.812812 -2.697105 -2.728614
v -1.929233 -2.805001 -2.533718
v -2.061429 -2.697105 -2.539225
v -1.893590 -3.011116 -2.322522
v -2.113364 -3.010042 -2.128420
v -2.207043 -2.589211 -2.533718
v -2.310305 -2.697105 -2.322522
v -2.386467 -2.805001 -2.108658
v -2.517197 -2.697106 -2.088267
v -2.310305 -3.011117 -1.908475
v -2.487987 -3.010042 -1.675226
v -2.658940 -2.589211 -2.054458
v -2.719015 -2.697106 -1.827175
v -2.751990 -2.805001 -1.602561
v -2.876231 -2.697106 -1.557058
v -2.638237 -3.011117 -1.421084
v -2.767001 -3.010042 -1.157650
v -3.008653 -2.589211 -1.496248
v -3.023232 -2.697106 -1.261613
v -3.011754 -2.805001 -1.034884
v -3.124730 -2.697106 -0.966019
v -2.864783 -3.011117 -0.879084
v -2.939681 -3.010042 -0.595596
v -3.242747 -2.589211 -0.880541
v -3.211272 -2.697106 -0.647569
v -3.155783 -2.805001 -0.427434
v -3.253155 -2.697106 -0.337849
v -2.981241 -3.011117 -0.303302
v -2.999395 -3.010042 -0.010646
v -3.352227 -2.589211 -0.230990
v -3.275905 -2.697106 -0.008637
v -3.178534 -2.805001 0.196443
v -3.256555 -2.697106 0.303302
v -2.983128 -3.011117 0.284140
v -2.943835 -3.010042 0.574714
v -3.332877 -2.589211 0.427436
v -3.214642 -2.697106 0.630630
v -3.079134 -2.805001 0.812773
v -3.134810 -2.697106 0.932800
v -2.870373 -3.011117 0.860662
v -2.775149 -3.010042 1.137987
v -3.185447 -2.589211 1.069437
v -3.029842 -2.697106 1.245657
v -2.861403 -2.805001 1.397863
v -2.892594 -2.697106 1.526445
v -2.647312 -3.011117 1.404106
v -2.499816 -3.010042 1.657523
v -2.915603 -2.589211 1.670337
v -2.728613 -2.697106 1.812816
v -2.533717 -2.805001 1.929237
v -2.539223 -2.697106 2.061434
v -2.322521 -3.011117 1.893591
v -2.128419 -3.010042 2.113364
v -2.533717 -2.589211 2.207047
v -2.322521 -2.697106 2.310306
v -2.108657 -2.805001 2.386467
v -2.088266 -2.697106 2.517197
v -1.908474 -3.011117 2.310305
v -1.675225 -3.010042 2.487988
v -2.054457 -2.589211 2.658941
v -1.827174 -2.697106 2.719016
v -1.602560 -2.805001 2.751991
v -1.557057 -2.697106 2.876232
v -1.421083 -3.011117 2.638237
v -1.157649 -3.010042 2.767002
v -1.496247 -2.589211 3.008657
v -1.261612 -2.697106 3.023236
v -1.034880 -2.805001 3.011757
v -0.966014 -2.697106 3.124735
v -0.879079 -3.011117 2.864784
v -0.595589 -3.010042 2.939682
v -0.880537 -2.589211 3.242751
v -0.647564 -2.697106 3.211274
v -0.427430 -2.805001 3.155784
v -0.337848 -2.697106 3.253155
v -0.303297 -3.011117 2.981241
v -0.010645 -3.010042 2.999395
v -0.230990 -2.589211 3.352227
v -0.008637 -2.697106 3.275906
v 0.196443 -2.805001 3.178534
v 0.303303 -2.697106 3.256556
v 0.284140 -3.011117 2.983128
v 0.574715 -3.010042 2.943835
v 0.427437 -2.589211 3.332877
v 0.630630 -2.697106 3.214643
v 0.812773 -2.805001 3.079134
v 0.932800 -2.697106 3.134811
v 0.860662 -3.011117 2.870373
v 1.137987 -3.010042 2.775149
v 1.069437 -2.589211 3.185447
v 1.245657 -2.697106 3.029843
v 1.397863 -2.805001 2.861404
v 1.526445 -2.697106 2.892595
v 1.404106 -3.011117 2.647313
v 1.657523 -3.010042 2.499816
v 1.670337 -2.589211 2.915604
v 1.812816 -2.697106 2.728613
v 1.929237 -2.805001 2.533717
v 2.061434 -2.697106 2.539224
v 1.893591 -3.011117 2.322521
v 2.113365 -3.010042 2.128419
v 2.207050 -2.589211 2.533717
v 2.310310 -2.697106 2.322521
v 2.386470 -2.805001 2.108657
v 2.517201 -2.697106 2.088266
v 2.310307 -3.011117 1.908474
v 2.487988 -3.010042 1.675225
v 2.658944 -2.589211 2.054457
v 2.719016 -2.697106 1.827174
v 2.751990 -2.805001 1.602560
v 2.876232 -2.697106 1.557056
v 2.638237 -3.011117 1.421082
v 2.767001 -3.010042 1.157648
v 3.008657 -2.589211 1.496243
v 3.023236 -2.697106 1.261607
v 3.011757 -2.805001 1.034876
v 3.124734 -2.697106 0.966010
v 2.864784 -3.011117 0.879078
v 2.939681 -3.010042 0.595588
v 3.242750 -2.589211 0.880533
v 3.211273 -2.697106 0.647563
v 3.155783 -2.805001 0.427430
v 3.253155 -2.697106 0.337846
v 2.981241 -3.011117 0.303297
v 2.999395 -3.010042 0.010644
v 3.352227 -2.589211 0.230986
v 3.275905 -2.697106 0.008632
v 3.178534 -2.805001 -0.196447
v 3.256555 -2.697106 -0.303307
v 2.983128 -3.011117 -0.284141
v 2.943835 -3.010042 -0.574716
v 3.332877 -2.589211 -0.427441
v 3.214642 -2.697106 -0.630631
v 3.079134 -2.805001 -0.812774
v 3.134810 -2.697106 -0.932801
v 2.870373 -3.011117 -0.860663
v 2.775149 -3.010042 -1.137988
v 3.185447 -2.589211 -1.069438
v 3.029842 -2.697106 -1.245658
v 2.861403 -2.805001 -1.397864
v 2.892593 -2.697106 -1.526446
v 2.647312 -3.011117 -1.404107
v 2.499815 -3.010042 -1.657524
v 2.915600 -2.589211 -1.670338
v 2.728608 -2.697106 -1.812817
v 2.533710 -2.805001 -1.929238
v 2.539215 -2.697106 -2.061435
v 2.322516 -3.011117 -1.893592
v 2.128411 -3.010042 -2.113367
v 2.533710 -2.589211 -2.207051
v 2.322515 -2.697105 -2.310312
v 2.108650 -2.805001 -2.386475
v 2.088261 -2.697105 -2.517206
v 1.908466 -3.011116 -2.310312
v 1.675217 -3.010041 -2.487997
v 2.054453 -2.589211 -2.658948
v 1.827170 -2.697105 -2.719022
v 1.602557 -2.805001 -2.751998
v 1.557055 -2.697105 -2.876238
v 1.421077 -3.011116 -2.638247
v 1.157648 -3.010041 -2.767010
v 1.496243 -2.589211 -3.008661
v 1.261608 -2.697105 -3.023241
v 1.034877 -2.805001 -3.011761
v 0.966010 -2.697105 -3.124736
v 0.879078 -3.011116 -2.864789
v 0.595588 -3.010041 -2.939683
v 0.880533 -2.589211 -3.242752
v 0.647563 -2.697105 -3.211275
v 0.427430 -2.805001 -3.155785
v 0.337848 -2.697105 -3.253156
v 0.303297 -3.011116 -2.981242
v 0.010645 -3.010041 -2.999396
v 0.230990 -2.589211 -3.352228
v 0.008637 -2.697105 -3.275906
v -0.154343 -3.374977 -2.574008
v -0.242040 -3.286431 -2.673265
v 0.010524 -3.286431 -2.688468
v 0.012518 -3.539432 -2.356611
v -0.219508 -3.540696 -2.344198
v -0.447474 -3.539432 -2.313767
v -0.350787 -3.197884 -2.770448
v -0.514172 -3.286431 -2.638859
v -0.653543 -3.374977 -2.494435
v -0.758919 -3.286431 -2.574677
v -0.672622 -3.540696 -2.256329
v -0.890272 -3.539432 -2.182011
v -0.884533 -3.197884 -2.648778
v -1.019107 -3.286431 -2.487844
v -1.127623 -3.374977 -2.319005
v -1.246628 -3.286431 -2.377146
v -1.099885 -3.540696 -2.081752
v -1.298853 -3.539432 -1.966400
v -1.384287 -3.197884 -2.425318
v -1.484880 -3.286431 -2.241222
v -1.558373 -3.374978 -2.054458
v -1.686435 -3.286431 -2.088267
v -1.484880 -3.540696 -1.827175
v -1.657522 -3.539432 -1.675226
v -1.830847 -3.197884 -2.108658
v -1.893590 -3.286431 -1.908475
v -1.929233 -3.374978 -1.710961
v -2.061429 -3.286431 -1.719136
v -1.812812 -3.540696 -1.502384
v -1.952490 -3.539432 -1.319671
v -2.207043 -3.197884 -1.710961
v -2.229527 -3.286431 -1.502383
v -2.225953 -3.374978 -1.301711
v -2.357205 -3.286431 -1.283938
v -2.071077 -3.540696 -1.119853
v -2.172429 -3.539432 -0.913402
v -2.498427 -3.197884 -1.247511
v -2.479788 -3.286431 -1.038554
v -2.437134 -3.374978 -0.842434
v -2.562395 -3.286431 -0.799397
v -2.249755 -3.540696 -0.694287
v -2.308882 -3.539433 -0.472029
v -2.693797 -3.197884 -0.736121
v -2.634751 -3.286431 -0.534817
v -2.554657 -3.374978 -0.350787
v -2.669117 -3.286431 -0.284141
v -2.341978 -3.540696 -0.242041
v -2.356609 -3.539433 -0.012519
v -2.785650 -3.197884 -0.196444
v -2.688467 -3.286431 -0.010526
v -2.574007 -3.374978 0.154343
v -2.673263 -3.286431 0.242040
v -2.344197 -3.540696 0.219507
v -2.313766 -3.539433 0.447474
v -2.770447 -3.197884 0.350786
v -2.638858 -3.286431 0.514172
v -2.494433 -3.374978 0.653543
v -2.574675 -3.286431 0.758920
v -2.256327 -3.540696 0.672621
v -2.182010 -3.539433 0.890272
v -2.648777 -3.197885 0.884536
v -2.487843 -3.286431 1.019111
v -2.319003 -3.374978 1.127626
v -2.377145 -3.286431 1.246632
v -2.081751 -3.540697 1.099886
v -1.966399 -3.539433 1.298854
v -2.425317 -3.197885 1.384290
v -2.241221 -3.286431 1.484881
v -2.054457 -3.374978 1.558373
v -2.088266 -3.286431 1.686435
v -1.827174 -3.540697 1.484881
v -1.675225 -3.539433 1.657523
v -2.108657 -3.197885 1.830847
v -1.908474 -3.286431 1.893590
v -1.710960 -3.374978 1.929233
v -1.719135 -3.286431 2.061430
v -1.502383 -3.540697 1.812812
v -1.319670 -3.539433 1.952490
v -1.710960 -3.197885 2.207043
v -1.502383 -3.286432 2.229527
v -1.301710 -3.374978 2.225954
v -1.283938 -3.286432 2.357205
v -1.119853 -3.540697 2.071078
v -0.913401 -3.539433 2.172430
v -1.247510 -3.197885 2.498427
v -1.038553 -3.286432 2.479788
v -0.842433 -3.374978 2.437134
v -0.799395 -3.286432 2.562395
v -0.694287 -3.540697 2.249755
v -0.472028 -3.539433 2.308882
v -0.736117 -3.197885 2.693797
v -0.534813 -3.286432 2.634751
v -0.350783 -3.374978 2.554657
v -0.284136 -3.286432 2.669117
v -0.242039 -3.540697 2.341978
v -0.012518 -3.539433 2.356610
v -0.196440 -3.197885 2.785650
v -0.010524 -3.286432 2.688467
v 0.154343 -3.374978 2.574007
v 0.242040 -3.286432 2.673264
v 0.219508 -3.540697 2.344197
v 0.447474 -3.539433 2.313766
v 0.350787 -3.197885 2.770447
v 0.514172 -3.286432 2.638858
v 0.653543 -3.374978 2.494434
v 0.758920 -3.286432 2.574676
v 0.672622 -3.540697 2.256328
v 0.890272 -3.539433 2.182010
v 0.884537 -3.197885 2.648777
v 1.019111 -3.286432 2.487843
v 1.127627 -3.374978 2.319004
v 1.246632 -3.286432 2.377145
v 1.099886 -3.540697 2.081751
v 1.298854 -3.539433 1.966399
v 1.384290 -3.197885 2.425317
v 1.484881 -3.286432 2.241221
v 1.558373 -3.374978 2.054457
v 1.686435 -3.286431 2.088266
v 1.484881 -3.540697 1.827174
v 1.657523 -3.539433 1.675225
v 1.830847 -3.197885 2.108657
v 1.893591 -3.286431 1.908474
v 1.929237 -3.374978 1.710960
v 2.061434 -3.286431 1.719135
v 1.812816 -3.540697 1.502382
v 1.952497 -3.539433 1.319669
v 2.207047 -3.197885 1.710960
v 2.229531 -3.286431 1.502382
v 2.225957 -3.374978 1.301707
v 2.357206 -3.286431 1.283933
v 2.071082 -3.540697 1.119848
v 2.172430 -3.539433 0.913393
v 2.498427 -3.197885 1.247507
v 2.479788 -3.286431 1.038549
v 2.437134 -3.374978 0.842430
v 2.562395 -3.286431 0.799394
v 2.249755 -3.540696 0.694282
v 2.308882 -3.539433 0.472027
v 2.693797 -3.197885 0.736116
v 2.634751 -3.286431 0.534812
v 2.554657 -3.374978 0.350783
v 2.669117 -3.286431 0.284135
v 2.341978 -3.540696 0.242039
v 2.356609 -3.539433 0.012517
v 2.785650 -3.197884 0.196440
v 2.688467 -3.286431 0.010524
v 2.574007 -3.374978 -0.154344
v 2.673263 -3.286431 -0.242041
v 2.344197 -3.540696 -0.219508
v 2.313766 -3.539433 -0.447475
v 2.770447 -3.197884 -0.350787
v 2.638858 -3.286431 -0.514173
v 2.494433 -3.374978 -0.653544
v 2.574675 -3.286431 -0.758921
v 2.256327 -3.540696 -0.672622
v 2.182010 -3.539432 -0.890273
v 2.648777 -3.197884 -0.884537
v 2.487843 -3.286431 -1.019112
v 2.319003 -3.374978 -1.127628
v 2.377145 -3.286431 -1.246632
v 2.081751 -3.540696 -1.099887
v 1.966399 -3.539432 -1.298855
v 2.425317 -3.197884 -1.384291
v 2.241221 -3.286431 -1.484882
v 2.054457 -3.374978 -1.558375
v 2.088265 -3.286431 -1.686436
v 1.827174 -3.540696 -1.484882
v 1.675224 -3.539432 -1.657524
v 2.108653 -3.197884 -1.830848
v 1.908470 -3.286431 -1.893592
v 1.710957 -3.374978 -1.929238
v 1.719130 -3.286431 -2.061435
v 1.502381 -3.540696 -1.812817
v 1.319668 -3.539432 -1.952499
v 1.710953 -3.197884 -2.207051
v 1.502377 -3.286431 -2.229537
v 1.301703 -3.374977 -2.225961
v 1.283929 -3.286431 -2.357212
v 1.119848 -3.540696 -2.071084
v 0.913393 -3.539432 -2.172432
v 1.247503 -3.197884 -2.498435
v 1.038548 -3.286431 -2.479794
v 0.842430 -3.374977 -2.437138
v 0.799394 -3.286431 -2.562401
v 0.694283 -3.540696 -2.249758
v 0.472027 -3.539432 -2.308884
v 0.736117 -3.197884 -2.693801
v 0.534813 -3.286431 -2.634753
v 0.350783 -3.374977 -2.554658
v 0.284136 -3.286431 -2.669118
v 0.242039 -3.540696 -2.341979
v 0.012518 -3.539432 -2.356611
v 0.196440 -3.197884 -2.785651
v 0.010524 -3.286431 -2.688468
v -0.106313 -3.815258 -1.870561
v -0.171478 -3.749461 -1.987239
v 0.012008 -3.749461 -1.997712
v 0.013909 -3.932807 -1.623262
v -0.146441 -3.934211 -1.615179
v -0.303040 -3.932807 -1.594780
v -0.260657 -3.683664 -2.101552
v -0.377957 -3.749461 -1.961665
v -0.469200 -3.815258 -1.813875
v -0.555876 -3.749461 -1.915599
v -0.458735 -3.934211 -1.555572
v -0.608348 -3.932807 -1.505017
v -0.665643 -3.683664 -2.010318
v -0.753400 -3.749461 -1.850237
v -0.814057 -3.815258 -1.687488
v -0.918911 -3.749461 -1.770348
v -0.753400 -3.934211 -1.436190
v -0.890272 -3.932807 -1.357420
v -1.045047 -3.683664 -1.841831
v -1.099885 -3.749461 -1.667705
v -1.127623 -3.815258 -1.496248
v -1.246628 -3.749461 -1.557058
v -1.019107 -3.934211 -1.261614
v -1.137979 -3.932807 -1.157651
v -1.384287 -3.683664 -1.602561
v -1.404102 -3.749461 -1.421084
v -1.397860 -3.815258 -1.247511
v -1.526443 -3.749461 -1.283939
v -1.245653 -3.934211 -1.038554
v -1.341964 -3.932807 -0.913402
v -1.670334 -3.683664 -1.301711
v -1.654363 -3.749461 -1.119853
v -1.614377 -3.815258 -0.950831
v -1.747593 -3.749461 -0.961471
v -1.424330 -3.934211 -0.775583
v -1.494371 -3.932807 -0.634042
v -1.892187 -3.683664 -0.950831
v -1.841045 -3.749461 -0.775583
v -1.768853 -3.815258 -0.617611
v -1.901587 -3.749461 -0.602059
v -1.548268 -3.934211 -0.482806
v -1.589352 -3.932807 -0.330324
v -2.041327 -3.683664 -0.563414
v -1.956978 -3.749461 -0.401511
v -1.855357 -3.815258 -0.260657
v -1.982508 -3.749461 -0.219508
v -1.612712 -3.934211 -0.171478
v -1.623260 -3.932807 -0.013910
v -2.112023 -3.683664 -0.154344
v -1.997711 -3.749461 -0.012008
v -1.870560 -3.815258 0.106313
v -1.987238 -3.749461 0.171477
v -1.615178 -3.934211 0.146440
v -1.594779 -3.932807 0.303039
v -2.101550 -3.683664 0.260656
v -1.961663 -3.749461 0.377956
v -1.813874 -3.815258 0.469200
v -1.915598 -3.749461 0.555875
v -1.555571 -3.934211 0.458734
v -1.505016 -3.932807 0.608347
v -2.010317 -3.683664 0.665643
v -1.850236 -3.749461 0.753400
v -1.687487 -3.815258 0.814056
v -1.770347 -3.749461 0.918911
v -1.436189 -3.934211 0.753400
v -1.357419 -3.932807 0.890272
v -1.841830 -3.683665 1.045046
v -1.667704 -3.749461 1.099886
v -1.496247 -3.815258 1.127626
v -1.557057 -3.749461 1.246631
v -1.261613 -3.934211 1.019111
v -1.157650 -3.932807 1.137986
v -1.602560 -3.683665 1.384290
v -1.421083 -3.749461 1.404106
v -1.247510 -3.815258 1.397863
v -1.283938 -3.749461 1.526444
v -1.038553 -3.934211 1.245657
v -0.913401 -3.932807 1.341964
v -1.301710 -3.683665 1.670333
v -1.119853 -3.749461 1.654362
v -0.950830 -3.815258 1.614377
v -0.961470 -3.749461 1.747593
v -0.775582 -3.934211 1.424330
v -0.634041 -3.932807 1.494370
v -0.950830 -3.683665 1.892187
v -0.775582 -3.749461 1.841045
v -0.617610 -3.815258 1.768853
v -0.602058 -3.749461 1.901587
v -0.482805 -3.934211 1.548268
v -0.330323 -3.932807 1.589351
v -0.563413 -3.683665 2.041327
v -0.401510 -3.749461 1.956978
v -0.260657 -3.815258 1.855357
v -0.219508 -3.749461 1.982508
v -0.171478 -3.934211 1.612712
v -0.013909 -3.932807 1.623260
v -0.154343 -3.683665 2.112023
v -0.012008 -3.749461 1.997711
v 0.106313 -3.815258 1.870560
v 0.171478 -3.749461 1.987238
v 0.146442 -3.934211 1.615178
v 0.303040 -3.932807 1.594779
v 0.260657 -3.683665 2.101550
v 0.377957 -3.749461 1.961663
v 0.469200 -3.815258 1.813873
v 0.555876 -3.749461 1.915598
v 0.458735 -3.934211 1.555571
v 0.608348 -3.932807 1.505016
v 0.665643 -3.683665 2.010317
v 0.753400 -3.749461 1.850236
v 0.814057 -3.815258 1.687487
v 0.918911 -3.749461 1.770347
v 0.753400 -3.934211 1.436189
v 0.890272 -3.932807 1.357418
v 1.045047 -3.683665 1.841830
v 1.099886 -3.749461 1.667704
v 1.127627 -3.815258 1.496247
v 1.246632 -3.749461 1.557057
v 1.019111 -3.934211 1.261612
v 1.137986 -3.932807 1.157649
v 1.384290 -3.683665 1.602560
v 1.404106 -3.749461 1.421082
v 1.397863 -3.815258 1.247510
v 1.526445 -3.749461 1.283937
v 1.245657 -3.934211 1.038553
v 1.341965 -3.932807 0.913401
v 1.670337 -3.683665 1.301710
v 1.654367 -3.749461 1.119852
v 1.614380 -3.815258 0.950830
v 1.747598 -3.749461 0.961469
v 1.424331 -3.934211 0.775582
v 1.494371 -3.932807 0.634040
v 1.892190 -3.683665 0.950826
v 1.841046 -3.749461 0.775578
v 1.768853 -3.815258 0.617606
v 1.901587 -3.749461 0.602054
v 1.548268 -3.934211 0.482804
v 1.589352 -3.932807 0.330322
v 2.041327 -3.683664 0.563410
v 1.956978 -3.749461 0.401509
v 1.855357 -3.815258 0.260656
v 1.982508 -3.749461 0.219507
v 1.612712 -3.934211 0.171477
v 1.623260 -3.932807 0.013908
v 2.112023 -3.683664 0.154343
v 1.997711 -3.749461 0.012007
v 1.870560 -3.815258 -0.106314
v 1.987238 -3.749461 -0.171478
v 1.615178 -3.934211 -0.146442
v 1.594779 -3.932807 -0.303041
v 2.101550 -3.683664 -0.260657
v 1.961663 -3.749461 -0.377957
v 1.813874 -3.815258 -0.469201
v 1.915598 -3.749461 -0.555877
v 1.555571 -3.934211 -0.458736
v 1.505016 -3.932807 -0.608348
v 2.010317 -3.683664 -0.665644
v 1.850236 -3.749461 -0.753401
v 1.687487 -3.815258 -0.814058
v 1.770347 -3.749461 -0.918912
v 1.436189 -3.934211 -0.753401
v 1.357419 -3.932807 -0.890273
v 1.841830 -3.683664 -1.045048
v 1.667704 -3.749461 -1.099887
v 1.496247 -3.815258 -1.127628
v 1.557057 -3.749461 -1.246633
v 1.261612 -3.934211 -1.019112
v 1.157649 -3.932807 -1.137987
v 1.602560 -3.683664 -1.384291
v 1.421082 -3.749461 -1.404107
v 1.247507 -3.815258 -1.397864
v 1.283933 -3.749461 -1.526446
v 1.038549 -3.934211 -1.245658
v 0.913394 -3.932807 -1.341966
v 1.301707 -3.683664 -1.670338
v 1.119848 -3.749461 -1.654368
v 0.950827 -3.815258 -1.614381
v 0.961468 -3.749461 -1.747599
v 0.775578 -3.934211 -1.424332
v 0.634040 -3.932807 -1.494373
v 0.950827 -3.683664 -1.892191
v 0.775578 -3.749461 -1.841048
v 0.617607 -3.815258 -1.768858
v 0.602054 -3.749461 -1.901593
v 0.482804 -3.934211 -1.548274
v 0.330322 -3.932807 -1.589360
v 0.563410 -3.683664 -2.041331
v 0.401509 -3.749461 -1.956984
v 0.260657 -3.815258 -1.855361
v 0.219508 -3.749461 -1.982509
v 0.171478 -3.934211 -1.612717
v 0.013909 -3.932807 -1.623262
v 0.154343 -3.683664 -2.112025
v 0.012008 -3.749461 -1.997712
v -0.054197 -4.108918 -1.095231
v -0.094324 -4.068401 -1.224847
v 0.013029 -4.068401 -1.230185
v 0.021263 -4.163011 -0.880495
v -0.067746 -4.176534 -0.824092
v -0.150919 -4.163011 -0.867726
v -0.160510 -4.027884 -1.351895
v -0.227216 -4.068401 -1.209087
v -0.266823 -4.108918 -1.063611
v -0.331468 -4.068401 -1.182906
v -0.227216 -4.176534 -0.795040
v -0.317306 -4.163011 -0.821608
v -0.421170 -4.027884 -1.294601
v -0.458735 -4.068401 -1.141525
v -0.469200 -4.108918 -0.991118
v -0.555876 -4.068401 -1.095510
v -0.377957 -4.176534 -0.735433
v -0.471498 -4.163011 -0.743916
v -0.665643 -4.027884 -1.187561
v -0.672622 -4.068401 -1.030099
v -0.653543 -4.108918 -0.880541
v -0.758919 -4.068401 -0.966019
v -0.514172 -4.176534 -0.647569
v -0.607571 -4.163011 -0.637642
v -0.884533 -4.027884 -1.034884
v -0.860658 -4.068401 -0.879084
v -0.812767 -4.108918 -0.736121
v -0.932792 -4.068401 -0.799397
v -0.630625 -4.176534 -0.534817
v -0.720289 -4.163011 -0.506857
v -1.069430 -4.027884 -0.842434
v -1.015620 -4.068401 -0.694287
v -0.940760 -4.108918 -0.563414
v -1.070826 -4.068401 -0.602059
v -0.722843 -4.176534 -0.401511
v -0.805333 -4.163011 -0.356595
v -1.213233 -4.027884 -0.617611
v -1.131553 -4.068401 -0.482806
v -1.032600 -4.108918 -0.369051
v -1.167705 -4.068401 -0.381578
v -0.787287 -4.176534 -0.252773
v -0.859429 -4.163011 -0.192627
v -1.310410 -4.027884 -0.369051
v -1.204002 -4.068401 -0.252773
v -1.084757 -4.108918 -0.160511
v -1.219709 -4.068401 -0.146442
v -0.821473 -4.176534 -0.094325
v -0.880493 -4.163011 -0.021263
v -1.357230 -4.027884 -0.106314
v -1.230183 -4.068401 -0.013030
v -1.095230 -4.108918 0.054196
v -1.224846 -4.068401 0.094324
v -0.824091 -4.176534 0.067745
v -0.867725 -4.163011 0.150918
v -1.351893 -4.027884 0.160509
v -1.209086 -4.068401 0.227215
v -1.063610 -4.108918 0.266823
v -1.182905 -4.068401 0.331468
v -0.795039 -4.176534 0.227215
v -0.821607 -4.163011 0.317305
v -1.294600 -4.027884 0.421169
v -1.141524 -4.068401 0.458734
v -0.991117 -4.108918 0.469200
v -1.095509 -4.068401 0.555875
v -0.735433 -4.176534 0.377956
v -0.743915 -4.163011 0.471497
v -1.187560 -4.027884 0.665643
v -1.030097 -4.068401 0.672621
v -0.880540 -4.108918 0.653543
v -0.966018 -4.068401 0.758920
v -0.647568 -4.176534 0.514172
v -0.637641 -4.163011 0.607572
v -1.034883 -4.027884 0.884536
v -0.879083 -4.068401 0.860661
v -0.736120 -4.108918 0.812770
v -0.799396 -4.068401 0.932796
v -0.534817 -4.176534 0.630625
v -0.506856 -4.163011 0.720290
v -0.842433 -4.027884 1.069433
v -0.694287 -4.068401 1.015620
v -0.563413 -4.108918 0.940760
v -0.602058 -4.068401 1.070825
v -0.401510 -4.176534 0.722843
v -0.356594 -4.163011 0.805333
v -0.617610 -4.027884 1.213233
v -0.482805 -4.068401 1.131553
v -0.369050 -4.108918 1.032600
v -0.381578 -4.068401 1.167705
v -0.252773 -4.176534 0.787286
v -0.192627 -4.163011 0.859428
v -0.369050 -4.027884 1.310410
v -0.252773 -4.068401 1.204001
v -0.160510 -4.108918 1.084756
v -0.146441 -4.068401 1.219709
v -0.094324 -4.176534 0.821472
v -0.021262 -4.163011 0.880493
v -0.106313 -4.027884 1.357230
v -0.013028 -4.068401 1.230182
v 0.054200 -4.108918 1.095230
v 0.094328 -4.068401 1.224846
v 0.067750 -4.176534 0.824090
v 0.150925 -4.163011 0.867725
v 0.160513 -4.027884 1.351893
v 0.227220 -4.068401 1.209085
v 0.266827 -4.108918 1.063610
v 0.331469 -4.068401 1.182905
v 0.227220 -4.176534 0.795039
v 0.317307 -4.163011 0.821606
v 0.421170 -4.027884 1.294600
v 0.458735 -4.068401 1.141524
v 0.469200 -4.108918 0.991116
v 0.555876 -4.068401 1.095509
v 0.377957 -4.176534 0.735432
v 0.471498 -4.163011 0.743914
v 0.665643 -4.027884 1.187560
v 0.672622 -4.068401 1.030096
v 0.653543 -4.108918 0.880536
v 0.758920 -4.068401 0.966014
v 0.514172 -4.176534 0.647564
v 0.607572 -4.163011 0.637634
v 0.884537 -4.027884 1.034880
v 0.860662 -4.068401 0.879079
v 0.812770 -4.108918 0.736116
v 0.932796 -4.068401 0.799395
v 0.630626 -4.176534 0.534812
v 0.720290 -4.163011 0.506855
v 1.069433 -4.027884 0.842433
v 1.015621 -4.068401 0.694286
v 0.940760 -4.108918 0.563413
v 1.070826 -4.068401 0.602058
v 0.722843 -4.176534 0.401509
v 0.805333 -4.163011 0.356593
v 1.213233 -4.027884 0.617610
v 1.131553 -4.068401 0.482804
v 1.032600 -4.108918 0.369049
v 1.167705 -4.068401 0.381577
v 0.787287 -4.176534 0.252772
v 0.859429 -4.163011 0.192626
v 1.310410 -4.027884 0.369049
v 1.204002 -4.068401 0.252772
v 1.084757 -4.108918 0.160509
v 1.219709 -4.068401 0.146440
v 0.821473 -4.176534 0.094324
v 0.880493 -4.163011 0.021261
v 1.357230 -4.027884 0.106313
v 1.230183 -4.068401 0.013028
v 1.095230 -4.108918 -0.054201
v 1.224846 -4.068401 -0.094329
v 0.824091 -4.176534 -0.067751
v 0.867725 -4.163011 -0.150926
v 1.351893 -4.027884 -0.160514
v 1.209086 -4.068401 -0.227221
v 1.063610 -4.108918 -0.266827
v 1.182905 -4.068401 -0.331470
v 0.795039 -4.176534 -0.227221
v 0.821607 -4.163011 -0.317307
v 1.294600 -4.027884 -0.421171
v 1.141524 -4.068401 -0.458736
v 0.991117 -4.108918 -0.469201
v 1.095509 -4.068401 -0.555877
v 0.735433 -4.176534 -0.377957
v 0.743915 -4.163011 -0.471499
v 1.187560 -4.027884 -0.665644
v 1.030097 -4.068401 -0.672623
v 0.880537 -4.108918 -0.653544
v 0.966014 -4.068401 -0.758921
v 0.647564 -4.176534 -0.514173
v 0.637635 -4.163011 -0.607573
v 1.034880 -4.027884 -0.884538
v 0.879079 -4.068401 -0.860663
v 0.736117 -4.108918 -0.812771
v 0.799394 -4.068401 -0.932797
v 0.534813 -4.176534 -0.630627
v 0.506855 -4.163011 -0.720291
v 0.842430 -4.027884 -1.069434
v 0.694282 -4.068401 -1.015622
v 0.563410 -4.108918 -0.940761
v 0.602054 -4.068401 -1.070827
v 0.401509 -4.176534 -0.722844
v 0.356593 -4.163011 -0.805334
v 0.617607 -4.027884 -1.213234
v 0.482804 -4.068401 -1.131554
v 0.369050 -4.108918 -1.032601
v 0.381578 -4.068401 -1.167707
v 0.252773 -4.176534 -0.787288
v 0.192627 -4.163011 -0.859430
v 0.369050 -4.027884 -1.310414
v 0.252773 -4.068401 -1.204007
v 0.160510 -4.108918 -1.084761
v 0.146441 -4.068401 -1.219715
v 0.094324 -4.176534 -0.821474
v 0.021263 -4.163011 -0.880495
v 0.106313 -4.027884 -1.357234
v 0.013029 -4.068401 -1.230185
v -0.054197 -4.217315 -0.550284
v 0.000000 -4.224156 -0.483500
v 0.000000 -4.267766 -0.000001
v -0.094324 -4.224156 -0.474211
v -0.160510 -4.217315 -0.529138
v -0.094324 -4.224156 -0.474211
v 0.000000 -4.267766 -0.000001
v -0.185027 -4.224156 -0.446696
v -0.260657 -4.217315 -0.487654
v -0.185027 -4.224156 -0.446696
v 0.000000 -4.267766 -0.000001
v -0.268618 -4.224156 -0.402015
v -0.350787 -4.217315 -0.427434
v -0.268618 -4.224156 -0.402015
v 0.000000 -4.267766 -0.000001
v -0.341888 -4.224156 -0.341888
v -0.427433 -4.217315 -0.350787
v -0.341888 -4.224156 -0.341888
v 0.000000 -4.267766 -0.000001
v -0.402014 -4.224156 -0.268619
v -0.487653 -4.217315 -0.260657
v -0.402014 -4.224156 -0.268619
v 0.000000 -4.267766 -0.000001
v -0.446695 -4.224156 -0.185027
v -0.529137 -4.217315 -0.160511
v -0.446695 -4.224156 -0.185027
v 0.000000 -4.267766 -0.000001
v -0.474210 -4.224156 -0.094325
v -0.550283 -4.217315 -0.054197
v -0.474210 -4.224156 -0.094325
v 0.000000 -4.267766 -0.000001
v -0.483499 -4.224156 -0.000001
v -0.550283 -4.217315 0.054196
v -0.483499 -4.224156 -0.000001
v 0.000000 -4.267766 -0.000001
v -0.474210 -4.224156 0.094324
v -0.529137 -4.217315 0.160509
v -0.474210 -4.224156 0.094324
v 0.000000 -4.267766 -0.000001
v -0.446695 -4.224156 0.185026
v -0.487653 -4.217315 0.260656
v -0.446695 -4.224156 0.185026
v 0.000000 -4.267766 -0.000001
v -0.402014 -4.224156 0.268618
v -0.427433 -4.217315 0.350786
v -0.402014 -4.224156 0.268618
v 0.000000 -4.267766 -0.000001
v -0.341888 -4.224156 0.341887
v -0.350787 -4.217315 0.427433
v -0.341888 -4.224156 0.341887
v 0.000000 -4.267766 -0.000001
v -0.268618 -4.224156 0.402014
v -0.260657 -4.217315 0.487653
v -0.268618 -4.224156 0.402014
v 0.000000 -4.267766 -0.000001
v -0.185027 -4.224156 0.446694
v -0.160510 -4.217315 0.529136
v -0.185027 -4.224156 0.446694
v 0.000000 -4.267766 -0.000001
v -0.094324 -4.224156 0.474209
v -0.054197 -4.217315 0.550283
v -0.094324 -4.224156 0.474209
v 0.000000 -4.267766 -0.000001
v 0.000001 -4.224156 0.483499
v 0.054200 -4.217315 0.550283
v 0.000001 -4.224156 0.483499
v 0.000000 -4.267766 -0.000001
v 0.094328 -4.224156 0.474209
v 0.160513 -4.217315 0.529136
v 0.094328 -4.224156 0.474209
v 0.000000 -4.267766 -0.000001
v 0.185028 -4.224156 0.446694
v 0.260657 -4.217315 0.487653
v 0.185028 -4.224156 0.446694
v 0.000000 -4.267766 -0.000001
v 0.268618 -4.224156 0.402013
v 0.350787 -4.217315 0.427429
v 0.268618 -4.224156 0.402013
v 0.000000 -4.267766 -0.000001
v 0.341888 -4.224156 0.341883
v 0.427433 -4.217315 0.350783
v 0.341888 -4.224156 0.341883
v 0.000000 -4.267766 -0.000001
v 0.402014 -4.224156 0.268617
v 0.487653 -4.217315 0.260656
v 0.402014 -4.224156 0.268617
v 0.000000 -4.267766 -0.000001
v 0.446695 -4.224156 0.185026
v 0.529137 -4.217315 0.160509
v 0.446695 -4.224156 0.185026
v 0.000000 -4.267766 -0.000001
v 0.474210 -4.224156 0.094324
v 0.550283 -4.217315 0.054196
v 0.474210 -4.224156 0.094324
v 0.000000 -4.267766 -0.000001
v 0.483499 -4.224156 -0.000002
v 0.550283 -4.217315 -0.054201
v 0.483499 -4.224156 -0.000002
v 0.000000 -4.267766 -0.000001
v 0.474210 -4.224156 -0.094329
v 0.529137 -4.217315 -0.160514
v 0.474210 -4.224156 -0.094329
v 0.000000 -4.267766 -0.000001
v 0.446695 -4.224156 -0.185028
v 0.487653 -4.217315 -0.260657
v 0.446695 -4.224156 -0.185028
v 0.000000 -4.267766 -0.000001
v 0.402013 -4.224156 -0.268619
v 0.427430 -4.217315 -0.350787
v 0.402013 -4.224156 -0.268619
v 0.000000 -4.267766 -0.000001
v 0.341883 -4.224156 -0.341888
v 0.350783 -4.217315 -0.427434
v 0.341883 -4.224156 -0.341888
v 0.000000 -4.267766 -0.000001
v 0.268618 -4.224156 -0.402015
v 0.260657 -4.217315 -0.487654
v 0.268618 -4.224156 -0.402015
v 0.000000 -4.267766 -0.000001
v 0.185027 -4.224156 -0.446696
v 0.160510 -4.217315 -0.529138
v 0.185027 -4.224156 -0.446696
v 0.000000 -4.267766 -0.000001
v 0.094324 -4.224156 -0.474211
v 0.054197 -4.217315 -0.550284
v 0.094324 -4.224156 -0.474211
v 0.000000 -4.267766 -0.000001
v 0.000000 -4.224156 -0.483500
vn -0.0158 0.9921 -0.1244
vn -0.0229 0.9931 -0.1146
vn -0.0000 1.0000 -0.0000
vn -0.0001 0.9931 -0.1169
vn -0.0063 0.9808 -0.1951
vn -0.0211 0.9818 -0.1889
vn -0.0442 0.9808 -0.1901
vn -0.0398 0.9921 -0.1189
vn -0.0448 0.9931 -0.1079
vn -0.0576 0.9818 -0.1812
vn -0.0805 0.9808 -0.1778
vn -0.0622 0.9921 -0.1089
vn -0.0650 0.9931 -0.0971
vn -0.0918 0.9818 -0.1664
vn -0.1136 0.9808 -0.1587
vn -0.0823 0.9921 -0.0947
vn -0.0827 0.9931 -0.0826
vn -0.1225 0.9818 -0.1453
vn -0.1424 0.9808 -0.1335
vn -0.0991 0.9921 -0.0768
vn -0.0972 0.9931 -0.0649
vn -0.1485 0.9818 -0.1186
vn -0.1657 0.9808 -0.1031
vn -0.1122 0.9921 -0.0560
vn -0.1080 0.9931 -0.0447
vn -0.1688 0.9818 -0.0874
vn -0.1826 0.9808 -0.0688
vn -0.1210 0.9921 -0.0330
vn -0.1146 0.9931 -0.0227
vn -0.1080 0.9931 -0.0446
vn -0.1826 0.9818 -0.0528
vn -0.1925 0.9808 -0.0319
vn -0.1251 0.9921 -0.0088
vn -0.1169 0.9931 0.0001
vn -0.1894 0.9818 -0.0161
vn -0.1951 0.9808 0.0063
vn -0.1244 0.9921 0.0158
vn -0.1146 0.9931 0.0228
vn -0.1889 0.9818 0.0211
vn -0.1901 0.9808 0.0442
vn -0.1190 0.9921 0.0398
vn -0.1079 0.9931 0.0448
vn -0.1812 0.9818 0.0576
vn -0.1778 0.9808 0.0805
vn -0.1088 0.9921 0.0622
vn -0.0971 0.9931 0.0650
vn -0.1664 0.9818 0.0918
vn -0.1587 0.9808 0.1136
vn -0.0946 0.9921 0.0822
vn -0.0826 0.9931 0.0827
vn -0.1453 0.9818 0.1225
vn -0.1335 0.9808 0.1424
vn -0.0768 0.9921 0.0992
vn -0.0649 0.9931 0.0972
vn -0.1186 0.9818 0.1485
vn -0.1031 0.9808 0.1657
vn -0.0560 0.9921 0.1123
vn -0.0447 0.9931 0.1080
vn -0.0874 0.9818 0.1688
vn -0.0688 0.9808 0.1826
vn -0.0330 0.9921 0.1210
vn -0.0228 0.9931 0.1146
vn -0.0446 0.9931 0.1080
vn -0.0528 0.9818 0.1826
vn -0.0319 0.9808 0.1925
vn -0.0088 0.9921 0.1251
vn -0.0000 0.9931 0.1169
vn -0.0227 0.9931 0.1146
vn -0.0161 0.9818 0.1894
vn 0.0063 0.9808 0.1951
vn 0.0158 0.9921 0.1244
vn 0.0229 0.9931 0.1146
vn 0.0001 0.9931 0.1169
vn 0.0211 0.9818 0.1889
vn 0.0442 0.9808 0.1901
vn 0.0397 0.9921 0.1189
vn 0.0448 0.9931 0.1079
vn 0.0576 0.9818 0.1812
vn 0.0805 0.9808 0.1778
vn 0.0622 0.9921 0.1089
vn 0.0650 0.9931 0.0971
vn 0.0447 0.9931 0.1079
vn 0.0918 0.9818 0.1664
vn 0.1136 0.9808 0.1587
vn 0.0822 0.9921 0.0946
vn 0.0827 0.9931 0.0826
vn 0.1225 0.9818 0.1453
vn 0.1424 0.9808 0.1335
vn 0.0991 0.9921 0.0768
vn 0.0972 0.9931 0.0649
vn 0.1486 0.9818 0.1187
vn 0.1657 0.9808 0.1031
vn 0.1123 0.9921 0.0560
vn 0.1080 0.9931 0.0447
vn 0.1688 0.9818 0.0874
vn 0.1826 0.9808 0.0688
vn 0.1208 0.9921 0.0330
vn 0.1146 0.9931 0.0227
vn 0.1080 0.9931 0.0446
vn 0.1827 0.9818 0.0528
vn 0.1925 0.9808 0.0319
vn 0.1251 0.9921 0.0088
vn 0.1169 0.9931 -0.0001
vn 0.1894 0.9818 0.0161
vn 0.1951 0.9808 -0.0063
vn 0.1244 0.9921 -0.0158
vn 0.1146 0.9931 -0.0228
vn 0.1889 0.9818 -0.0211
vn 0.1901 0.9808 -0.0442
vn 0.1188 0.9921 -0.0397
vn 0.1079 0.9931 -0.0448
vn 0.1146 0.9931 -0.0229
vn 0.1812 0.9818 -0.0576
vn 0.1778 0.9808 -0.0805
vn 0.1089 0.9921 -0.0622
vn 0.0971 0.9931 -0.0650
vn 0.1664 0.9818 -0.0918
vn 0.1587 0.9808 -0.1136
vn 0.0947 0.9921 -0.0823
vn 0.0826 0.9931 -0.0827
vn 0.1453 0.9818 -0.1225
vn 0.1335 0.9808 -0.1424
vn 0.0768 0.9921 -0.0992
vn 0.0649 0.9931 -0.0972
vn 0.1186 0.9818 -0.1485
vn 0.1031 0.9808 -0.1657
vn 0.0560 0.9921 -0.1122
vn 0.0447 0.9931 -0.1080
vn 0.0874 0.9818 -0.1688
vn 0.0688 0.9808 -0.1826
vn 0.0330 0.9921 -0.1210
vn 0.0227 0.9931 -0.1146
vn 0.0528 0.9818 -0.1826
vn 0.0319 0.9808 -0.1925
vn 0.0088 0.9921 -0.1251
vn 0.0161 0.9818 -0.1894
vn -0.0293 0.9475 -0.3186
vn -0.0354 0.9554 -0.2933
vn -0.0022 0.9554 -0.2953
vn -0.0047 0.9220 -0.3871
vn -0.0394 0.9229 -0.3829
vn -0.0800 0.9221 -0.3786
vn -0.0318 0.9654 -0.2589
vn -0.0598 0.9554 -0.2891
vn -0.0909 0.9475 -0.3067
vn -0.0919 0.9554 -0.2808
vn -0.1138 0.9229 -0.3677
vn -0.1525 0.9220 -0.3558
vn -0.0817 0.9654 -0.2477
vn -0.1151 0.9554 -0.2719
vn -0.1490 0.9475 -0.2831
vn -0.1449 0.9554 -0.2575
vn -0.1833 0.9229 -0.3385
vn -0.2186 0.9222 -0.3189
vn -0.1285 0.9654 -0.2270
vn -0.1659 0.9554 -0.2443
vn -0.2014 0.9475 -0.2486
vn -0.1924 0.9554 -0.2242
vn -0.2455 0.9229 -0.2965
vn -0.2770 0.9220 -0.2704
vn -0.1703 0.9654 -0.1976
vn -0.2104 0.9554 -0.2072
vn -0.2460 0.9475 -0.2045
vn -0.2324 0.9554 -0.1823
vn -0.2989 0.9229 -0.2426
vn -0.3244 0.9220 -0.2111
vn -0.2056 0.9654 -0.1606
vn -0.2467 0.9554 -0.1622
vn -0.2812 0.9475 -0.1526
vn -0.2636 0.9554 -0.1335
vn -0.3403 0.9229 -0.1800
vn -0.3589 0.9222 -0.1437
vn -0.2330 0.9654 -0.1174
vn -0.2736 0.9554 -0.1109
vn -0.3055 0.9475 -0.0948
vn -0.2845 0.9554 -0.0795
vn -0.3690 0.9229 -0.1097
vn -0.3805 0.9220 -0.0709
vn -0.2514 0.9654 -0.0697
vn -0.2900 0.9554 -0.0554
vn -0.3182 0.9475 -0.0334
vn -0.2946 0.9554 -0.0225
vn -0.3833 0.9229 -0.0360
vn -0.3869 0.9221 0.0047
vn -0.2601 0.9654 -0.0193
vn -0.2953 0.9554 0.0022
vn -0.3186 0.9475 0.0293
vn -0.2933 0.9554 0.0354
vn -0.3829 0.9229 0.0395
vn -0.3789 0.9219 0.0802
vn -0.2589 0.9654 0.0318
vn -0.2891 0.9554 0.0598
vn -0.3067 0.9475 0.0909
vn -0.2808 0.9554 0.0919
vn -0.3677 0.9229 0.1138
vn -0.3554 0.9222 0.1522
vn -0.2477 0.9654 0.0817
vn -0.2719 0.9554 0.1150
vn -0.2831 0.9474 0.1490
vn -0.2574 0.9554 0.1450
vn -0.3385 0.9229 0.1833
vn -0.3192 0.9220 0.2189
vn -0.2270 0.9654 0.1285
vn -0.2443 0.9554 0.1659
vn -0.2486 0.9475 0.2014
vn -0.2242 0.9554 0.1924
vn -0.2964 0.9229 0.2456
vn -0.2704 0.9220 0.2770
vn -0.1976 0.9654 0.1703
vn -0.2072 0.9554 0.2103
vn -0.2045 0.9474 0.2460
vn -0.1824 0.9554 0.2324
vn -0.2429 0.9229 0.2986
vn -0.2111 0.9221 0.3243
vn -0.1606 0.9654 0.2056
vn -0.1622 0.9554 0.2467
vn -0.1526 0.9475 0.2812
vn -0.1335 0.9554 0.2636
vn -0.1800 0.9229 0.3403
vn -0.1438 0.9220 0.3594
vn -0.1174 0.9654 0.2330
vn -0.1109 0.9554 0.2736
vn -0.0948 0.9474 0.3055
vn -0.0796 0.9554 0.2845
vn -0.1102 0.9229 0.3688
vn -0.0709 0.9220 0.3806
vn -0.0697 0.9654 0.2514
vn -0.0554 0.9554 0.2900
vn -0.0334 0.9475 0.3182
vn -0.0225 0.9554 0.2946
vn -0.0356 0.9229 0.3833
vn 0.0048 0.9220 0.3872
vn -0.0193 0.9654 0.2601
vn 0.0022 0.9554 0.2953
vn 0.0293 0.9475 0.3186
vn 0.0354 0.9554 0.2933
vn 0.0394 0.9229 0.3829
vn 0.0800 0.9221 0.3786
vn 0.0318 0.9654 0.2589
vn 0.0598 0.9554 0.2891
vn 0.0909 0.9474 0.3067
vn 0.0919 0.9554 0.2808
vn 0.1133 0.9229 0.3679
vn 0.1526 0.9220 0.3559
vn 0.0817 0.9654 0.2477
vn 0.1151 0.9554 0.2719
vn 0.1490 0.9474 0.2831
vn 0.1450 0.9554 0.2574
vn 0.1829 0.9229 0.3387
vn 0.2189 0.9220 0.3192
vn 0.1285 0.9654 0.2270
vn 0.1659 0.9554 0.2443
vn 0.2014 0.9475 0.2486
vn 0.1924 0.9554 0.2242
vn 0.2455 0.9229 0.2965
vn 0.2772 0.9220 0.2705
vn 0.1703 0.9654 0.1976
vn 0.2104 0.9554 0.2072
vn 0.2460 0.9474 0.2045
vn 0.2324 0.9554 0.1823
vn 0.2985 0.9229 0.2431
vn 0.3243 0.9221 0.2111
vn 0.2056 0.9654 0.1606
vn 0.2467 0.9554 0.1622
vn 0.2812 0.9475 0.1526
vn 0.2636 0.9554 0.1335
vn 0.3405 0.9229 0.1796
vn 0.3594 0.9220 0.1438
vn 0.2330 0.9654 0.1174
vn 0.2736 0.9554 0.1109
vn 0.3055 0.9474 0.0948
vn 0.2845 0.9554 0.0796
vn 0.3689 0.9229 0.1100
vn 0.3806 0.9220 0.0709
vn 0.2514 0.9654 0.0697
vn 0.2900 0.9554 0.0554
vn 0.3182 0.9475 0.0334
vn 0.2946 0.9554 0.0225
vn 0.3833 0.9229 0.0361
vn 0.3873 0.9219 -0.0048
vn 0.2601 0.9654 0.0193
vn 0.2953 0.9554 -0.0022
vn 0.3186 0.9475 -0.0293
vn 0.2933 0.9554 -0.0354
vn 0.3829 0.9229 -0.0394
vn 0.3786 0.9221 -0.0800
vn 0.2589 0.9654 -0.0318
vn 0.2891 0.9554 -0.0598
vn 0.3067 0.9474 -0.0909
vn 0.2808 0.9554 -0.0920
vn 0.3679 0.9229 -0.1133
vn 0.3559 0.9220 -0.1526
vn 0.2477 0.9654 -0.0817
vn 0.2719 0.9554 -0.1150
vn 0.2831 0.9475 -0.1490
vn 0.2574 0.9554 -0.1450
vn 0.3385 0.9229 -0.1833
vn 0.3192 0.9220 -0.2189
vn 0.2270 0.9654 -0.1285
vn 0.2443 0.9554 -0.1659
vn 0.2486 0.9475 -0.2014
vn 0.2242 0.9554 -0.1924
vn 0.2965 0.9229 -0.2455
vn 0.2704 0.9220 -0.2770
vn 0.1976 0.9654 -0.1703
vn 0.2072 0.9554 -0.2104
vn 0.2045 0.9474 -0.2460
vn 0.1824 0.9554 -0.2324
vn 0.2426 0.9229 -0.2989
vn 0.2111 0.9221 -0.3243
vn 0.1606 0.9654 -0.2056
vn 0.1622 0.9554 -0.2467
vn 0.1526 0.9474 -0.2812
vn 0.1335 0.9554 -0.2636
vn 0.1796 0.9229 -0.3405
vn 0.1438 0.9220 -0.3596
vn 0.1174 0.9654 -0.2330
vn 0.1109 0.9554 -0.2736
vn 0.0948 0.9475 -0.3055
vn 0.0795 0.9554 -0.2845
vn 0.1102 0.9229 -0.3688
vn 0.0709 0.9220 -0.3806
vn 0.0697 0.9654 -0.2514
vn 0.0554 0.9554 -0.2900
vn 0.0334 0.9475 -0.3182
vn 0.0225 0.9554 -0.2946
vn 0.0360 0.9229 -0.3833
vn 0.0193 0.9654 -0.2601
vn -0.0437 0.8684 -0.4939
vn -0.0512 0.8800 -0.4722
vn -0.0033 0.8803 -0.4744
vn -0.0044 0.8293 -0.5588
vn -0.0564 0.8299 -0.5551
vn -0.1132 0.8294 -0.5470
vn -0.0533 0.8936 -0.4458
vn -0.0957 0.8803 -0.4646
vn -0.1392 0.8684 -0.4759
vn -0.1423 0.8800 -0.4531
vn -0.1639 0.8297 -0.5336
vn -0.2180 0.8292 -0.5147
vn -0.1393 0.8935 -0.4269
vn -0.1846 0.8803 -0.4370
vn -0.2294 0.8684 -0.4395
vn -0.2280 0.8800 -0.4166
vn -0.2645 0.8299 -0.4913
vn -0.3143 0.8291 -0.4623
vn -0.2198 0.8935 -0.3915
vn -0.2663 0.8803 -0.3926
vn -0.3107 0.8684 -0.3864
vn -0.3049 0.8800 -0.3642
vn -0.3556 0.8297 -0.4302
vn -0.3983 0.8292 -0.3921
vn -0.2920 0.8935 -0.3411
vn -0.3377 0.8803 -0.3331
vn -0.3801 0.8684 -0.3183
vn -0.3701 0.8800 -0.2977
vn -0.4324 0.8299 -0.3526
vn -0.4668 0.8294 -0.3068
vn -0.3529 0.8936 -0.2775
vn -0.3963 0.8803 -0.2608
vn -0.4349 0.8685 -0.2380
vn -0.4210 0.8800 -0.2198
vn -0.4929 0.8299 -0.2615
vn -0.5177 0.8294 -0.2098
vn -0.4003 0.8936 -0.2034
vn -0.4395 0.8803 -0.1785
vn -0.4730 0.8685 -0.1486
vn -0.4559 0.8800 -0.1334
vn -0.5344 0.8299 -0.1603
vn -0.5491 0.8292 -0.1047
vn -0.4323 0.8935 -0.1214
vn -0.4659 0.8803 -0.0893
vn -0.4929 0.8684 -0.0535
vn -0.4731 0.8800 -0.0419
vn -0.5554 0.8299 -0.0530
vn -0.5590 0.8292 0.0045
vn -0.4476 0.8935 -0.0347
vn -0.4744 0.8803 0.0033
vn -0.4938 0.8685 0.0437
vn -0.4722 0.8800 0.0512
vn -0.5551 0.8299 0.0564
vn -0.5470 0.8294 0.1132
vn -0.4458 0.8936 0.0533
vn -0.4646 0.8803 0.0957
vn -0.4758 0.8685 0.1392
vn -0.4532 0.8800 0.1424
vn -0.5334 0.8299 0.1636
vn -0.5147 0.8292 0.2180
vn -0.4268 0.8936 0.1392
vn -0.4370 0.8803 0.1845
vn -0.4395 0.8684 0.2294
vn -0.4167 0.8800 0.2280
vn -0.4913 0.8299 0.2645
vn -0.4622 0.8292 0.3142
vn -0.3915 0.8936 0.2198
vn -0.3926 0.8803 0.2663
vn -0.3863 0.8685 0.3107
vn -0.3642 0.8800 0.3049
vn -0.4302 0.8299 0.3553
vn -0.3921 0.8292 0.3983
vn -0.3411 0.8935 0.2920
vn -0.3331 0.8803 0.3378
vn -0.3183 0.8685 0.3801
vn -0.2977 0.8800 0.3701
vn -0.3526 0.8299 0.4324
vn -0.3068 0.8294 0.4668
vn -0.2776 0.8935 0.3529
vn -0.2608 0.8803 0.3962
vn -0.2380 0.8685 0.4349
vn -0.2198 0.8800 0.4211
vn -0.2614 0.8297 0.4932
vn -0.2098 0.8292 0.5180
vn -0.2034 0.8935 0.4003
vn -0.1785 0.8803 0.4395
vn -0.1486 0.8684 0.4730
vn -0.1334 0.8800 0.4558
vn -0.1602 0.8297 0.5347
vn -0.1048 0.8294 0.5487
vn -0.1214 0.8936 0.4322
vn -0.0893 0.8803 0.4659
vn -0.0535 0.8684 0.4929
vn -0.0419 0.8800 0.4731
vn -0.0528 0.8297 0.5557
vn 0.0043 0.8294 0.5586
vn -0.0347 0.8936 0.4476
vn 0.0033 0.8803 0.4744
vn 0.0437 0.8685 0.4938
vn 0.0512 0.8800 0.4721
vn 0.0564 0.8299 0.5551
vn 0.1132 0.8294 0.5470
vn 0.0533 0.8935 0.4458
vn 0.0958 0.8803 0.4646
vn 0.1392 0.8685 0.4758
vn 0.1423 0.8800 0.4531
vn 0.1636 0.8299 0.5334
vn 0.2179 0.8292 0.5146
vn 0.1392 0.8935 0.4269
vn 0.1846 0.8803 0.4370
vn 0.2294 0.8685 0.4395
vn 0.2280 0.8800 0.4166
vn 0.2645 0.8299 0.4912
vn 0.3143 0.8291 0.4623
vn 0.2198 0.8936 0.3915
vn 0.2663 0.8803 0.3926
vn 0.3107 0.8685 0.3863
vn 0.3049 0.8800 0.3642
vn 0.3553 0.8299 0.4302
vn 0.3980 0.8294 0.3920
vn 0.2920 0.8935 0.3411
vn 0.3378 0.8803 0.3331
vn 0.3801 0.8684 0.3183
vn 0.3701 0.8800 0.2977
vn 0.4324 0.8299 0.3526
vn 0.4668 0.8294 0.3068
vn 0.3529 0.8936 0.2775
vn 0.3963 0.8803 0.2608
vn 0.4349 0.8685 0.2380
vn 0.4210 0.8800 0.2197
vn 0.4929 0.8299 0.2615
vn 0.5182 0.8291 0.2098
vn 0.4003 0.8935 0.2034
vn 0.4395 0.8803 0.1785
vn 0.4730 0.8685 0.1486
vn 0.4559 0.8800 0.1334
vn 0.5344 0.8299 0.1603
vn 0.5487 0.8294 0.1048
vn 0.4323 0.8935 0.1214
vn 0.4659 0.8803 0.0893
vn 0.4929 0.8684 0.0535
vn 0.4731 0.8800 0.0419
vn 0.5557 0.8297 0.0528
vn 0.5590 0.8292 -0.0045
vn 0.4476 0.8935 0.0347
vn 0.4744 0.8803 -0.0033
vn 0.4939 0.8684 -0.0437
vn 0.4722 0.8800 -0.0512
vn 0.5551 0.8299 -0.0564
vn 0.5473 0.8292 -0.1134
vn 0.4458 0.8935 -0.0533
vn 0.4646 0.8803 -0.0958
vn 0.4758 0.8684 -0.1392
vn 0.4531 0.8800 -0.1423
vn 0.5334 0.8299 -0.1636
vn 0.5146 0.8292 -0.2179
vn 0.4268 0.8936 -0.1392
vn 0.4370 0.8803 -0.1846
vn 0.4395 0.8685 -0.2294
vn 0.4167 0.8800 -0.2280
vn 0.4912 0.8299 -0.2645
vn 0.4621 0.8294 -0.3139
vn 0.3915 0.8936 -0.2198
vn 0.3926 0.8803 -0.2663
vn 0.3864 0.8684 -0.3107
vn 0.3642 0.8800 -0.3049
vn 0.4302 0.8299 -0.3553
vn 0.3920 0.8294 -0.3980
vn 0.3411 0.8936 -0.2920
vn 0.3331 0.8803 -0.3378
vn 0.3183 0.8685 -0.3801
vn 0.2977 0.8800 -0.3701
vn 0.3526 0.8299 -0.4324
vn 0.3068 0.8294 -0.4668
vn 0.2776 0.8935 -0.3529
vn 0.2608 0.8803 -0.3962
vn 0.2380 0.8685 -0.4349
vn 0.2198 0.8800 -0.4211
vn 0.2615 0.8299 -0.4929
vn 0.2098 0.8294 -0.5177
vn 0.2034 0.8936 -0.4003
vn 0.1785 0.8803 -0.4395
vn 0.1486 0.8684 -0.4730
vn 0.1334 0.8800 -0.4558
vn 0.1601 0.8297 -0.5348
vn 0.1048 0.8294 -0.5487
vn 0.1214 0.8935 -0.4323
vn 0.0893 0.8803 -0.4659
vn 0.0535 0.8685 -0.4929
vn 0.0419 0.8800 -0.4731
vn 0.0530 0.8299 -0.5554
vn 0.0347 0.8935 -0.4476
vn -0.0556 0.7562 -0.6519
vn -0.0665 0.7704 -0.6341
vn -0.0029 0.7709 -0.6370
vn -0.0038 0.7048 -0.7094
vn -0.0713 0.7049 -0.7057
vn -0.1421 0.7049 -0.6949
vn -0.0733 0.7867 -0.6129
vn -0.1270 0.7709 -0.6242
vn -0.1817 0.7562 -0.6285
vn -0.1890 0.7704 -0.6089
vn -0.2071 0.7050 -0.6783
vn -0.2749 0.7049 -0.6539
vn -0.1915 0.7867 -0.5868
vn -0.2464 0.7709 -0.5874
vn -0.3009 0.7562 -0.5810
vn -0.3040 0.7704 -0.5603
vn -0.3354 0.7050 -0.6249
vn -0.3972 0.7049 -0.5877
vn -0.3023 0.7867 -0.5382
vn -0.3562 0.7709 -0.5281
vn -0.4084 0.7562 -0.5111
vn -0.4077 0.7704 -0.4902
vn -0.4512 0.7049 -0.5473
vn -0.5042 0.7049 -0.4989
vn -0.4015 0.7867 -0.4689
vn -0.4524 0.7709 -0.4484
vn -0.5003 0.7562 -0.4216
vn -0.4955 0.7704 -0.4013
vn -0.5493 0.7049 -0.4487
vn -0.5918 0.7049 -0.3909
vn -0.4852 0.7868 -0.3815
vn -0.5312 0.7709 -0.3515
vn -0.5730 0.7562 -0.3159
vn -0.5642 0.7704 -0.2969
vn -0.6261 0.7050 -0.3332
vn -0.6567 0.7049 -0.2680
vn -0.5504 0.7867 -0.2795
vn -0.5896 0.7709 -0.2412
vn -0.6236 0.7562 -0.1981
vn -0.6113 0.7704 -0.1812
vn -0.6790 0.7050 -0.2047
vn -0.6964 0.7049 -0.1347
vn -0.5943 0.7867 -0.1668
vn -0.6253 0.7709 -0.1215
vn -0.6502 0.7562 -0.0726
vn -0.6349 0.7704 -0.0585
vn -0.7059 0.7050 -0.0683
vn -0.7093 0.7049 0.0037
vn -0.6154 0.7868 -0.0477
vn -0.6370 0.7709 0.0029
vn -0.6519 0.7562 0.0557
vn -0.6341 0.7704 0.0665
vn -0.7057 0.7050 0.0708
vn -0.6949 0.7049 0.1421
vn -0.6129 0.7867 0.0733
vn -0.6242 0.7709 0.1271
vn -0.6285 0.7562 0.1817
vn -0.6089 0.7704 0.1890
vn -0.6783 0.7050 0.2071
vn -0.6539 0.7049 0.2749
vn -0.5868 0.7867 0.1915
vn -0.5874 0.7709 0.2464
vn -0.5810 0.7562 0.3009
vn -0.5603 0.7704 0.3041
vn -0.6249 0.7050 0.3354
vn -0.5877 0.7049 0.3972
vn -0.5382 0.7868 0.3023
vn -0.5281 0.7709 0.3562
vn -0.5111 0.7562 0.4084
vn -0.4902 0.7704 0.4076
vn -0.5473 0.7049 0.4512
vn -0.4989 0.7049 0.5042
vn -0.4689 0.7867 0.4015
vn -0.4484 0.7709 0.4524
vn -0.4217 0.7563 0.5002
vn -0.4013 0.7704 0.4955
vn -0.4489 0.7050 0.5490
vn -0.3909 0.7049 0.5918
vn -0.3815 0.7867 0.4852
vn -0.3516 0.7709 0.5312
vn -0.3159 0.7562 0.5730
vn -0.2969 0.7704 0.5642
vn -0.3332 0.7050 0.6261
vn -0.2680 0.7049 0.6567
vn -0.2795 0.7867 0.5504
vn -0.2412 0.7709 0.5896
vn -0.1981 0.7562 0.6236
vn -0.1812 0.7704 0.6113
vn -0.2047 0.7050 0.6790
vn -0.1347 0.7049 0.6964
vn -0.1668 0.7867 0.5943
vn -0.1214 0.7709 0.6253
vn -0.0727 0.7563 0.6502
vn -0.0583 0.7704 0.6349
vn -0.0683 0.7050 0.7059
vn 0.0037 0.7049 0.7093
vn -0.0477 0.7868 0.6154
vn 0.0028 0.7709 0.6370
vn 0.0556 0.7562 0.6519
vn 0.0665 0.7704 0.6341
vn 0.0708 0.7050 0.7057
vn 0.1421 0.7049 0.6949
vn 0.0734 0.7867 0.6129
vn 0.1270 0.7709 0.6242
vn 0.1817 0.7562 0.6285
vn 0.1890 0.7704 0.6089
vn 0.2074 0.7049 0.6783
vn 0.2749 0.7049 0.6539
vn 0.1915 0.7867 0.5868
vn 0.2464 0.7709 0.5874
vn 0.3009 0.7562 0.5810
vn 0.3042 0.7704 0.5603
vn 0.3358 0.7049 0.6248
vn 0.3972 0.7049 0.5877
vn 0.3023 0.7867 0.5382
vn 0.3562 0.7709 0.5281
vn 0.4084 0.7562 0.5111
vn 0.4077 0.7704 0.4902
vn 0.4509 0.7050 0.5474
vn 0.5042 0.7049 0.4989
vn 0.4015 0.7867 0.4689
vn 0.4525 0.7709 0.4484
vn 0.5003 0.7562 0.4216
vn 0.4955 0.7704 0.4012
vn 0.5494 0.7049 0.4486
vn 0.5918 0.7049 0.3909
vn 0.4852 0.7867 0.3815
vn 0.5312 0.7709 0.3516
vn 0.5730 0.7562 0.3159
vn 0.5641 0.7704 0.2970
vn 0.6261 0.7050 0.3332
vn 0.6567 0.7049 0.2680
vn 0.5504 0.7867 0.2795
vn 0.5896 0.7709 0.2412
vn 0.6236 0.7562 0.1981
vn 0.6113 0.7704 0.1811
vn 0.6790 0.7050 0.2047
vn 0.6964 0.7049 0.1347
vn 0.5943 0.7867 0.1668
vn 0.6253 0.7709 0.1215
vn 0.6502 0.7562 0.0726
vn 0.6349 0.7704 0.0585
vn 0.7059 0.7050 0.0683
vn 0.7093 0.7049 -0.0037
vn 0.6154 0.7867 0.0477
vn 0.6370 0.7709 -0.0029
vn 0.6519 0.7562 -0.0556
vn 0.6341 0.7704 -0.0665
vn 0.7057 0.7050 -0.0708
vn 0.6949 0.7049 -0.1421
vn 0.6129 0.7867 -0.0733
vn 0.6242 0.7709 -0.1271
vn 0.6285 0.7562 -0.1817
vn 0.6089 0.7704 -0.1890
vn 0.6783 0.7049 -0.2074
vn 0.6539 0.7049 -0.2749
vn 0.5868 0.7867 -0.1915
vn 0.5874 0.7709 -0.2464
vn 0.5810 0.7562 -0.3009
vn 0.5603 0.7704 -0.3040
vn 0.6249 0.7050 -0.3354
vn 0.5877 0.7049 -0.3972
vn 0.5382 0.7868 -0.3023
vn 0.5281 0.7709 -0.3562
vn 0.5111 0.7562 -0.4084
vn 0.4902 0.7704 -0.4077
vn 0.5474 0.7050 -0.4509
vn 0.4989 0.7049 -0.5042
vn 0.4689 0.7867 -0.4015
vn 0.4484 0.7709 -0.4524
vn 0.4216 0.7562 -0.5003
vn 0.4013 0.7704 -0.4955
vn 0.4489 0.7050 -0.5490
vn 0.3910 0.7049 -0.5918
vn 0.3815 0.7867 -0.4852
vn 0.3515 0.7709 -0.5312
vn 0.3160 0.7563 -0.5729
vn 0.2969 0.7704 -0.5642
vn 0.3332 0.7050 -0.6261
vn 0.2680 0.7049 -0.6567
vn 0.2795 0.7868 -0.5504
vn 0.2412 0.7709 -0.5896
vn 0.1981 0.7563 -0.6236
vn 0.1811 0.7704 -0.6114
vn 0.2046 0.7050 -0.6790
vn 0.1347 0.7049 -0.6964
vn 0.1668 0.7868 -0.5943
vn 0.1215 0.7709 -0.6253
vn 0.0726 0.7562 -0.6502
vn 0.0585 0.7704 -0.6349
vn 0.0683 0.7050 -0.7059
vn 0.0477 0.7867 -0.6154
vn -0.0028 0.7709 -0.6370
vn -0.0651 0.6153 -0.7856
vn -0.0793 0.6315 -0.7713
vn -0.0023 0.6320 -0.7750
vn -0.0030 0.5535 -0.8329
vn -0.0825 0.5533 -0.8289
vn -0.1654 0.5535 -0.8163
vn -0.0903 0.6497 -0.7548
vn -0.1535 0.6320 -0.7596
vn -0.2171 0.6153 -0.7578
vn -0.2283 0.6315 -0.7411
vn -0.2426 0.5533 -0.7969
vn -0.3215 0.5535 -0.7683
vn -0.2359 0.6497 -0.7227
vn -0.2987 0.6320 -0.7151
vn -0.3608 0.6153 -0.7009
vn -0.3685 0.6314 -0.6823
vn -0.3939 0.5533 -0.7340
vn -0.4652 0.5535 -0.6908
vn -0.3723 0.6497 -0.6628
vn -0.4324 0.6321 -0.6431
vn -0.4905 0.6153 -0.6171
vn -0.4945 0.6314 -0.5973
vn -0.5294 0.5533 -0.6431
vn -0.5910 0.5535 -0.5868
vn -0.4945 0.6497 -0.5774
vn -0.5496 0.6320 -0.5463
vn -0.6016 0.6153 -0.5095
vn -0.6015 0.6314 -0.4893
vn -0.6448 0.5533 -0.5274
vn -0.6941 0.5535 -0.4602
vn -0.5976 0.6497 -0.4698
vn -0.6453 0.6322 -0.4289
vn -0.6894 0.6153 -0.3823
vn -0.6854 0.6315 -0.3626
vn -0.7350 0.5533 -0.3919
vn -0.7706 0.5535 -0.3160
vn -0.6778 0.6497 -0.3442
vn -0.7168 0.6321 -0.2945
vn -0.7507 0.6153 -0.2406
vn -0.7430 0.6315 -0.2219
vn -0.7975 0.5533 -0.2407
vn -0.8174 0.5535 -0.1596
vn -0.7319 0.6497 -0.2054
vn -0.7605 0.6321 -0.1490
vn -0.7832 0.6153 -0.0895
vn -0.7720 0.6315 -0.0726
vn -0.8291 0.5533 -0.0803
vn -0.8328 0.5535 0.0030
vn -0.7579 0.6497 -0.0586
vn -0.7750 0.6319 0.0025
vn -0.7856 0.6153 0.0651
vn -0.7713 0.6315 0.0793
vn -0.8289 0.5533 0.0825
vn -0.8163 0.5535 0.1654
vn -0.7548 0.6497 0.0904
vn -0.7596 0.6322 0.1530
vn -0.7578 0.6153 0.2172
vn -0.7411 0.6315 0.2283
vn -0.7969 0.5533 0.2426
vn -0.7683 0.5535 0.3215
vn -0.7227 0.6497 0.2359
vn -0.7151 0.6320 0.2987
vn -0.7009 0.6153 0.3608
vn -0.6823 0.6315 0.3685
vn -0.7342 0.5533 0.3934
vn -0.6908 0.5535 0.4652
vn -0.6628 0.6497 0.3723
vn -0.6431 0.6321 0.4324
vn -0.6171 0.6153 0.4905
vn -0.5973 0.6314 0.4945
vn -0.6433 0.5533 0.5291
vn -0.5868 0.5535 0.5910
vn -0.5774 0.6497 0.4945
vn -0.5463 0.6320 0.5496
vn -0.5095 0.6153 0.6015
vn -0.4893 0.6314 0.6015
vn -0.5278 0.5533 0.6444
vn -0.4602 0.5535 0.6941
vn -0.4698 0.6497 0.5976
vn -0.4286 0.6320 0.6457
vn -0.3823 0.6153 0.6894
vn -0.3626 0.6315 0.6854
vn -0.3919 0.5533 0.7350
vn -0.3160 0.5535 0.7706
vn -0.3442 0.6497 0.6778
vn -0.2944 0.6320 0.7169
vn -0.2406 0.6153 0.7507
vn -0.2219 0.6315 0.7430
vn -0.2405 0.5533 0.7975
vn -0.1595 0.5535 0.8174
vn -0.2054 0.6497 0.7319
vn -0.1489 0.6320 0.7605
vn -0.0894 0.6153 0.7832
vn -0.0726 0.6315 0.7720
vn -0.0808 0.5533 0.8290
vn 0.0030 0.5535 0.8328
vn -0.0586 0.6497 0.7579
vn 0.0024 0.6320 0.7750
vn 0.0651 0.6153 0.7856
vn 0.0793 0.6315 0.7713
vn 0.0825 0.5533 0.8289
vn 0.1654 0.5535 0.8163
vn 0.0904 0.6497 0.7548
vn 0.1535 0.6320 0.7596
vn 0.2171 0.6153 0.7578
vn 0.2283 0.6315 0.7411
vn 0.2426 0.5533 0.7969
vn 0.3215 0.5535 0.7683
vn 0.2358 0.6497 0.7227
vn 0.2983 0.6322 0.7151
vn 0.3608 0.6153 0.7009
vn 0.3685 0.6315 0.6823
vn 0.3934 0.5533 0.7342
vn 0.4652 0.5535 0.6908
vn 0.3723 0.6497 0.6628
vn 0.4325 0.6320 0.6430
vn 0.4905 0.6153 0.6171
vn 0.4945 0.6315 0.5973
vn 0.5291 0.5533 0.6433
vn 0.5910 0.5535 0.5868
vn 0.4945 0.6497 0.5774
vn 0.5496 0.6320 0.5463
vn 0.6016 0.6153 0.5095
vn 0.6015 0.6315 0.4893
vn 0.6444 0.5533 0.5278
vn 0.6941 0.5535 0.4602
vn 0.5976 0.6497 0.4698
vn 0.6457 0.6320 0.4286
vn 0.6893 0.6153 0.3824
vn 0.6854 0.6315 0.3625
vn 0.7352 0.5533 0.3916
vn 0.7706 0.5535 0.3160
vn 0.6778 0.6497 0.3442
vn 0.7169 0.6320 0.2944
vn 0.7507 0.6153 0.2405
vn 0.7430 0.6315 0.2219
vn 0.7974 0.5533 0.2410
vn 0.8174 0.5535 0.1595
vn 0.7319 0.6497 0.2054
vn 0.7605 0.6320 0.1489
vn 0.7832 0.6153 0.0895
vn 0.7720 0.6314 0.0727
vn 0.8290 0.5533 0.0808
vn 0.8328 0.5535 -0.0030
vn 0.7579 0.6497 0.0586
vn 0.7748 0.6322 -0.0019
vn 0.7856 0.6153 -0.0651
vn 0.7713 0.6315 -0.0793
vn 0.8289 0.5533 -0.0829
vn 0.8163 0.5535 -0.1654
vn 0.7548 0.6497 -0.0904
vn 0.7596 0.6320 -0.1535
vn 0.7578 0.6153 -0.2171
vn 0.7411 0.6315 -0.2283
vn 0.7968 0.5533 -0.2430
vn 0.7683 0.5535 -0.3215
vn 0.7227 0.6497 -0.2359
vn 0.7151 0.6319 -0.2989
vn 0.7009 0.6153 -0.3607
vn 0.6823 0.6314 -0.3685
vn 0.7341 0.5533 -0.3937
vn 0.6908 0.5535 -0.4652
vn 0.6628 0.6497 -0.3723
vn 0.6431 0.6320 -0.4325
vn 0.6171 0.6153 -0.4905
vn 0.5973 0.6315 -0.4945
vn 0.6433 0.5533 -0.5291
vn 0.5868 0.5535 -0.5910
vn 0.5774 0.6497 -0.4945
vn 0.5463 0.6320 -0.5496
vn 0.5095 0.6153 -0.6015
vn 0.4893 0.6315 -0.6015
vn 0.5278 0.5533 -0.6444
vn 0.4602 0.5535 -0.6941
vn 0.4698 0.6497 -0.5977
vn 0.4286 0.6320 -0.6457
vn 0.3823 0.6153 -0.6894
vn 0.3626 0.6314 -0.6854
vn 0.3919 0.5533 -0.7350
vn 0.3160 0.5535 -0.7706
vn 0.3442 0.6497 -0.6778
vn 0.2944 0.6320 -0.7169
vn 0.2405 0.6153 -0.7507
vn 0.2219 0.6315 -0.7430
vn 0.2405 0.5533 -0.7975
vn 0.1595 0.5535 -0.8174
vn 0.2053 0.6497 -0.7319
vn 0.1489 0.6320 -0.7605
vn 0.0894 0.6153 -0.7832
vn 0.0727 0.6314 -0.7720
vn 0.0803 0.5533 -0.8291
vn 0.0586 0.6497 -0.7579
vn -0.0721 0.4509 -0.8897
vn -0.0891 0.4687 -0.8788
vn -0.0017 0.4692 -0.8831
vn -0.0021 0.3811 -0.9245
vn -0.0912 0.3808 -0.9202
vn -0.1824 0.3811 -0.9064
vn -0.1037 0.4881 -0.8666
vn -0.1741 0.4691 -0.8658
vn -0.2442 0.4509 -0.8585
vn -0.2588 0.4687 -0.8446
vn -0.2693 0.3808 -0.8846
vn -0.3557 0.3811 -0.8534
vn -0.2709 0.4881 -0.8297
vn -0.3394 0.4694 -0.8152
vn -0.4070 0.4509 -0.7944
vn -0.4187 0.4688 -0.7777
vn -0.4364 0.3808 -0.8152
vn -0.5154 0.3811 -0.7676
vn -0.4275 0.4881 -0.7609
vn -0.4919 0.4694 -0.7333
vn -0.5542 0.4509 -0.6997
vn -0.5623 0.4687 -0.6813
vn -0.5870 0.3808 -0.7144
vn -0.6552 0.3811 -0.6523
vn -0.5677 0.4881 -0.6629
vn -0.6255 0.4694 -0.6232
vn -0.6801 0.4509 -0.5781
vn -0.6844 0.4687 -0.5585
vn -0.7151 0.3808 -0.5862
vn -0.7699 0.3811 -0.5119
vn -0.6862 0.4881 -0.5394
vn -0.7351 0.4694 -0.4892
vn -0.7797 0.4509 -0.4344
vn -0.7802 0.4687 -0.4142
vn -0.8160 0.3808 -0.4350
vn -0.8550 0.3811 -0.3519
vn -0.7781 0.4882 -0.3952
vn -0.8166 0.4691 -0.3363
vn -0.8495 0.4509 -0.2739
vn -0.8460 0.4687 -0.2540
vn -0.8851 0.3808 -0.2676
vn -0.9072 0.3811 -0.1783
vn -0.8403 0.4881 -0.2358
vn -0.8666 0.4690 -0.1705
vn -0.8866 0.4509 -0.1029
vn -0.8793 0.4687 -0.0841
vn -0.9203 0.3808 -0.0901
vn -0.9245 0.3811 0.0021
vn -0.8702 0.4881 -0.0673
vn -0.8830 0.4694 0.0016
vn -0.8897 0.4509 0.0719
vn -0.8789 0.4687 0.0890
vn -0.9202 0.3808 0.0912
vn -0.9064 0.3811 0.1824
vn -0.8666 0.4882 0.1037
vn -0.8657 0.4694 0.1738
vn -0.8585 0.4509 0.2442
vn -0.8446 0.4687 0.2589
vn -0.8847 0.3808 0.2689
vn -0.8534 0.3811 0.3557
vn -0.8297 0.4881 0.2709
vn -0.8152 0.4694 0.3394
vn -0.7944 0.4509 0.4070
vn -0.7779 0.4687 0.4186
vn -0.8152 0.3808 0.4364
vn -0.7676 0.3811 0.5154
vn -0.7609 0.4881 0.4274
vn -0.7333 0.4694 0.4919
vn -0.6997 0.4509 0.5541
vn -0.6814 0.4686 0.5623
vn -0.7144 0.3808 0.5870
vn -0.6523 0.3811 0.6552
vn -0.6629 0.4881 0.5677
vn -0.6232 0.4694 0.6255
vn -0.5781 0.4509 0.6801
vn -0.5585 0.4687 0.6844
vn -0.5862 0.3808 0.7151
vn -0.5119 0.3811 0.7699
vn -0.5394 0.4881 0.6862
vn -0.4892 0.4694 0.7351
vn -0.4344 0.4509 0.7798
vn -0.4143 0.4687 0.7802
vn -0.4351 0.3808 0.8159
vn -0.3519 0.3811 0.8550
vn -0.3951 0.4881 0.7783
vn -0.3364 0.4694 0.8164
vn -0.2740 0.4509 0.8495
vn -0.2541 0.4687 0.8461
vn -0.2676 0.3808 0.8851
vn -0.1783 0.3811 0.9072
vn -0.2357 0.4881 0.8403
vn -0.1705 0.4691 0.8665
vn -0.1030 0.4509 0.8866
vn -0.0842 0.4687 0.8794
vn -0.0901 0.3808 0.9203
vn 0.0021 0.3811 0.9245
vn -0.0674 0.4882 0.8702
vn 0.0019 0.4690 0.8832
vn 0.0721 0.4509 0.8897
vn 0.0891 0.4687 0.8788
vn 0.0912 0.3808 0.9202
vn 0.1824 0.3811 0.9064
vn 0.1037 0.4882 0.8666
vn 0.1738 0.4694 0.8657
vn 0.2442 0.4509 0.8585
vn 0.2588 0.4687 0.8446
vn 0.2689 0.3808 0.8847
vn 0.3557 0.3811 0.8534
vn 0.2709 0.4881 0.8297
vn 0.3396 0.4691 0.8152
vn 0.4070 0.4509 0.7944
vn 0.4186 0.4687 0.7778
vn 0.4364 0.3808 0.8152
vn 0.5154 0.3811 0.7676
vn 0.4275 0.4881 0.7609
vn 0.4921 0.4691 0.7333
vn 0.5542 0.4509 0.6997
vn 0.5623 0.4687 0.6813
vn 0.5870 0.3808 0.7144
vn 0.6552 0.3811 0.6523
vn 0.5677 0.4881 0.6629
vn 0.6257 0.4691 0.6232
vn 0.6801 0.4509 0.5781
vn 0.6844 0.4687 0.5585
vn 0.7151 0.3808 0.5862
vn 0.7699 0.3811 0.5119
vn 0.6861 0.4882 0.5394
vn 0.7351 0.4694 0.4892
vn 0.7797 0.4509 0.4344
vn 0.7802 0.4687 0.4142
vn 0.8159 0.3808 0.4351
vn 0.8550 0.3811 0.3519
vn 0.7782 0.4881 0.3952
vn 0.8166 0.4691 0.3363
vn 0.8495 0.4509 0.2739
vn 0.8460 0.4687 0.2540
vn 0.8850 0.3808 0.2679
vn 0.9072 0.3811 0.1783
vn 0.8403 0.4881 0.2358
vn 0.8663 0.4694 0.1707
vn 0.8866 0.4509 0.1030
vn 0.8793 0.4687 0.0840
vn 0.9203 0.3808 0.0901
vn 0.9245 0.3811 -0.0021
vn 0.8702 0.4881 0.0672
vn 0.8830 0.4694 -0.0016
vn 0.8897 0.4509 -0.0721
vn 0.8789 0.4687 -0.0890
vn 0.9202 0.3808 -0.0912
vn 0.9064 0.3811 -0.1824
vn 0.8666 0.4882 -0.1036
vn 0.8657 0.4694 -0.1738
vn 0.8585 0.4509 -0.2443
vn 0.8446 0.4687 -0.2588
vn 0.8847 0.3808 -0.2689
vn 0.8534 0.3811 -0.3557
vn 0.8297 0.4881 -0.2709
vn 0.8152 0.4694 -0.3394
vn 0.7944 0.4509 -0.4071
vn 0.7778 0.4688 -0.4186
vn 0.8151 0.3808 -0.4367
vn 0.7676 0.3811 -0.5154
vn 0.7609 0.4881 -0.4275
vn 0.7333 0.4694 -0.4919
vn 0.6997 0.4509 -0.5542
vn 0.6813 0.4687 -0.5623
vn 0.7144 0.3808 -0.5870
vn 0.6523 0.3811 -0.6552
vn 0.6629 0.4881 -0.5677
vn 0.6232 0.4694 -0.6255
vn 0.5781 0.4509 -0.6801
vn 0.5584 0.4687 -0.6844
vn 0.5862 0.3808 -0.7151
vn 0.5119 0.3811 -0.7699
vn 0.5394 0.4881 -0.6862
vn 0.4892 0.4694 -0.7351
vn 0.4343 0.4509 -0.7798
vn 0.4143 0.4686 -0.7802
vn 0.4350 0.3808 -0.8160
vn 0.3519 0.3811 -0.8550
vn 0.3952 0.4881 -0.7782
vn 0.3362 0.4690 -0.8167
vn 0.2739 0.4509 -0.8495
vn 0.2540 0.4687 -0.8460
vn 0.2674 0.3808 -0.8851
vn 0.1783 0.3811 -0.9072
vn 0.2357 0.4881 -0.8404
vn 0.1705 0.4690 -0.8666
vn 0.1029 0.4509 -0.8866
vn 0.0842 0.4687 -0.8794
vn 0.0901 0.3808 -0.9203
vn 0.0672 0.4881 -0.8702
vn -0.0763 0.2693 -0.9600
vn -0.0954 0.2884 -0.9527
vn -0.0011 0.2887 -0.9574
vn -0.0011 0.1942 -0.9810
vn -0.0964 0.1940 -0.9763
vn -0.1924 0.1942 -0.9619
vn -0.1129 0.3084 -0.9445
vn -0.1878 0.2889 -0.9388
vn -0.2623 0.2694 -0.9266
vn -0.2795 0.2885 -0.9158
vn -0.2853 0.1940 -0.9386
vn -0.3764 0.1942 -0.9059
vn -0.2949 0.3084 -0.9044
vn -0.3673 0.2889 -0.8841
vn -0.4379 0.2693 -0.8578
vn -0.4527 0.2883 -0.8438
vn -0.4627 0.1940 -0.8651
vn -0.5459 0.1942 -0.8150
vn -0.4658 0.3084 -0.8294
vn -0.5327 0.2889 -0.7954
vn -0.5968 0.2693 -0.7558
vn -0.6086 0.2883 -0.7392
vn -0.6225 0.1940 -0.7582
vn -0.6944 0.1942 -0.6929
vn -0.6187 0.3084 -0.7226
vn -0.6777 0.2889 -0.6762
vn -0.7329 0.2693 -0.6248
vn -0.7411 0.2884 -0.6062
vn -0.7585 0.1940 -0.6222
vn -0.8162 0.1942 -0.5441
vn -0.7477 0.3084 -0.5881
vn -0.7966 0.2889 -0.5310
vn -0.8406 0.2693 -0.4699
vn -0.8452 0.2885 -0.4499
vn -0.8653 0.1940 -0.4622
vn -0.9067 0.1942 -0.3744
vn -0.8481 0.3084 -0.4308
vn -0.8849 0.2889 -0.3654
vn -0.9162 0.2694 -0.2967
vn -0.9167 0.2885 -0.2764
vn -0.9388 0.1940 -0.2845
vn -0.9623 0.1942 -0.1903
vn -0.9158 0.3084 -0.2572
vn -0.9392 0.2889 -0.1858
vn -0.9565 0.2694 -0.1123
vn -0.9531 0.2882 -0.0925
vn -0.9763 0.1940 -0.0959
vn -0.9810 0.1942 0.0011
vn -0.9484 0.3084 -0.0734
vn -0.9574 0.2889 0.0010
vn -0.9600 0.2693 0.0763
vn -0.9527 0.2885 0.0955
vn -0.9763 0.1940 0.0964
vn -0.9619 0.1942 0.1924
vn -0.9445 0.3084 0.1129
vn -0.9389 0.2885 0.1879
vn -0.9267 0.2693 0.2622
vn -0.9158 0.2884 0.2794
vn -0.9386 0.1940 0.2853
vn -0.9059 0.1942 0.3764
vn -0.9043 0.3084 0.2950
vn -0.8841 0.2889 0.3673
vn -0.8578 0.2692 0.4378
vn -0.8438 0.2882 0.4526
vn -0.8651 0.1940 0.4627
vn -0.8150 0.1942 0.5459
vn -0.8294 0.3084 0.4658
vn -0.7954 0.2889 0.5328
vn -0.7558 0.2693 0.5969
vn -0.7391 0.2885 0.6087
vn -0.7582 0.1940 0.6225
vn -0.6929 0.1942 0.6944
vn -0.7226 0.3084 0.6187
vn -0.6762 0.2889 0.6777
vn -0.6247 0.2694 0.7329
vn -0.6063 0.2884 0.7411
vn -0.6219 0.1940 0.7587
vn -0.5441 0.1942 0.8162
vn -0.5879 0.3084 0.7478
vn -0.5310 0.2889 0.7966
vn -0.4699 0.2693 0.8406
vn -0.4499 0.2885 0.8452
vn -0.4619 0.1940 0.8654
vn -0.3744 0.1942 0.9067
vn -0.4307 0.3084 0.8481
vn -0.3654 0.2889 0.8849
vn -0.2967 0.2694 0.9162
vn -0.2765 0.2884 0.9167
vn -0.2845 0.1940 0.9388
vn -0.1903 0.1942 0.9623
vn -0.2572 0.3084 0.9158
vn -0.1858 0.2889 0.9392
vn -0.1122 0.2694 0.9565
vn -0.0924 0.2883 0.9531
vn -0.0956 0.1940 0.9763
vn 0.0011 0.1942 0.9810
vn -0.0736 0.3084 0.9484
vn 0.0010 0.2889 0.9574
vn 0.0764 0.2693 0.9600
vn 0.0954 0.2884 0.9527
vn 0.0964 0.1940 0.9763
vn 0.1924 0.1942 0.9619
vn 0.1130 0.3084 0.9445
vn 0.1878 0.2889 0.9388
vn 0.2623 0.2694 0.9266
vn 0.2794 0.2884 0.9158
vn 0.2850 0.1940 0.9387
vn 0.3764 0.1942 0.9059
vn 0.2950 0.3084 0.9043
vn 0.3675 0.2884 0.8842
vn 0.4380 0.2694 0.8577
vn 0.4527 0.2884 0.8437
vn 0.4630 0.1940 0.8649
vn 0.5459 0.1942 0.8150
vn 0.4657 0.3084 0.8295
vn 0.5327 0.2889 0.7955
vn 0.5969 0.2693 0.7558
vn 0.6086 0.2884 0.7392
vn 0.6228 0.1940 0.7580
vn 0.6944 0.1942 0.6929
vn 0.6188 0.3084 0.7225
vn 0.6777 0.2889 0.6762
vn 0.7329 0.2693 0.6248
vn 0.7411 0.2883 0.6063
vn 0.7585 0.1940 0.6222
vn 0.8162 0.1942 0.5441
vn 0.7478 0.3084 0.5879
vn 0.7966 0.2889 0.5310
vn 0.8407 0.2693 0.4698
vn 0.8452 0.2884 0.4500
vn 0.8653 0.1940 0.4622
vn 0.9067 0.1942 0.3744
vn 0.8480 0.3084 0.4309
vn 0.8849 0.2889 0.3654
vn 0.9162 0.2693 0.2969
vn 0.9167 0.2883 0.2765
vn 0.9388 0.1940 0.2845
vn 0.9623 0.1942 0.1903
vn 0.9158 0.3084 0.2572
vn 0.9392 0.2889 0.1858
vn 0.9565 0.2693 0.1124
vn 0.9531 0.2884 0.0923
vn 0.9763 0.1940 0.0959
vn 0.9810 0.1942 -0.0011
vn 0.9484 0.3084 0.0735
vn 0.9575 0.2885 -0.0011
vn 0.9601 0.2692 -0.0762
vn 0.9528 0.2883 -0.0953
vn 0.9763 0.1940 -0.0964
vn 0.9619 0.1942 -0.1924
vn 0.9445 0.3084 -0.1128
vn 0.9388 0.2889 -0.1878
vn 0.9267 0.2693 -0.2621
vn 0.9158 0.2885 -0.2795
vn 0.9387 0.1940 -0.2850
vn 0.9059 0.1942 -0.3764
vn 0.9043 0.3084 -0.2950
vn 0.8841 0.2889 -0.3673
vn 0.8576 0.2694 -0.4381
vn 0.8437 0.2885 -0.4528
vn 0.8651 0.1940 -0.4627
vn 0.8150 0.1942 -0.5459
vn 0.8294 0.3084 -0.4657
vn 0.7955 0.2885 -0.5329
vn 0.7558 0.2693 -0.5969
vn 0.7392 0.2883 -0.6086
vn 0.7579 0.1940 -0.6229
vn 0.6929 0.1942 -0.6944
vn 0.7227 0.3084 -0.6186
vn 0.6762 0.2889 -0.6777
vn 0.6249 0.2693 -0.7328
vn 0.6064 0.2882 -0.7411
vn 0.6222 0.1940 -0.7585
vn 0.5441 0.1942 -0.8162
vn 0.5879 0.3085 -0.7479
vn 0.5310 0.2889 -0.7966
vn 0.4699 0.2693 -0.8406
vn 0.4501 0.2883 -0.8452
vn 0.4618 0.1940 -0.8655
vn 0.3744 0.1942 -0.9067
vn 0.4308 0.3084 -0.8481
vn 0.3654 0.2884 -0.8851
vn 0.2969 0.2693 -0.9162
vn 0.2765 0.2884 -0.9167
vn 0.2845 0.1940 -0.9388
vn 0.1903 0.1942 -0.9623
vn 0.2571 0.3084 -0.9158
vn 0.1858 0.2889 -0.9392
vn 0.1123 0.2694 -0.9565
vn 0.0924 0.2883 -0.9531
vn 0.0954 0.1940 -0.9763
vn 0.0735 0.3084 -0.9484
vn -0.0010 0.2887 -0.9574
vn -0.0781 0.0774 -0.9939
vn -0.0981 0.0974 -0.9904
vn -0.0004 0.0975 -0.9952
vn -0.0000 -0.0000 -1.0000
vn -0.0980 -0.0000 -0.9952
vn -0.1951 -0.0000 -0.9808
vn -0.1180 0.1179 -0.9860
vn -0.1945 0.0975 -0.9760
vn -0.2706 0.0776 -0.9596
vn -0.2893 0.0972 -0.9523
vn -0.2903 -0.0000 -0.9569
vn -0.3827 -0.0000 -0.9239
vn -0.3077 0.1176 -0.9442
vn -0.3812 0.0975 -0.9193
vn -0.4525 0.0774 -0.8884
vn -0.4697 0.0974 -0.8774
vn -0.4714 -0.0000 -0.8819
vn -0.5556 -0.0000 -0.8315
vn -0.4858 0.1175 -0.8661
vn -0.5532 0.0975 -0.8273
vn -0.6170 0.0773 -0.7832
vn -0.6317 0.0972 -0.7691
vn -0.6344 -0.0000 -0.7730
vn -0.7071 -0.0000 -0.7071
vn -0.6456 0.1176 -0.7546
vn -0.7040 0.0975 -0.7035
vn -0.7580 0.0774 -0.6476
vn -0.7696 0.0972 -0.6311
vn -0.7730 -0.0000 -0.6344
vn -0.8315 -0.0000 -0.5556
vn -0.7803 0.1175 -0.6143
vn -0.8277 0.0975 -0.5526
vn -0.8699 0.0776 -0.4871
vn -0.8779 0.0972 -0.4688
vn -0.8819 -0.0000 -0.4714
vn -0.9239 -0.0000 -0.3827
vn -0.8852 0.1176 -0.4501
vn -0.9196 0.0975 -0.3805
vn -0.9482 0.0775 -0.3081
vn -0.9525 0.0972 -0.2885
vn -0.9569 -0.0000 -0.2903
vn -0.9808 -0.0000 -0.1951
vn -0.9560 0.1176 -0.2687
vn -0.9762 0.0975 -0.1938
vn -0.9901 0.0774 -0.1173
vn -0.9905 0.0972 -0.0972
vn -0.9952 -0.0000 -0.0980
vn -1.0000 -0.0000 -0.0000
vn -0.9901 0.1177 -0.0770
vn -0.9952 0.0975 0.0004
vn -0.9939 0.0775 0.0782
vn -0.9904 0.0972 0.0980
vn -0.9952 -0.0000 0.0980
vn -0.9808 -0.0000 0.1951
vn -0.9860 0.1179 0.1180
vn -0.9760 0.0975 0.1945
vn -0.9596 0.0775 0.2706
vn -0.9523 0.0972 0.2893
vn -0.9569 -0.0000 0.2903
vn -0.9239 -0.0000 0.3827
vn -0.9443 0.1175 0.3075
vn -0.9193 0.0975 0.3812
vn -0.8884 0.0774 0.4525
vn -0.8776 0.0972 0.4695
vn -0.8819 -0.0000 0.4714
vn -0.8315 -0.0000 0.5556
vn -0.8660 0.1176 0.4860
vn -0.8273 0.0975 0.5532
vn -0.7830 0.0775 0.6172
vn -0.7691 0.0972 0.6317
vn -0.7730 -0.0000 0.6344
vn -0.7071 -0.0000 0.7071
vn -0.7546 0.1175 0.6455
vn -0.7035 0.0975 0.7040
vn -0.6476 0.0774 0.7580
vn -0.6311 0.0972 0.7696
vn -0.6344 -0.0000 0.7730
vn -0.5556 -0.0000 0.8315
vn -0.6143 0.1175 0.7803
vn -0.5526 0.0975 0.8277
vn -0.4873 0.0774 0.8698
vn -0.4688 0.0972 0.8779
vn -0.4714 -0.0000 0.8819
vn -0.3827 -0.0000 0.9239
vn -0.4502 0.1175 0.8851
vn -0.3805 0.0975 0.9196
vn -0.3081 0.0775 0.9482
vn -0.2883 0.0974 0.9526
vn -0.2903 -0.0000 0.9569
vn -0.1951 -0.0000 0.9808
vn -0.2688 0.1175 0.9560
vn -0.1938 0.0975 0.9762
vn -0.1172 0.0776 0.9901
vn -0.0972 0.0972 0.9905
vn -0.0980 -0.0000 0.9952
vn -0.0000 -0.0000 1.0000
vn -0.0770 0.1177 0.9901
vn 0.0004 0.0975 0.9952
vn 0.0782 0.0775 0.9939
vn 0.0980 0.0972 0.9904
vn 0.0980 -0.0000 0.9952
vn 0.1951 -0.0000 0.9808
vn 0.1175 0.1175 0.9861
vn 0.1945 0.0975 0.9760
vn 0.2706 0.0775 0.9596
vn 0.2893 0.0972 0.9523
vn 0.2903 -0.0000 0.9569
vn 0.3827 -0.0000 0.9239
vn 0.3077 0.1176 0.9442
vn 0.3812 0.0975 0.9193
vn 0.4525 0.0774 0.8884
vn 0.4695 0.0972 0.8776
vn 0.4714 -0.0000 0.8819
vn 0.5556 -0.0000 0.8315
vn 0.4858 0.1174 0.8662
vn 0.5532 0.0975 0.8273
vn 0.6172 0.0775 0.7830
vn 0.6317 0.0972 0.7691
vn 0.6344 -0.0000 0.7730
vn 0.7071 -0.0000 0.7071
vn 0.6456 0.1176 0.7546
vn 0.7040 0.0975 0.7035
vn 0.7581 0.0776 0.6475
vn 0.7696 0.0972 0.6311
vn 0.7730 -0.0000 0.6344
vn 0.8315 -0.0000 0.5556
vn 0.7804 0.1176 0.6141
vn 0.8277 0.0975 0.5526
vn 0.8698 0.0775 0.4872
vn 0.8779 0.0972 0.4688
vn 0.8819 -0.0000 0.4714
vn 0.9239 -0.0000 0.3827
vn 0.8852 0.1175 0.4502
vn 0.9196 0.0975 0.3805
vn 0.9482 0.0775 0.3081
vn 0.9525 0.0972 0.2885
vn 0.9569 -0.0000 0.2903
vn 0.9808 -0.0000 0.1951
vn 0.9560 0.1175 0.2689
vn 0.9762 0.0975 0.1938
vn 0.9901 0.0775 0.1172
vn 0.9905 0.0972 0.0972
vn 0.9952 -0.0000 0.0980
vn 1.0000 -0.0000 -0.0000
vn 0.9901 0.1175 0.0772
vn 0.9952 0.0975 -0.0004
vn 0.9939 0.0775 -0.0782
vn 0.9904 0.0972 -0.0980
vn 0.9952 -0.0000 -0.0980
vn 0.9808 -0.0000 -0.1951
vn 0.9861 0.1175 -0.1175
vn 0.9760 0.0975 -0.1945
vn 0.9596 0.0774 -0.2705
vn 0.9523 0.0972 -0.2893
vn 0.9569 -0.0000 -0.2903
vn 0.9239 -0.0000 -0.3827
vn 0.9443 0.1175 -0.3075
vn 0.9193 0.0975 -0.3812
vn 0.8884 0.0774 -0.4525
vn 0.8776 0.0972 -0.4695
vn 0.8819 -0.0000 -0.4714
vn 0.8315 -0.0000 -0.5556
vn 0.8661 0.1175 -0.4859
vn 0.8273 0.0975 -0.5532
vn 0.7830 0.0775 -0.6172
vn 0.7691 0.0972 -0.6317
vn 0.7730 -0.0000 -0.6344
vn 0.7071 -0.0000 -0.7071
vn 0.7546 0.1176 -0.6456
vn 0.7035 0.0975 -0.7040
vn 0.6475 0.0776 -0.7581
vn 0.6311 0.0972 -0.7696
vn 0.6344 -0.0000 -0.7730
vn 0.5556 -0.0000 -0.8315
vn 0.6142 0.1175 -0.7803
vn 0.5526 0.0975 -0.8277
vn 0.4873 0.0774 -0.8698
vn 0.4688 0.0972 -0.8779
vn 0.4714 -0.0000 -0.8819
vn 0.3827 -0.0000 -0.9239
vn 0.4502 0.1175 -0.8852
vn 0.3805 0.0975 -0.9196
vn 0.3084 0.0773 -0.9481
vn 0.2885 0.0972 -0.9525
vn 0.2903 -0.0000 -0.9569
vn 0.1951 -0.0000 -0.9808
vn 0.2688 0.1175 -0.9560
vn 0.1938 0.0975 -0.9762
vn 0.1174 0.0774 -0.9901
vn 0.0972 0.0972 -0.9905
vn 0.0980 -0.0000 -0.9952
vn 0.0771 0.1176 -0.9901
vn -0.0003 0.0974 -0.9952
vn -0.0767 -0.1179 -0.9901
vn -0.0972 -0.0972 -0.9905
vn 0.0004 -0.0975 -0.9952
vn 0.0011 -0.1942 -0.9810
vn -0.0956 -0.1940 -0.9763
vn -0.1903 -0.1942 -0.9623
vn -0.1174 -0.0774 -0.9901
vn -0.1938 -0.0975 -0.9762
vn -0.2688 -0.1175 -0.9560
vn -0.2885 -0.0972 -0.9525
vn -0.2845 -0.1940 -0.9388
vn -0.3744 -0.1942 -0.9067
vn -0.3081 -0.0775 -0.9482
vn -0.3805 -0.0975 -0.9196
vn -0.4502 -0.1175 -0.8851
vn -0.4688 -0.0972 -0.8779
vn -0.4619 -0.1940 -0.8654
vn -0.5441 -0.1942 -0.8162
vn -0.4873 -0.0774 -0.8698
vn -0.5526 -0.0975 -0.8277
vn -0.6142 -0.1175 -0.7803
vn -0.6311 -0.0972 -0.7696
vn -0.6219 -0.1940 -0.7587
vn -0.6929 -0.1942 -0.6944
vn -0.6475 -0.0776 -0.7581
vn -0.7035 -0.0975 -0.7040
vn -0.7546 -0.1176 -0.6456
vn -0.7691 -0.0972 -0.6317
vn -0.7582 -0.1940 -0.6225
vn -0.8150 -0.1942 -0.5459
vn -0.7830 -0.0775 -0.6172
vn -0.8273 -0.0975 -0.5532
vn -0.8660 -0.1176 -0.4860
vn -0.8776 -0.0972 -0.4695
vn -0.8649 -0.1940 -0.4630
vn -0.9059 -0.1942 -0.3764
vn -0.8883 -0.0775 -0.4526
vn -0.9193 -0.0975 -0.3812
vn -0.9443 -0.1175 -0.3075
vn -0.9523 -0.0972 -0.2893
vn -0.9386 -0.1940 -0.2853
vn -0.9619 -0.1942 -0.1924
vn -0.9596 -0.0776 -0.2706
vn -0.9760 -0.0975 -0.1945
vn -0.9860 -0.1179 -0.1180
vn -0.9904 -0.0972 -0.0980
vn -0.9763 -0.1940 -0.0964
vn -0.9810 -0.1942 -0.0011
vn -0.9939 -0.0777 -0.0784
vn -0.9952 -0.0975 -0.0004
vn -0.9901 -0.1176 0.0771
vn -0.9905 -0.0972 0.0972
vn -0.9763 -0.1940 0.0959
vn -0.9623 -0.1942 0.1903
vn -0.9901 -0.0776 0.1172
vn -0.9762 -0.0975 0.1938
vn -0.9560 -0.1175 0.2689
vn -0.9525 -0.0972 0.2885
vn -0.9388 -0.1940 0.2845
vn -0.9067 -0.1942 0.3744
vn -0.9482 -0.0775 0.3081
vn -0.9196 -0.0975 0.3805
vn -0.8854 -0.1179 0.4497
vn -0.8779 -0.0972 0.4688
vn -0.8653 -0.1940 0.4622
vn -0.8162 -0.1942 0.5441
vn -0.8698 -0.0774 0.4873
vn -0.8277 -0.0975 0.5526
vn -0.7803 -0.1175 0.6142
vn -0.7696 -0.0972 0.6311
vn -0.7585 -0.1940 0.6222
vn -0.6944 -0.1942 0.6929
vn -0.7581 -0.0775 0.6475
vn -0.7040 -0.0975 0.7035
vn -0.6455 -0.1175 0.7546
vn -0.6317 -0.0972 0.7691
vn -0.6225 -0.1940 0.7582
vn -0.5459 -0.1942 0.8150
vn -0.6172 -0.0776 0.7829
vn -0.5532 -0.0975 0.8273
vn -0.4860 -0.1176 0.8660
vn -0.4695 -0.0972 0.8776
vn -0.4627 -0.1940 0.8651
vn -0.3764 -0.1942 0.9059
vn -0.4526 -0.0776 0.8883
vn -0.3812 -0.0975 0.9193
vn -0.3076 -0.1175 0.9442
vn -0.2893 -0.0972 0.9523
vn -0.2850 -0.1940 0.9387
vn -0.1924 -0.1942 0.9619
vn -0.2704 -0.0774 0.9596
vn -0.1945 -0.0975 0.9760
vn -0.1175 -0.1175 0.9861
vn -0.0980 -0.0972 0.9904
vn -0.0964 -0.1940 0.9763
vn -0.0011 -0.1942 0.9810
vn -0.0782 -0.0776 0.9939
vn -0.0004 -0.0975 0.9952
vn 0.0772 -0.1175 0.9901
vn 0.0970 -0.0974 0.9905
vn 0.0959 -0.1940 0.9763
vn 0.1903 -0.1942 0.9623
vn 0.1173 -0.0774 0.9901
vn 0.1938 -0.0975 0.9762
vn 0.2688 -0.1175 0.9560
vn 0.2885 -0.0972 0.9525
vn 0.2841 -0.1940 0.9390
vn 0.3744 -0.1942 0.9067
vn 0.3083 -0.0774 0.9481
vn 0.3805 -0.0975 0.9196
vn 0.4502 -0.1175 0.8851
vn 0.4688 -0.0972 0.8779
vn 0.4618 -0.1940 0.8655
vn 0.5441 -0.1942 0.8162
vn 0.4874 -0.0773 0.8697
vn 0.5526 -0.0975 0.8277
vn 0.6143 -0.1175 0.7803
vn 0.6309 -0.0974 0.7697
vn 0.6222 -0.1940 0.7585
vn 0.6929 -0.1942 0.6944
vn 0.6475 -0.0775 0.7581
vn 0.7035 -0.0975 0.7040
vn 0.7545 -0.1177 0.6457
vn 0.7691 -0.0972 0.6317
vn 0.7582 -0.1940 0.6225
vn 0.8151 -0.1942 0.5459
vn 0.7830 -0.0774 0.6171
vn 0.8273 -0.0975 0.5532
vn 0.8661 -0.1175 0.4858
vn 0.8774 -0.0974 0.4697
vn 0.8648 -0.1940 0.4631
vn 0.9059 -0.1942 0.3764
vn 0.8883 -0.0775 0.4526
vn 0.9193 -0.0975 0.3812
vn 0.9442 -0.1177 0.3078
vn 0.9523 -0.0972 0.2893
vn 0.9387 -0.1940 0.2850
vn 0.9619 -0.1942 0.1924
vn 0.9596 -0.0774 0.2705
vn 0.9760 -0.0975 0.1945
vn 0.9861 -0.1176 0.1176
vn 0.9904 -0.0972 0.0980
vn 0.9763 -0.1940 0.0964
vn 0.9810 -0.1942 0.0011
vn 0.9939 -0.0774 0.0780
vn 0.9952 -0.0975 0.0004
vn 0.9901 -0.1177 -0.0770
vn 0.9905 -0.0972 -0.0972
vn 0.9763 -0.1940 -0.0959
vn 0.9623 -0.1942 -0.1903
vn 0.9901 -0.0775 -0.1172
vn 0.9762 -0.0975 -0.1938
vn 0.9560 -0.1176 -0.2687
vn 0.9525 -0.0972 -0.2885
vn 0.9389 -0.1940 -0.2842
vn 0.9067 -0.1942 -0.3744
vn 0.9482 -0.0775 -0.3081
vn 0.9196 -0.0975 -0.3805
vn 0.8852 -0.1176 -0.4501
vn 0.8780 -0.0974 -0.4686
vn 0.8653 -0.1940 -0.4622
vn 0.8162 -0.1942 -0.5441
vn 0.8699 -0.0776 -0.4871
vn 0.8277 -0.0975 -0.5526
vn 0.7803 -0.1175 -0.6142
vn 0.7697 -0.0976 -0.6308
vn 0.7585 -0.1940 -0.6222
vn 0.6944 -0.1942 -0.6929
vn 0.7580 -0.0774 -0.6476
vn 0.7040 -0.0975 -0.7035
vn 0.6455 -0.1175 -0.7547
vn 0.6318 -0.0974 -0.7690
vn 0.6225 -0.1940 -0.7582
vn 0.5459 -0.1942 -0.8150
vn 0.6172 -0.0776 -0.7829
vn 0.5532 -0.0975 -0.8273
vn 0.4859 -0.1175 -0.8661
vn 0.4697 -0.0974 -0.8774
vn 0.4630 -0.1940 -0.8649
vn 0.3764 -0.1942 -0.9059
vn 0.4525 -0.0774 -0.8884
vn 0.3812 -0.0975 -0.9193
vn 0.3077 -0.1176 -0.9442
vn 0.2895 -0.0976 -0.9522
vn 0.2850 -0.1940 -0.9387
vn 0.1924 -0.1942 -0.9619
vn 0.2705 -0.0774 -0.9596
vn 0.1945 -0.0975 -0.9760
vn 0.1176 -0.1176 -0.9861
vn 0.0980 -0.0972 -0.9904
vn 0.0964 -0.1940 -0.9763
vn 0.0780 -0.0774 -0.9939
vn -0.0735 -0.3084 -0.9484
vn -0.0924 -0.2883 -0.9531
vn 0.0010 -0.2887 -0.9574
vn 0.0021 -0.3811 -0.9245
vn -0.0901 -0.3808 -0.9203
vn -0.1783 -0.3811 -0.9072
vn -0.1124 -0.2693 -0.9565
vn -0.1858 -0.2889 -0.9392
vn -0.2572 -0.3084 -0.9158
vn -0.2765 -0.2883 -0.9167
vn -0.2679 -0.3808 -0.8850
vn -0.3519 -0.3811 -0.8550
vn -0.2968 -0.2693 -0.9162
vn -0.3654 -0.2889 -0.8849
vn -0.4309 -0.3084 -0.8480
vn -0.4501 -0.2883 -0.8452
vn -0.4354 -0.3808 -0.8157
vn -0.5119 -0.3811 -0.7699
vn -0.4697 -0.2694 -0.8407
vn -0.5310 -0.2889 -0.7966
vn -0.5880 -0.3084 -0.7477
vn -0.6063 -0.2883 -0.7411
vn -0.5862 -0.3808 -0.7151
vn -0.6523 -0.3811 -0.6552
vn -0.6247 -0.2694 -0.7329
vn -0.6762 -0.2889 -0.6777
vn -0.7227 -0.3084 -0.6186
vn -0.7392 -0.2884 -0.6086
vn -0.7144 -0.3808 -0.5870
vn -0.7676 -0.3811 -0.5154
vn -0.7558 -0.2693 -0.5969
vn -0.7955 -0.2885 -0.5329
vn -0.8294 -0.3084 -0.4658
vn -0.8437 -0.2884 -0.4527
vn -0.8151 -0.3808 -0.4367
vn -0.8534 -0.3811 -0.3557
vn -0.8578 -0.2693 -0.4379
vn -0.8842 -0.2885 -0.3674
vn -0.9043 -0.3084 -0.2950
vn -0.9159 -0.2883 -0.2794
vn -0.8846 -0.3808 -0.2693
vn -0.9064 -0.3811 -0.1824
vn -0.9267 -0.2693 -0.2622
vn -0.9388 -0.2889 -0.1878
vn -0.9445 -0.3084 -0.1128
vn -0.9527 -0.2884 -0.0954
vn -0.9202 -0.3808 -0.0912
vn -0.9245 -0.3811 -0.0021
vn -0.9600 -0.2693 -0.0763
vn -0.9574 -0.2889 -0.0010
vn -0.9484 -0.3084 0.0736
vn -0.9531 -0.2884 0.0923
vn -0.9203 -0.3808 0.0901
vn -0.9072 -0.3811 0.1783
vn -0.9565 -0.2693 0.1124
vn -0.9392 -0.2889 0.1858
vn -0.9159 -0.3084 0.2570
vn -0.9167 -0.2884 0.2765
vn -0.8851 -0.3808 0.2676
vn -0.8550 -0.3811 0.3519
vn -0.9162 -0.2694 0.2967
vn -0.8849 -0.2889 0.3654
vn -0.8480 -0.3084 0.4310
vn -0.8452 -0.2885 0.4499
vn -0.8160 -0.3808 0.4350
vn -0.7699 -0.3811 0.5119
vn -0.8406 -0.2693 0.4699
vn -0.7966 -0.2889 0.5310
vn -0.7477 -0.3084 0.5880
vn -0.7411 -0.2883 0.6063
vn -0.7151 -0.3808 0.5862
vn -0.6552 -0.3811 0.6523
vn -0.7329 -0.2693 0.6248
vn -0.6777 -0.2889 0.6762
vn -0.6187 -0.3084 0.7226
vn -0.6086 -0.2883 0.7392
vn -0.5870 -0.3808 0.7144
vn -0.5154 -0.3811 0.7676
vn -0.5969 -0.2693 0.7558
vn -0.5327 -0.2889 0.7955
vn -0.4659 -0.3084 0.8294
vn -0.4527 -0.2883 0.8438
vn -0.4363 -0.3808 0.8152
vn -0.3557 -0.3811 0.8534
vn -0.4380 -0.2694 0.8577
vn -0.3673 -0.2889 0.8841
vn -0.2950 -0.3084 0.9043
vn -0.2794 -0.2883 0.9159
vn -0.2689 -0.3808 0.8847
vn -0.1824 -0.3811 0.9064
vn -0.2623 -0.2694 0.9266
vn -0.1878 -0.2889 0.9388
vn -0.1129 -0.3084 0.9445
vn -0.0954 -0.2884 0.9527
vn -0.0916 -0.3808 0.9201
vn -0.0021 -0.3811 0.9245
vn -0.0765 -0.2694 0.9600
vn -0.0010 -0.2889 0.9574
vn 0.0734 -0.3084 0.9484
vn 0.0924 -0.2883 0.9531
vn 0.0901 -0.3808 0.9203
vn 0.1783 -0.3811 0.9072
vn 0.1125 -0.2692 0.9565
vn 0.1858 -0.2889 0.9392
vn 0.2571 -0.3084 0.9158
vn 0.2769 -0.2879 0.9168
vn 0.2676 -0.3808 0.8851
vn 0.3519 -0.3811 0.8550
vn 0.2968 -0.2693 0.9162
vn 0.3654 -0.2885 0.8850
vn 0.4308 -0.3084 0.8481
vn 0.4501 -0.2883 0.8452
vn 0.4354 -0.3808 0.8157
vn 0.5119 -0.3811 0.7699
vn 0.4698 -0.2694 0.8407
vn 0.5310 -0.2889 0.7966
vn 0.5880 -0.3084 0.7477
vn 0.6062 -0.2884 0.7411
vn 0.5862 -0.3808 0.7151
vn 0.6523 -0.3811 0.6552
vn 0.6248 -0.2693 0.7329
vn 0.6763 -0.2885 0.6778
vn 0.7224 -0.3085 0.6189
vn 0.7393 -0.2882 0.6086
vn 0.7144 -0.3808 0.5870
vn 0.7676 -0.3811 0.5154
vn 0.7557 -0.2694 0.5970
vn 0.7955 -0.2885 0.5328
vn 0.8295 -0.3084 0.4657
vn 0.8437 -0.2884 0.4527
vn 0.8151 -0.3808 0.4366
vn 0.8534 -0.3811 0.3557
vn 0.8577 -0.2694 0.4380
vn 0.8841 -0.2889 0.3673
vn 0.9044 -0.3084 0.2949
vn 0.9159 -0.2883 0.2794
vn 0.8847 -0.3808 0.2689
vn 0.9064 -0.3811 0.1824
vn 0.9267 -0.2693 0.2622
vn 0.9388 -0.2889 0.1878
vn 0.9445 -0.3084 0.1128
vn 0.9528 -0.2883 0.0953
vn 0.9202 -0.3808 0.0912
vn 0.9245 -0.3811 0.0021
vn 0.9600 -0.2694 0.0765
vn 0.9574 -0.2889 0.0010
vn 0.9484 -0.3084 -0.0735
vn 0.9531 -0.2884 -0.0923
vn 0.9203 -0.3808 -0.0898
vn 0.9072 -0.3811 -0.1783
vn 0.9565 -0.2693 -0.1124
vn 0.9393 -0.2885 -0.1857
vn 0.9158 -0.3084 -0.2572
vn 0.9167 -0.2883 -0.2765
vn 0.8851 -0.3808 -0.2676
vn 0.8550 -0.3811 -0.3519
vn 0.9162 -0.2694 -0.2967
vn 0.8849 -0.2889 -0.3654
vn 0.8480 -0.3084 -0.4310
vn 0.8452 -0.2884 -0.4500
vn 0.8157 -0.3808 -0.4354
vn 0.7699 -0.3811 -0.5119
vn 0.8407 -0.2694 -0.4698
vn 0.7966 -0.2889 -0.5310
vn 0.7477 -0.3084 -0.5880
vn 0.7412 -0.2885 -0.6062
vn 0.7153 -0.3808 -0.5859
vn 0.6552 -0.3811 -0.6523
vn 0.7329 -0.2694 -0.6247
vn 0.6778 -0.2885 -0.6763
vn 0.6187 -0.3084 -0.7225
vn 0.6086 -0.2883 -0.7392
vn 0.5870 -0.3808 -0.7145
vn 0.5154 -0.3811 -0.7676
vn 0.5968 -0.2693 -0.7558
vn 0.5327 -0.2889 -0.7954
vn 0.4658 -0.3084 -0.8294
vn 0.4527 -0.2883 -0.8438
vn 0.4364 -0.3808 -0.8152
vn 0.3557 -0.3811 -0.8534
vn 0.4380 -0.2693 -0.8577
vn 0.3673 -0.2889 -0.8841
vn 0.2949 -0.3084 -0.9044
vn 0.2794 -0.2884 -0.9158
vn 0.2694 -0.3808 -0.8846
vn 0.1824 -0.3811 -0.9064
vn 0.2621 -0.2692 -0.9267
vn 0.1878 -0.2889 -0.9388
vn 0.1131 -0.3084 -0.9445
vn 0.0954 -0.2885 -0.9527
vn 0.0912 -0.3808 -0.9202
vn 0.0762 -0.2692 -0.9601
vn 0.0011 -0.2887 -0.9574
vn -0.0674 -0.4882 -0.8702
vn -0.0840 -0.4687 -0.8793
vn 0.0017 -0.4692 -0.8831
vn 0.0030 -0.5535 -0.8329
vn -0.0804 -0.5533 -0.8291
vn -0.1596 -0.5535 -0.8174
vn -0.1029 -0.4509 -0.8866
vn -0.1707 -0.4694 -0.8663
vn -0.2358 -0.4881 -0.8403
vn -0.2540 -0.4687 -0.8460
vn -0.2405 -0.5533 -0.7975
vn -0.3160 -0.5535 -0.7706
vn -0.2739 -0.4509 -0.8495
vn -0.3364 -0.4694 -0.8164
vn -0.3952 -0.4881 -0.7782
vn -0.4144 -0.4685 -0.7802
vn -0.3915 -0.5533 -0.7353
vn -0.4602 -0.5535 -0.6941
vn -0.4344 -0.4509 -0.7797
vn -0.4892 -0.4694 -0.7351
vn -0.5393 -0.4881 -0.6862
vn -0.5586 -0.4686 -0.6844
vn -0.5278 -0.5533 -0.6444
vn -0.5868 -0.5535 -0.5910
vn -0.5782 -0.4509 -0.6800
vn -0.6232 -0.4694 -0.6255
vn -0.6629 -0.4881 -0.5677
vn -0.6812 -0.4687 -0.5623
vn -0.6433 -0.5533 -0.5291
vn -0.6908 -0.5535 -0.4652
vn -0.6997 -0.4509 -0.5542
vn -0.7333 -0.4694 -0.4919
vn -0.7609 -0.4881 -0.4275
vn -0.7779 -0.4687 -0.4186
vn -0.7342 -0.5533 -0.3934
vn -0.7683 -0.5535 -0.3215
vn -0.7944 -0.4509 -0.4070
vn -0.8152 -0.4694 -0.3394
vn -0.8297 -0.4881 -0.2708
vn -0.8446 -0.4687 -0.2588
vn -0.7968 -0.5533 -0.2430
vn -0.8163 -0.5535 -0.1654
vn -0.8585 -0.4509 -0.2442
vn -0.8658 -0.4691 -0.1741
vn -0.8666 -0.4881 -0.1038
vn -0.8789 -0.4686 -0.0890
vn -0.8289 -0.5533 -0.0825
vn -0.8328 -0.5535 -0.0030
vn -0.8897 -0.4509 -0.0721
vn -0.8831 -0.4691 -0.0018
vn -0.8702 -0.4881 0.0673
vn -0.8794 -0.4687 0.0842
vn -0.8290 -0.5533 0.0808
vn -0.8174 -0.5535 0.1596
vn -0.8866 -0.4509 0.1030
vn -0.8663 -0.4694 0.1707
vn -0.8404 -0.4881 0.2357
vn -0.8460 -0.4687 0.2540
vn -0.7974 -0.5533 0.2410
vn -0.7706 -0.5535 0.3160
vn -0.8496 -0.4509 0.2738
vn -0.8166 -0.4691 0.3363
vn -0.7781 -0.4882 0.3952
vn -0.7802 -0.4687 0.4142
vn -0.7353 -0.5533 0.3915
vn -0.6941 -0.5535 0.4602
vn -0.7798 -0.4509 0.4344
vn -0.7351 -0.4694 0.4893
vn -0.6862 -0.4881 0.5394
vn -0.6844 -0.4687 0.5584
vn -0.6447 -0.5533 0.5275
vn -0.5910 -0.5535 0.5868
vn -0.6800 -0.4509 0.5782
vn -0.6255 -0.4694 0.6232
vn -0.5678 -0.4881 0.6628
vn -0.5623 -0.4687 0.6812
vn -0.5291 -0.5533 0.6433
vn -0.4652 -0.5535 0.6908
vn -0.5542 -0.4509 0.6997
vn -0.4921 -0.4691 0.7333
vn -0.4276 -0.4881 0.7609
vn -0.4186 -0.4687 0.7779
vn -0.3934 -0.5533 0.7342
vn -0.3215 -0.5535 0.7683
vn -0.4070 -0.4509 0.7944
vn -0.3394 -0.4694 0.8152
vn -0.2708 -0.4881 0.8297
vn -0.2588 -0.4687 0.8446
vn -0.2431 -0.5533 0.7967
vn -0.1654 -0.5535 0.8163
vn -0.2442 -0.4509 0.8585
vn -0.1740 -0.4691 0.8658
vn -0.1038 -0.4881 0.8666
vn -0.0890 -0.4687 0.8789
vn -0.0830 -0.5533 0.8289
vn -0.0030 -0.5535 0.8328
vn -0.0721 -0.4509 0.8897
vn -0.0016 -0.4694 0.8830
vn 0.0673 -0.4881 0.8702
vn 0.0841 -0.4687 0.8793
vn 0.0803 -0.5533 0.8291
vn 0.1596 -0.5535 0.8174
vn 0.1029 -0.4509 0.8866
vn 0.1707 -0.4694 0.8663
vn 0.2357 -0.4881 0.8404
vn 0.2540 -0.4687 0.8460
vn 0.2410 -0.5533 0.7974
vn 0.3160 -0.5535 0.7706
vn 0.2739 -0.4509 0.8495
vn 0.3364 -0.4694 0.8164
vn 0.3952 -0.4881 0.7782
vn 0.4143 -0.4687 0.7802
vn 0.3915 -0.5533 0.7353
vn 0.4602 -0.5535 0.6941
vn 0.4344 -0.4509 0.7798
vn 0.4892 -0.4694 0.7351
vn 0.5394 -0.4882 0.6861
vn 0.5585 -0.4687 0.6844
vn 0.5278 -0.5533 0.6444
vn 0.5868 -0.5535 0.5910
vn 0.5782 -0.4509 0.6800
vn 0.6232 -0.4691 0.6257
vn 0.6629 -0.4881 0.5677
vn 0.6813 -0.4687 0.5623
vn 0.6434 -0.5533 0.5291
vn 0.6908 -0.5535 0.4652
vn 0.6997 -0.4509 0.5542
vn 0.7333 -0.4691 0.4921
vn 0.7609 -0.4881 0.4275
vn 0.7778 -0.4687 0.4186
vn 0.7342 -0.5533 0.3934
vn 0.7683 -0.5535 0.3215
vn 0.7944 -0.4509 0.4070
vn 0.8152 -0.4694 0.3394
vn 0.8297 -0.4881 0.2708
vn 0.8446 -0.4687 0.2589
vn 0.7969 -0.5533 0.2426
vn 0.8163 -0.5535 0.1654
vn 0.8585 -0.4509 0.2442
vn 0.8659 -0.4690 0.1741
vn 0.8666 -0.4881 0.1038
vn 0.8788 -0.4687 0.0891
vn 0.8289 -0.5533 0.0828
vn 0.8328 -0.5535 0.0030
vn 0.8897 -0.4509 0.0721
vn 0.8831 -0.4691 0.0018
vn 0.8702 -0.4881 -0.0673
vn 0.8793 -0.4687 -0.0841
vn 0.8291 -0.5533 -0.0804
vn 0.8174 -0.5535 -0.1596
vn 0.8866 -0.4509 -0.1030
vn 0.8663 -0.4694 -0.1707
vn 0.8403 -0.4882 -0.2358
vn 0.8460 -0.4687 -0.2540
vn 0.7974 -0.5533 -0.2410
vn 0.7706 -0.5535 -0.3160
vn 0.8495 -0.4509 -0.2739
vn 0.8167 -0.4690 -0.3362
vn 0.7782 -0.4881 -0.3952
vn 0.7802 -0.4687 -0.4143
vn 0.7353 -0.5533 -0.3915
vn 0.6941 -0.5535 -0.4602
vn 0.7798 -0.4509 -0.4343
vn 0.7351 -0.4694 -0.4892
vn 0.6862 -0.4881 -0.5394
vn 0.6844 -0.4687 -0.5584
vn 0.6444 -0.5533 -0.5278
vn 0.5910 -0.5535 -0.5868
vn 0.6799 -0.4509 -0.5783
vn 0.6255 -0.4694 -0.6233
vn 0.5677 -0.4881 -0.6629
vn 0.5623 -0.4687 -0.6812
vn 0.5291 -0.5533 -0.6433
vn 0.4652 -0.5535 -0.6908
vn 0.5542 -0.4509 -0.6997
vn 0.4919 -0.4694 -0.7333
vn 0.4275 -0.4881 -0.7609
vn 0.4186 -0.4687 -0.7779
vn 0.3939 -0.5533 -0.7340
vn 0.3215 -0.5535 -0.7683
vn 0.4070 -0.4509 -0.7944
vn 0.3396 -0.4691 -0.8152
vn 0.2708 -0.4881 -0.8297
vn 0.2588 -0.4687 -0.8446
vn 0.2431 -0.5533 -0.7967
vn 0.1654 -0.5535 -0.8163
vn 0.2442 -0.4509 -0.8585
vn 0.1740 -0.4691 -0.8658
vn 0.1037 -0.4882 -0.8666
vn 0.0890 -0.4687 -0.8789
vn 0.0825 -0.5533 -0.8289
vn 0.0722 -0.4509 -0.8897
vn -0.0587 -0.6497 -0.7579
vn -0.0727 -0.6314 -0.7720
vn 0.0023 -0.6320 -0.7750
vn 0.0038 -0.7048 -0.7094
vn -0.0683 -0.7050 -0.7059
vn -0.1347 -0.7049 -0.6964
vn -0.0895 -0.6153 -0.7832
vn -0.1489 -0.6320 -0.7605
vn -0.2054 -0.6497 -0.7319
vn -0.2219 -0.6314 -0.7430
vn -0.2047 -0.7050 -0.6790
vn -0.2680 -0.7049 -0.6567
vn -0.2405 -0.6153 -0.7507
vn -0.2944 -0.6320 -0.7169
vn -0.3442 -0.6497 -0.6778
vn -0.3624 -0.6315 -0.6855
vn -0.3332 -0.7050 -0.6261
vn -0.3909 -0.7049 -0.5918
vn -0.3824 -0.6153 -0.6893
vn -0.4286 -0.6320 -0.6457
vn -0.4698 -0.6497 -0.5976
vn -0.4893 -0.6314 -0.6015
vn -0.4487 -0.7049 -0.5493
vn -0.4989 -0.7049 -0.5042
vn -0.5095 -0.6153 -0.6015
vn -0.5464 -0.6321 -0.5495
vn -0.5774 -0.6497 -0.4945
vn -0.5973 -0.6314 -0.4945
vn -0.5472 -0.7049 -0.4513
vn -0.5877 -0.7049 -0.3972
vn -0.6171 -0.6153 -0.4906
vn -0.6431 -0.6320 -0.4325
vn -0.6628 -0.6497 -0.3723
vn -0.6823 -0.6314 -0.3685
vn -0.6247 -0.7049 -0.3359
vn -0.6539 -0.7049 -0.2749
vn -0.7009 -0.6153 -0.3607
vn -0.7151 -0.6321 -0.2986
vn -0.7227 -0.6497 -0.2359
vn -0.7410 -0.6315 -0.2284
vn -0.6783 -0.7050 -0.2071
vn -0.6949 -0.7049 -0.1421
vn -0.7578 -0.6153 -0.2171
vn -0.7596 -0.6321 -0.1534
vn -0.7548 -0.6497 -0.0903
vn -0.7713 -0.6314 -0.0793
vn -0.7057 -0.7050 -0.0708
vn -0.7093 -0.7049 -0.0037
vn -0.7856 -0.6153 -0.0651
vn -0.7749 -0.6321 -0.0022
vn -0.7579 -0.6497 0.0586
vn -0.7720 -0.6315 0.0727
vn -0.7060 -0.7049 0.0679
vn -0.6966 -0.7047 0.1346
vn -0.7832 -0.6153 0.0894
vn -0.7605 -0.6321 0.1490
vn -0.7319 -0.6497 0.2054
vn -0.7430 -0.6315 0.2218
vn -0.6790 -0.7050 0.2047
vn -0.6567 -0.7049 0.2680
vn -0.7507 -0.6153 0.2405
vn -0.7169 -0.6320 0.2944
vn -0.6778 -0.6497 0.3442
vn -0.6854 -0.6315 0.3626
vn -0.6264 -0.7049 0.3328
vn -0.5918 -0.7049 0.3909
vn -0.6894 -0.6153 0.3823
vn -0.6457 -0.6320 0.4286
vn -0.5976 -0.6497 0.4698
vn -0.6015 -0.6314 0.4894
vn -0.5490 -0.7050 0.4489
vn -0.5042 -0.7049 0.4989
vn -0.6016 -0.6153 0.5095
vn -0.5495 -0.6321 0.5464
vn -0.4945 -0.6497 0.5774
vn -0.4945 -0.6314 0.5973
vn -0.4509 -0.7050 0.5474
vn -0.3972 -0.7049 0.5877
vn -0.4906 -0.6153 0.6171
vn -0.4325 -0.6320 0.6430
vn -0.3723 -0.6497 0.6628
vn -0.3685 -0.6315 0.6823
vn -0.3354 -0.7050 0.6249
vn -0.2749 -0.7049 0.6539
vn -0.3608 -0.6153 0.7009
vn -0.2983 -0.6322 0.7151
vn -0.2359 -0.6497 0.7227
vn -0.2283 -0.6315 0.7410
vn -0.2071 -0.7050 0.6783
vn -0.1420 -0.7049 0.6949
vn -0.2171 -0.6153 0.7578
vn -0.1530 -0.6322 0.7596
vn -0.0904 -0.6497 0.7548
vn -0.0793 -0.6315 0.7713
vn -0.0713 -0.7049 0.7057
vn -0.0037 -0.7049 0.7093
vn -0.0650 -0.6153 0.7856
vn -0.0023 -0.6320 0.7750
vn 0.0587 -0.6497 0.7579
vn 0.0727 -0.6314 0.7720
vn 0.0679 -0.7049 0.7060
vn 0.1346 -0.7047 0.6966
vn 0.0894 -0.6153 0.7832
vn 0.1493 -0.6322 0.7603
vn 0.2054 -0.6497 0.7319
vn 0.2221 -0.6314 0.7430
vn 0.2047 -0.7050 0.6790
vn 0.2679 -0.7047 0.6570
vn 0.2405 -0.6153 0.7507
vn 0.2944 -0.6320 0.7169
vn 0.3442 -0.6497 0.6778
vn 0.3626 -0.6315 0.6854
vn 0.3332 -0.7050 0.6261
vn 0.3909 -0.7049 0.5918
vn 0.3824 -0.6153 0.6893
vn 0.4289 -0.6322 0.6453
vn 0.4698 -0.6497 0.5976
vn 0.4894 -0.6314 0.6015
vn 0.4489 -0.7050 0.5490
vn 0.4989 -0.7049 0.5042
vn 0.5095 -0.6153 0.6015
vn 0.5463 -0.6320 0.5496
vn 0.5774 -0.6497 0.4945
vn 0.5972 -0.6315 0.4945
vn 0.5474 -0.7050 0.4509
vn 0.5877 -0.7049 0.3972
vn 0.6171 -0.6153 0.4906
vn 0.6431 -0.6321 0.4324
vn 0.6628 -0.6497 0.3723
vn 0.6823 -0.6314 0.3684
vn 0.6249 -0.7050 0.3354
vn 0.6539 -0.7049 0.2749
vn 0.7009 -0.6153 0.3608
vn 0.7151 -0.6321 0.2986
vn 0.7227 -0.6497 0.2359
vn 0.7410 -0.6315 0.2283
vn 0.6783 -0.7049 0.2074
vn 0.6949 -0.7049 0.1420
vn 0.7578 -0.6153 0.2171
vn 0.7596 -0.6320 0.1535
vn 0.7548 -0.6497 0.0904
vn 0.7713 -0.6314 0.0793
vn 0.7057 -0.7050 0.0708
vn 0.7093 -0.7049 0.0037
vn 0.7856 -0.6152 0.0651
vn 0.7749 -0.6321 0.0022
vn 0.7579 -0.6497 -0.0586
vn 0.7720 -0.6315 -0.0727
vn 0.7059 -0.7050 -0.0683
vn 0.6964 -0.7049 -0.1347
vn 0.7832 -0.6153 -0.0894
vn 0.7606 -0.6320 -0.1488
vn 0.7319 -0.6497 -0.2054
vn 0.7430 -0.6314 -0.2219
vn 0.6790 -0.7050 -0.2047
vn 0.6570 -0.7047 -0.2679
vn 0.7507 -0.6153 -0.2405
vn 0.7169 -0.6320 -0.2943
vn 0.6778 -0.6497 -0.3442
vn 0.6854 -0.6314 -0.3626
vn 0.6264 -0.7049 -0.3328
vn 0.5918 -0.7049 -0.3910
vn 0.6894 -0.6153 -0.3823
vn 0.6457 -0.6320 -0.4286
vn 0.5976 -0.6497 -0.4698
vn 0.6015 -0.6315 -0.4893
vn 0.5490 -0.7050 -0.4489
vn 0.5042 -0.7049 -0.4989
vn 0.6016 -0.6153 -0.5095
vn 0.5495 -0.6321 -0.5464
vn 0.4945 -0.6497 -0.5774
vn 0.4945 -0.6315 -0.5973
vn 0.4512 -0.7049 -0.5473
vn 0.3972 -0.7049 -0.5877
vn 0.4905 -0.6153 -0.6171
vn 0.4325 -0.6320 -0.6431
vn 0.3723 -0.6497 -0.6628
vn 0.3685 -0.6314 -0.6823
vn 0.3354 -0.7050 -0.6249
vn 0.2749 -0.7049 -0.6539
vn 0.3607 -0.6153 -0.7009
vn 0.2987 -0.6320 -0.7151
vn 0.2359 -0.6497 -0.7227
vn 0.2284 -0.6315 -0.7410
vn 0.2071 -0.7050 -0.6783
vn 0.1420 -0.7049 -0.6949
vn 0.2171 -0.6153 -0.7578
vn 0.1535 -0.6320 -0.7596
vn 0.0904 -0.6497 -0.7548
vn 0.0793 -0.6315 -0.7713
vn 0.0708 -0.7050 -0.7057
vn 0.0650 -0.6153 -0.7856
vn -0.0477 -0.7867 -0.6154
vn -0.0584 -0.7704 -0.6349
vn 0.0028 -0.7709 -0.6370
vn 0.0044 -0.8293 -0.5588
vn -0.0530 -0.8299 -0.5554
vn -0.1048 -0.8294 -0.5487
vn -0.0726 -0.7562 -0.6502
vn -0.1215 -0.7709 -0.6253
vn -0.1668 -0.7867 -0.5943
vn -0.1812 -0.7704 -0.6113
vn -0.1601 -0.8297 -0.5348
vn -0.2098 -0.8292 -0.5180
vn -0.1981 -0.7562 -0.6236
vn -0.2412 -0.7709 -0.5896
vn -0.2795 -0.7868 -0.5503
vn -0.2969 -0.7704 -0.5642
vn -0.2614 -0.8297 -0.4932
vn -0.3068 -0.8294 -0.4668
vn -0.3159 -0.7562 -0.5730
vn -0.3515 -0.7709 -0.5312
vn -0.3815 -0.7867 -0.4852
vn -0.4013 -0.7704 -0.4954
vn -0.3526 -0.8299 -0.4324
vn -0.3920 -0.8294 -0.3980
vn -0.4216 -0.7562 -0.5003
vn -0.4484 -0.7709 -0.4524
vn -0.4689 -0.7867 -0.4015
vn -0.4902 -0.7704 -0.4077
vn -0.4302 -0.8299 -0.3553
vn -0.4621 -0.8294 -0.3139
vn -0.5111 -0.7562 -0.4084
vn -0.5281 -0.7709 -0.3562
vn -0.5382 -0.7867 -0.3023
vn -0.5603 -0.7704 -0.3041
vn -0.4912 -0.8299 -0.2645
vn -0.5144 -0.8294 -0.2177
vn -0.5810 -0.7562 -0.3009
vn -0.5874 -0.7709 -0.2463
vn -0.5868 -0.7868 -0.1915
vn -0.6089 -0.7704 -0.1890
vn -0.5334 -0.8299 -0.1636
vn -0.5470 -0.8294 -0.1132
vn -0.6285 -0.7562 -0.1817
vn -0.6242 -0.7709 -0.1271
vn -0.6129 -0.7867 -0.0733
vn -0.6341 -0.7704 -0.0665
vn -0.5551 -0.8299 -0.0564
vn -0.5590 -0.8292 -0.0045
vn -0.6519 -0.7562 -0.0556
vn -0.6370 -0.7709 -0.0029
vn -0.6155 -0.7867 0.0476
vn -0.6349 -0.7704 0.0584
vn -0.5554 -0.8299 0.0530
vn -0.5487 -0.8294 0.1048
vn -0.6502 -0.7562 0.0726
vn -0.6253 -0.7709 0.1215
vn -0.5943 -0.7867 0.1668
vn -0.6113 -0.7704 0.1812
vn -0.5344 -0.8299 0.1603
vn -0.5181 -0.8292 0.2098
vn -0.6236 -0.7562 0.1981
vn -0.5896 -0.7709 0.2411
vn -0.5503 -0.7867 0.2795
vn -0.5642 -0.7704 0.2969
vn -0.4929 -0.8299 0.2615
vn -0.4668 -0.8294 0.3068
vn -0.5729 -0.7562 0.3159
vn -0.5312 -0.7709 0.3515
vn -0.4852 -0.7867 0.3815
vn -0.4954 -0.7704 0.4013
vn -0.4328 -0.8297 0.3526
vn -0.3980 -0.8294 0.3920
vn -0.5003 -0.7562 0.4216
vn -0.4525 -0.7709 0.4484
vn -0.4015 -0.7867 0.4689
vn -0.4075 -0.7704 0.4903
vn -0.3553 -0.8299 0.4302
vn -0.3139 -0.8294 0.4621
vn -0.4084 -0.7563 0.5111
vn -0.3562 -0.7709 0.5281
vn -0.3023 -0.7867 0.5382
vn -0.3041 -0.7704 0.5603
vn -0.2645 -0.8299 0.4912
vn -0.2180 -0.8292 0.5147
vn -0.3008 -0.7563 0.5810
vn -0.2463 -0.7709 0.5874
vn -0.1915 -0.7867 0.5868
vn -0.1889 -0.7704 0.6089
vn -0.1636 -0.8299 0.5334
vn -0.1132 -0.8294 0.5470
vn -0.1817 -0.7562 0.6285
vn -0.1270 -0.7709 0.6242
vn -0.0733 -0.7867 0.6129
vn -0.0664 -0.7705 0.6340
vn -0.0564 -0.8299 0.5551
vn -0.0045 -0.8291 0.5591
vn -0.0556 -0.7562 0.6519
vn -0.0028 -0.7709 0.6370
vn 0.0477 -0.7867 0.6154
vn 0.0584 -0.7704 0.6349
vn 0.0530 -0.8299 0.5554
vn 0.1048 -0.8294 0.5487
vn 0.0726 -0.7562 0.6502
vn 0.1215 -0.7709 0.6253
vn 0.1668 -0.7867 0.5943
vn 0.1812 -0.7704 0.6113
vn 0.1602 -0.8297 0.5347
vn 0.2098 -0.8294 0.5177
vn 0.1981 -0.7562 0.6236
vn 0.2411 -0.7709 0.5896
vn 0.2795 -0.7867 0.5503
vn 0.2969 -0.7704 0.5643
vn 0.2615 -0.8299 0.4929
vn 0.3068 -0.8294 0.4668
vn 0.3160 -0.7563 0.5729
vn 0.3516 -0.7709 0.5312
vn 0.3815 -0.7867 0.4852
vn 0.4013 -0.7704 0.4954
vn 0.3526 -0.8297 0.4327
vn 0.3921 -0.8292 0.3983
vn 0.4216 -0.7562 0.5003
vn 0.4484 -0.7709 0.4524
vn 0.4689 -0.7867 0.4015
vn 0.4902 -0.7704 0.4076
vn 0.4302 -0.8299 0.3553
vn 0.4622 -0.8292 0.3142
vn 0.5112 -0.7562 0.4084
vn 0.5281 -0.7709 0.3562
vn 0.5382 -0.7868 0.3023
vn 0.5603 -0.7704 0.3042
vn 0.4913 -0.8299 0.2645
vn 0.5144 -0.8294 0.2177
vn 0.5810 -0.7562 0.3009
vn 0.5874 -0.7709 0.2464
vn 0.5868 -0.7867 0.1915
vn 0.6089 -0.7705 0.1888
vn 0.5334 -0.8299 0.1636
vn 0.5473 -0.8292 0.1134
vn 0.6286 -0.7562 0.1818
vn 0.6242 -0.7709 0.1271
vn 0.6129 -0.7867 0.0733
vn 0.6341 -0.7704 0.0667
vn 0.5554 -0.8297 0.0567
vn 0.5586 -0.8294 0.0043
vn 0.6519 -0.7562 0.0556
vn 0.6370 -0.7709 0.0028
vn 0.6154 -0.7867 -0.0477
vn 0.6349 -0.7704 -0.0585
vn 0.5557 -0.8297 -0.0528
vn 0.5487 -0.8294 -0.1048
vn 0.6502 -0.7562 -0.0726
vn 0.6253 -0.7709 -0.1215
vn 0.5943 -0.7867 -0.1668
vn 0.6113 -0.7704 -0.1812
vn 0.5344 -0.8299 -0.1603
vn 0.5181 -0.8292 -0.2098
vn 0.6236 -0.7562 -0.1981
vn 0.5896 -0.7709 -0.2412
vn 0.5503 -0.7868 -0.2795
vn 0.5642 -0.7704 -0.2969
vn 0.4929 -0.8299 -0.2615
vn 0.4668 -0.8294 -0.3068
vn 0.5730 -0.7562 -0.3159
vn 0.5312 -0.7709 -0.3515
vn 0.4852 -0.7867 -0.3815
vn 0.4955 -0.7704 -0.4013
vn 0.4327 -0.8297 -0.3526
vn 0.3980 -0.8294 -0.3920
vn 0.5003 -0.7562 -0.4216
vn 0.4523 -0.7709 -0.4485
vn 0.4015 -0.7867 -0.4689
vn 0.4077 -0.7704 -0.4902
vn 0.3553 -0.8299 -0.4302
vn 0.3143 -0.8292 -0.4623
vn 0.4084 -0.7563 -0.5111
vn 0.3563 -0.7709 -0.5280
vn 0.3023 -0.7867 -0.5382
vn 0.3042 -0.7704 -0.5603
vn 0.2645 -0.8299 -0.4913
vn 0.2177 -0.8294 -0.5144
vn 0.3009 -0.7563 -0.5810
vn 0.2463 -0.7709 -0.5874
vn 0.1915 -0.7868 -0.5868
vn 0.1890 -0.7704 -0.6089
vn 0.1636 -0.8299 -0.5334
vn 0.1132 -0.8294 -0.5470
vn 0.1817 -0.7562 -0.6285
vn 0.1271 -0.7709 -0.6242
vn 0.0733 -0.7868 -0.6129
vn 0.0665 -0.7704 -0.6341
vn 0.0564 -0.8299 -0.5551
vn 0.0556 -0.7562 -0.6519
vn 0.0029 -0.7709 -0.6370
vn -0.0347 -0.8936 -0.4476
vn -0.0419 -0.8800 -0.4731
vn 0.0033 -0.8803 -0.4744
vn 0.0047 -0.9220 -0.3871
vn -0.0360 -0.9229 -0.3833
vn -0.0710 -0.9222 -0.3801
vn -0.0535 -0.8685 -0.4929
vn -0.0893 -0.8803 -0.4659
vn -0.1214 -0.8936 -0.4322
vn -0.1334 -0.8800 -0.4559
vn -0.1097 -0.9229 -0.3690
vn -0.1438 -0.9220 -0.3595
vn -0.1486 -0.8685 -0.4730
vn -0.1785 -0.8803 -0.4395
vn -0.2034 -0.8936 -0.4003
vn -0.2198 -0.8800 -0.4210
vn -0.1799 -0.9229 -0.3403
vn -0.2110 -0.9222 -0.3240
vn -0.2380 -0.8684 -0.4349
vn -0.2608 -0.8803 -0.3962
vn -0.2776 -0.8936 -0.3529
vn -0.2977 -0.8800 -0.3701
vn -0.2430 -0.9229 -0.2986
vn -0.2702 -0.9222 -0.2766
vn -0.3183 -0.8685 -0.3801
vn -0.3331 -0.8803 -0.3377
vn -0.3411 -0.8935 -0.2920
vn -0.3642 -0.8800 -0.3049
vn -0.2964 -0.9229 -0.2456
vn -0.3189 -0.9222 -0.2186
vn -0.3863 -0.8685 -0.3107
vn -0.3926 -0.8803 -0.2663
vn -0.3915 -0.8935 -0.2198
vn -0.4166 -0.8800 -0.2280
vn -0.3387 -0.9229 -0.1830
vn -0.3557 -0.9221 -0.1524
vn -0.4395 -0.8685 -0.2294
vn -0.4370 -0.8803 -0.1846
vn -0.4268 -0.8936 -0.1392
vn -0.4531 -0.8800 -0.1423
vn -0.3677 -0.9229 -0.1138
vn -0.3787 -0.9220 -0.0801
vn -0.4758 -0.8684 -0.1392
vn -0.4646 -0.8803 -0.0958
vn -0.4458 -0.8935 -0.0533
vn -0.4722 -0.8800 -0.0512
vn -0.3829 -0.9229 -0.0399
vn -0.3866 -0.9222 -0.0046
vn -0.4939 -0.8684 -0.0437
vn -0.4744 -0.8803 -0.0033
vn -0.4476 -0.8935 0.0347
vn -0.4731 -0.8800 0.0419
vn -0.3833 -0.9229 0.0360
vn -0.3801 -0.9222 0.0710
vn -0.4929 -0.8684 0.0535
vn -0.4659 -0.8803 0.0893
vn -0.4323 -0.8935 0.1214
vn -0.4558 -0.8800 0.1334
vn -0.3688 -0.9229 0.1102
vn -0.3594 -0.9220 0.1438
vn -0.4730 -0.8684 0.1486
vn -0.4395 -0.8803 0.1785
vn -0.4003 -0.8935 0.2034
vn -0.4211 -0.8800 0.2198
vn -0.3405 -0.9229 0.1796
vn -0.3246 -0.9220 0.2112
vn -0.4349 -0.8685 0.2380
vn -0.3963 -0.8803 0.2608
vn -0.3529 -0.8936 0.2775
vn -0.3701 -0.8800 0.2977
vn -0.2986 -0.9229 0.2429
vn -0.2773 -0.9219 0.2705
vn -0.3801 -0.8685 0.3183
vn -0.3378 -0.8803 0.3331
vn -0.2920 -0.8936 0.3411
vn -0.3049 -0.8800 0.3642
vn -0.2456 -0.9229 0.2964
vn -0.2191 -0.9220 0.3193
vn -0.3107 -0.8685 0.3863
vn -0.2663 -0.8803 0.3926
vn -0.2198 -0.8936 0.3915
vn -0.2280 -0.8800 0.4166
vn -0.1829 -0.9229 0.3387
vn -0.1522 -0.9222 0.3554
vn -0.2294 -0.8685 0.4395
vn -0.1846 -0.8803 0.4370
vn -0.1392 -0.8935 0.4269
vn -0.1424 -0.8800 0.4532
vn -0.1134 -0.9229 0.3679
vn -0.0799 -0.9222 0.3783
vn -0.1392 -0.8685 0.4758
vn -0.0958 -0.8803 0.4646
vn -0.0533 -0.8936 0.4458
vn -0.0512 -0.8800 0.4721
vn -0.0394 -0.9229 0.3829
vn -0.0046 -0.9222 0.3866
vn -0.0437 -0.8685 0.4938
vn -0.0033 -0.8803 0.4744
vn 0.0347 -0.8935 0.4476
vn 0.0419 -0.8800 0.4731
vn 0.0361 -0.9229 0.3833
vn 0.0709 -0.9219 0.3808
vn 0.0535 -0.8685 0.4929
vn 0.0893 -0.8803 0.4659
vn 0.1214 -0.8935 0.4323
vn 0.1334 -0.8800 0.4559
vn 0.1097 -0.9229 0.3690
vn 0.1438 -0.9220 0.3595
vn 0.1486 -0.8685 0.4730
vn 0.1785 -0.8803 0.4395
vn 0.2034 -0.8935 0.4003
vn 0.2198 -0.8800 0.4211
vn 0.1799 -0.9229 0.3403
vn 0.2111 -0.9221 0.3243
vn 0.2380 -0.8685 0.4349
vn 0.2608 -0.8803 0.3962
vn 0.2776 -0.8935 0.3529
vn 0.2977 -0.8800 0.3701
vn 0.2426 -0.9229 0.2989
vn 0.2702 -0.9222 0.2766
vn 0.3183 -0.8685 0.3801
vn 0.3331 -0.8803 0.3378
vn 0.3411 -0.8935 0.2920
vn 0.3642 -0.8800 0.3049
vn 0.2965 -0.9229 0.2455
vn 0.3193 -0.9220 0.2191
vn 0.3863 -0.8684 0.3107
vn 0.3926 -0.8803 0.2663
vn 0.3915 -0.8935 0.2198
vn 0.4167 -0.8800 0.2280
vn 0.3387 -0.9229 0.1830
vn 0.3554 -0.9222 0.1521
vn 0.4395 -0.8685 0.2293
vn 0.4370 -0.8803 0.1846
vn 0.4268 -0.8936 0.1392
vn 0.4532 -0.8800 0.1424
vn 0.3679 -0.9229 0.1133
vn 0.3787 -0.9220 0.0801
vn 0.4758 -0.8684 0.1392
vn 0.4646 -0.8803 0.0958
vn 0.4458 -0.8936 0.0533
vn 0.4721 -0.8800 0.0512
vn 0.3829 -0.9229 0.0398
vn 0.3871 -0.9220 0.0047
vn 0.4938 -0.8685 0.0437
vn 0.4744 -0.8803 0.0033
vn 0.4476 -0.8936 -0.0347
vn 0.4731 -0.8800 -0.0419
vn 0.3833 -0.9229 -0.0356
vn 0.3808 -0.9219 -0.0709
vn 0.4929 -0.8684 -0.0535
vn 0.4659 -0.8803 -0.0893
vn 0.4322 -0.8936 -0.1214
vn 0.4558 -0.8800 -0.1334
vn 0.3688 -0.9229 -0.1102
vn 0.3594 -0.9220 -0.1438
vn 0.4730 -0.8684 -0.1486
vn 0.4395 -0.8803 -0.1785
vn 0.4003 -0.8936 -0.2034
vn 0.4211 -0.8800 -0.2198
vn 0.3403 -0.9229 -0.1799
vn 0.3244 -0.9220 -0.2111
vn 0.4349 -0.8685 -0.2380
vn 0.3962 -0.8803 -0.2608
vn 0.3529 -0.8936 -0.2775
vn 0.3701 -0.8800 -0.2977
vn 0.2986 -0.9229 -0.2429
vn 0.2766 -0.9222 -0.2702
vn 0.3801 -0.8684 -0.3183
vn 0.3378 -0.8803 -0.3331
vn 0.2920 -0.8936 -0.3411
vn 0.3049 -0.8800 -0.3642
vn 0.2456 -0.9229 -0.2964
vn 0.2189 -0.9220 -0.3192
vn 0.3107 -0.8685 -0.3863
vn 0.2663 -0.8803 -0.3926
vn 0.2198 -0.8936 -0.3915
vn 0.2280 -0.8800 -0.4166
vn 0.1829 -0.9229 -0.3387
vn 0.1522 -0.9222 -0.3554
vn 0.2293 -0.8685 -0.4395
vn 0.1846 -0.8803 -0.4370
vn 0.1392 -0.8936 -0.4268
vn 0.1424 -0.8800 -0.4532
vn 0.1135 -0.9229 -0.3679
vn 0.0799 -0.9222 -0.3783
vn 0.1392 -0.8684 -0.4759
vn 0.0958 -0.8803 -0.4646
vn 0.0533 -0.8936 -0.4458
vn 0.0512 -0.8800 -0.4722
vn 0.0395 -0.9229 -0.3829
vn 0.0437 -0.8684 -0.4939
vn -0.0189 -0.9649 -0.2621
vn -0.0229 -0.9553 -0.2947
vn 0.0027 -0.9554 -0.2954
vn 0.0056 -0.9738 -0.2274
vn -0.0190 -0.9832 -0.1817
vn -0.0389 -0.9738 -0.2242
vn -0.0334 -0.9474 -0.3182
vn -0.0550 -0.9554 -0.2903
vn -0.0697 -0.9649 -0.2534
vn -0.0799 -0.9553 -0.2846
vn -0.0541 -0.9832 -0.1745
vn -0.0819 -0.9738 -0.2123
vn -0.0948 -0.9475 -0.3055
vn -0.1105 -0.9554 -0.2740
vn -0.1178 -0.9649 -0.2349
vn -0.1339 -0.9553 -0.2635
vn -0.0871 -0.9832 -0.1606
vn -0.1217 -0.9738 -0.1922
vn -0.1526 -0.9475 -0.2812
vn -0.1619 -0.9554 -0.2472
vn -0.1613 -0.9649 -0.2074
vn -0.1827 -0.9553 -0.2324
vn -0.1167 -0.9832 -0.1406
vn -0.1569 -0.9738 -0.1648
vn -0.2045 -0.9474 -0.2460
vn -0.2070 -0.9554 -0.2108
vn -0.1987 -0.9649 -0.1719
vn -0.2246 -0.9553 -0.1922
vn -0.1419 -0.9832 -0.1151
vn -0.1860 -0.9738 -0.1310
vn -0.2486 -0.9475 -0.2014
vn -0.2441 -0.9554 -0.1664
vn -0.2284 -0.9649 -0.1299
vn -0.2577 -0.9553 -0.1447
vn -0.1616 -0.9832 -0.0852
vn -0.2080 -0.9738 -0.0922
vn -0.2831 -0.9474 -0.1490
vn -0.2719 -0.9554 -0.1156
vn -0.2494 -0.9649 -0.0828
vn -0.2810 -0.9553 -0.0917
vn -0.1752 -0.9832 -0.0520
vn -0.2220 -0.9738 -0.0499
vn -0.3067 -0.9474 -0.0909
vn -0.2892 -0.9554 -0.0603
vn -0.2607 -0.9649 -0.0326
vn -0.2935 -0.9553 -0.0351
vn -0.1819 -0.9832 -0.0168
vn -0.2274 -0.9738 -0.0056
vn -0.3186 -0.9475 -0.0293
vn -0.2954 -0.9554 -0.0027
vn -0.2621 -0.9649 0.0189
vn -0.2947 -0.9553 0.0228
vn -0.1817 -0.9832 0.0190
vn -0.2242 -0.9738 0.0389
vn -0.3182 -0.9474 0.0334
vn -0.2903 -0.9554 0.0550
vn -0.2533 -0.9649 0.0697
vn -0.2846 -0.9553 0.0799
vn -0.1745 -0.9832 0.0541
vn -0.2123 -0.9738 0.0819
vn -0.3055 -0.9475 0.0948
vn -0.2740 -0.9554 0.1105
vn -0.2349 -0.9648 0.1178
vn -0.2635 -0.9553 0.1339
vn -0.1606 -0.9832 0.0871
vn -0.1922 -0.9738 0.1217
vn -0.2812 -0.9475 0.1526
vn -0.2472 -0.9554 0.1619
vn -0.2074 -0.9649 0.1613
vn -0.2324 -0.9553 0.1827
vn -0.1406 -0.9832 0.1167
vn -0.1648 -0.9738 0.1569
vn -0.2460 -0.9474 0.2045
vn -0.2108 -0.9554 0.2070
vn -0.1719 -0.9649 0.1987
vn -0.1922 -0.9553 0.2245
vn -0.1151 -0.9832 0.1419
vn -0.1310 -0.9738 0.1860
vn -0.2014 -0.9475 0.2486
vn -0.1664 -0.9554 0.2441
vn -0.1299 -0.9649 0.2284
vn -0.1447 -0.9553 0.2578
vn -0.0852 -0.9832 0.1616
vn -0.0922 -0.9738 0.2080
vn -0.1490 -0.9474 0.2831
vn -0.1156 -0.9554 0.2719
vn -0.0828 -0.9649 0.2494
vn -0.0917 -0.9553 0.2811
vn -0.0520 -0.9832 0.1752
vn -0.0499 -0.9738 0.2220
vn -0.0909 -0.9474 0.3067
vn -0.0603 -0.9554 0.2892
vn -0.0326 -0.9649 0.2607
vn -0.0351 -0.9553 0.2935
vn -0.0168 -0.9832 0.1819
vn -0.0056 -0.9738 0.2274
vn -0.0293 -0.9475 0.3186
vn -0.0027 -0.9554 0.2954
vn 0.0189 -0.9649 0.2621
vn 0.0228 -0.9553 0.2947
vn 0.0190 -0.9832 0.1817
vn 0.0389 -0.9738 0.2242
vn 0.0334 -0.9474 0.3182
vn 0.0550 -0.9554 0.2903
vn 0.0697 -0.9649 0.2534
vn 0.0799 -0.9553 0.2846
vn 0.0541 -0.9832 0.1745
vn 0.0819 -0.9738 0.2123
vn 0.0948 -0.9475 0.3055
vn 0.1105 -0.9554 0.2740
vn 0.1178 -0.9649 0.2349
vn 0.1339 -0.9553 0.2635
vn 0.0871 -0.9832 0.1606
vn 0.1217 -0.9738 0.1922
vn 0.1526 -0.9475 0.2812
vn 0.1619 -0.9554 0.2471
vn 0.1613 -0.9649 0.2074
vn 0.1827 -0.9553 0.2324
vn 0.1167 -0.9832 0.1406
vn 0.1569 -0.9738 0.1648
vn 0.2045 -0.9475 0.2460
vn 0.2070 -0.9554 0.2108
vn 0.1987 -0.9649 0.1719
vn 0.2245 -0.9553 0.1922
vn 0.1419 -0.9832 0.1151
vn 0.1860 -0.9738 0.1311
vn 0.2486 -0.9475 0.2014
vn 0.2441 -0.9554 0.1664
vn 0.2284 -0.9649 0.1299
vn 0.2577 -0.9553 0.1447
vn 0.1617 -0.9832 0.0852
vn 0.2080 -0.9738 0.0922
vn 0.2831 -0.9474 0.1490
vn 0.2719 -0.9554 0.1156
vn 0.2494 -0.9649 0.0828
vn 0.2810 -0.9553 0.0917
vn 0.1752 -0.9832 0.0520
vn 0.2220 -0.9738 0.0499
vn 0.3067 -0.9475 0.0909
vn 0.2892 -0.9554 0.0603
vn 0.2607 -0.9649 0.0326
vn 0.2935 -0.9553 0.0351
vn 0.1819 -0.9832 0.0168
vn 0.2274 -0.9738 0.0056
vn 0.3186 -0.9475 0.0293
vn 0.2954 -0.9554 0.0027
vn 0.2621 -0.9648 -0.0189
vn 0.2947 -0.9553 -0.0229
vn 0.1817 -0.9832 -0.0190
vn 0.2242 -0.9738 -0.0389
vn 0.3182 -0.9474 -0.0334
vn 0.2903 -0.9554 -0.0550
vn 0.2534 -0.9649 -0.0697
vn 0.2846 -0.9553 -0.0799
vn 0.1745 -0.9832 -0.0541
vn 0.2123 -0.9738 -0.0819
vn 0.3055 -0.9475 -0.0948
vn 0.2740 -0.9554 -0.1105
vn 0.2349 -0.9649 -0.1178
vn 0.2635 -0.9553 -0.1339
vn 0.1606 -0.9832 -0.0871
vn 0.1922 -0.9738 -0.1217
vn 0.2812 -0.9475 -0.1526
vn 0.2472 -0.9554 -0.1619
vn 0.2074 -0.9649 -0.1613
vn 0.2324 -0.9553 -0.1827
vn 0.1406 -0.9832 -0.1167
vn 0.1648 -0.9738 -0.1569
vn 0.2460 -0.9475 -0.2045
vn 0.2108 -0.9554 -0.2070
vn 0.1719 -0.9649 -0.1987
vn 0.1922 -0.9553 -0.2246
vn 0.1151 -0.9832 -0.1419
vn 0.1310 -0.9738 -0.1860
vn 0.2014 -0.9474 -0.2486
vn 0.1664 -0.9554 -0.2441
vn 0.1299 -0.9648 -0.2285
vn 0.1447 -0.9553 -0.2577
vn 0.0852 -0.9832 -0.1616
vn 0.0922 -0.9738 -0.2080
vn 0.1490 -0.9474 -0.2831
vn 0.1156 -0.9554 -0.2719
vn 0.0828 -0.9649 -0.2494
vn 0.0917 -0.9553 -0.2811
vn 0.0520 -0.9832 -0.1752
vn 0.0499 -0.9738 -0.2220
vn 0.0909 -0.9475 -0.3067
vn 0.0603 -0.9554 -0.2892
vn 0.0326 -0.9649 -0.2607
vn 0.0351 -0.9553 -0.2935
vn 0.0168 -0.9832 -0.1820
vn 0.0056 -0.9738 -0.2275
vn 0.0293 -0.9475 -0.3186
vn -0.0166 -0.9907 -0.1353
vn 0.0005 -0.9946 -0.1039
vn -0.0000 -1.0000 -0.0000
vn -0.0198 -0.9946 -0.1020
vn -0.0427 -0.9907 -0.1294
vn -0.0197 -0.9946 -0.1020
vn -0.0393 -0.9946 -0.0962
vn -0.0671 -0.9907 -0.1186
vn -0.0573 -0.9946 -0.0867
vn -0.0890 -0.9907 -0.1032
vn -0.0731 -0.9946 -0.0738
vn -0.1074 -0.9907 -0.0840
vn -0.0731 -0.9946 -0.0739
vn -0.0861 -0.9946 -0.0582
vn -0.1217 -0.9907 -0.0614
vn -0.0958 -0.9946 -0.0402
vn -0.1313 -0.9907 -0.0365
vn -0.0958 -0.9946 -0.0403
vn -0.1018 -0.9946 -0.0208
vn -0.1359 -0.9907 -0.0101
vn -0.1039 -0.9946 -0.0005
vn -0.1353 -0.9907 0.0166
vn -0.1039 -0.9946 -0.0006
vn -0.1020 -0.9946 0.0198
vn -0.1295 -0.9907 0.0426
vn -0.0962 -0.9946 0.0393
vn -0.1187 -0.9907 0.0671
vn -0.0962 -0.9946 0.0392
vn -0.0867 -0.9946 0.0573
vn -0.1033 -0.9907 0.0890
vn -0.0867 -0.9946 0.0574
vn -0.0739 -0.9946 0.0731
vn -0.0839 -0.9907 0.1074
vn -0.0738 -0.9946 0.0731
vn -0.0582 -0.9946 0.0861
vn -0.0614 -0.9907 0.1217
vn -0.0403 -0.9946 0.0958
vn -0.0365 -0.9907 0.1314
vn -0.0402 -0.9946 0.0958
vn -0.0208 -0.9946 0.1018
vn -0.0101 -0.9907 0.1359
vn -0.0005 -0.9946 0.1039
vn 0.0167 -0.9907 0.1353
vn -0.0006 -0.9946 0.1039
vn 0.0198 -0.9946 0.1020
vn 0.0427 -0.9907 0.1294
vn 0.0393 -0.9946 0.0962
vn 0.0672 -0.9907 0.1186
vn 0.0573 -0.9946 0.0867
vn 0.0889 -0.9907 0.1034
vn 0.0731 -0.9946 0.0738
vn 0.1074 -0.9907 0.0840
vn 0.0731 -0.9946 0.0739
vn 0.0861 -0.9946 0.0582
vn 0.1217 -0.9907 0.0614
vn 0.0958 -0.9946 0.0402
vn 0.1313 -0.9907 0.0365
vn 0.0958 -0.9946 0.0403
vn 0.1018 -0.9946 0.0207
vn 0.1359 -0.9907 0.0101
vn 0.1018 -0.9946 0.0208
vn 0.1039 -0.9946 0.0005
vn 0.1353 -0.9907 -0.0166
vn 0.1039 -0.9946 0.0007
vn 0.1020 -0.9946 -0.0198
vn 0.1295 -0.9907 -0.0426
vn 0.1020 -0.9946 -0.0197
vn 0.0962 -0.9946 -0.0393
vn 0.1186 -0.9907 -0.0671
vn 0.0962 -0.9946 -0.0392
vn 0.0867 -0.9946 -0.0573
vn 0.1033 -0.9907 -0.0890
vn 0.0739 -0.9946 -0.0731
vn 0.0840 -0.9907 -0.1074
vn 0.0582 -0.9946 -0.0861
vn 0.0613 -0.9907 -0.1217
vn 0.0402 -0.9946 -0.0958
vn 0.0364 -0.9907 -0.1313
vn 0.0208 -0.9946 -0.1018
vn 0.0101 -0.9907 -0.1359
vt 0.010433 0.041667
vt 0.015650 0.031250
vt 0.000000 0.000000
vt 0.000000 0.031250
vt 0.000000 0.062500
vt 0.015650 0.062500
vt 0.031300 0.062500
vt 0.041700 0.041667
vt 0.046900 0.031250
vt 0.031300 0.000000
vt 0.031300 0.031250
vt 0.046900 0.062500
vt 0.062500 0.062500
vt 0.072933 0.041667
vt 0.078150 0.031250
vt 0.062500 0.000000
vt 0.062500 0.031250
vt 0.078150 0.062500
vt 0.093800 0.062500
vt 0.104200 0.041667
vt 0.109400 0.031250
vt 0.093800 0.000000
vt 0.093800 0.031250
vt 0.109400 0.062500
vt 0.125000 0.062500
vt 0.135433 0.041667
vt 0.140650 0.031250
vt 0.125000 0.000000
vt 0.125000 0.031250
vt 0.140650 0.062500
vt 0.156300 0.062500
vt 0.166700 0.041667
vt 0.171900 0.031250
vt 0.156300 0.000000
vt 0.156300 0.031250
vt 0.171900 0.062500
vt 0.187500 0.062500
vt 0.197900 0.041667
vt 0.203100 0.031250
vt 0.187500 0.000000
vt 0.187500 0.031250
vt 0.203100 0.062500
vt 0.218700 0.062500
vt 0.229133 0.041667
vt 0.234350 0.031250
vt 0.218700 0.000000
vt 0.218700 0.031250
vt 0.234350 0.062500
vt 0.250000 0.062500
vt 0.260400 0.041667
vt 0.265600 0.031250
vt 0.250000 0.000000
vt 0.250000 0.031250
vt 0.265600 0.062500
vt 0.281200 0.062500
vt 0.291633 0.041667
vt 0.296850 0.031250
vt 0.281200 0.000000
vt 0.281200 0.031250
vt 0.296850 0.062500
vt 0.312500 0.062500
vt 0.322900 0.041667
vt 0.328100 0.031250
vt 0.312500 0.000000
vt 0.312500 0.031250
vt 0.328100 0.062500
vt 0.343700 0.062500
vt 0.354133 0.041667
vt 0.359350 0.031250
vt 0.343700 0.000000
vt 0.343700 0.031250
vt 0.359350 0.062500
vt 0.375000 0.062500
vt 0.385433 0.041667
vt 0.390650 0.031250
vt 0.375000 0.000000
vt 0.375000 0.031250
vt 0.390650 0.062500
vt 0.406300 0.062500
vt 0.416700 0.041667
vt 0.421900 0.031250
vt 0.406300 0.000000
vt 0.406300 0.031250
vt 0.421900 0.062500
vt 0.437500 0.062500
vt 0.447933 0.041667
vt 0.453150 0.031250
vt 0.437500 0.000000
vt 0.437500 0.031250
vt 0.453150 0.062500
vt 0.468800 0.062500
vt 0.479200 0.041667
vt 0.484400 0.031250
vt 0.468800 0.000000
vt 0.468800 0.031250
vt 0.484400 0.062500
vt 0.500000 0.062500
vt 0.510433 0.041667
vt 0.515650 0.031250
vt 0.500000 0.000000
vt 0.500000 0.031250
vt 0.515650 0.062500
vt 0.531300 0.062500
vt 0.541700 0.041667
vt 0.546900 0.031250
vt 0.531300 0.000000
vt 0.531300 0.031250
vt 0.546900 0.062500
vt 0.562500 0.062500
vt 0.572933 0.041667
vt 0.578150 0.031250
vt 0.562500 0.000000
vt 0.562500 0.031250
vt 0.578150 0.062500
vt 0.593800 0.062500
vt 0.604200 0.041667
vt 0.609400 0.031250
vt 0.593800 0.000000
vt 0.593800 0.031250
vt 0.609400 0.062500
vt 0.625000 0.062500
vt 0.635433 0.041667
vt 0.640650 0.031250
vt 0.625000 0.000000
vt 0.625000 0.031250
vt 0.640650 0.062500
vt 0.656300 0.062500
vt 0.666700 0.041667
vt 0.671900 0.031250
vt 0.656300 0.000000
vt 0.656300 0.031250
vt 0.671900 0.062500
vt 0.687500 0.062500
vt 0.697933 0.041667
vt 0.703150 0.031250
vt 0.687500 0.000000
vt 0.687500 0.031250
vt 0.703150 0.062500
vt 0.718800 0.062500
vt 0.729200 0.041667
vt 0.734400 0.031250
vt 0.718800 0.000000
vt 0.718800 0.031250
vt 0.734400 0.062500
vt 0.750000 0.062500
vt 0.760433 0.041667
vt 0.765650 0.031250
vt 0.750000 0.000000
vt 0.750000 0.031250
vt 0.765650 0.062500
vt 0.781300 0.062500
vt 0.791700 0.041667
vt 0.796900 0.031250
vt 0.781300 0.000000
vt 0.781300 0.031250
vt 0.796900 0.062500
vt 0.812500 0.062500
vt 0.822933 0.041667
vt 0.828150 0.031250
vt 0.812500 0.000000
vt 0.812500 0.031250
vt 0.828150 0.062500
vt 0.843800 0.062500
vt 0.854200 0.041667
vt 0.859400 0.031250
vt 0.843800 0.000000
vt 0.843800 0.031250
vt 0.859400 0.062500
vt 0.875000 0.062500
vt 0.885433 0.041667
vt 0.890650 0.031250
vt 0.875000 0.000000
vt 0.875000 0.031250
vt 0.890650 0.062500
vt 0.906300 0.062500
vt 0.916700 0.041667
vt 0.921900 0.031250
vt 0.906300 0.000000
vt 0.906300 0.031250
vt 0.921900 0.062500
vt 0.937500 0.062500
vt 0.947933 0.041667
vt 0.953150 0.031250
vt 0.937500 0.000000
vt 0.937500 0.031250
vt 0.953150 0.062500
vt 0.968800 0.062500
vt 0.979200 0.041667
vt 0.984400 0.031250
vt 0.968800 0.000000
vt 0.968800 0.031250
vt 0.984400 0.062500
vt 1.000000 0.062500
vt 0.010433 0.104167
vt 0.015650 0.093750
vt 0.000000 0.093750
vt 0.000000 0.125000
vt 0.015650 0.125000
vt 0.031300 0.125000
vt 0.020867 0.083333
vt 0.031300 0.093750
vt 0.041700 0.104167
vt 0.046900 0.093750
vt 0.046900 0.125000
vt 0.062500 0.125000
vt 0.052100 0.083333
vt 0.062500 0.093750
vt 0.072933 0.104167
vt 0.078150 0.093750
vt 0.078150 0.125000
vt 0.093800 0.125000
vt 0.083367 0.083333
vt 0.093800 0.093750
vt 0.104200 0.104167
vt 0.109400 0.093750
vt 0.109400 0.125000
vt 0.125000 0.125000
vt 0.114600 0.083333
vt 0.125000 0.093750
vt 0.135433 0.104167
vt 0.140650 0.093750
vt 0.140650 0.125000
vt 0.156300 0.125000
vt 0.145867 0.083333
vt 0.156300 0.093750
vt 0.166700 0.104167
vt 0.171900 0.093750
vt 0.171900 0.125000
vt 0.187500 0.125000
vt 0.177100 0.083333
vt 0.187500 0.093750
vt 0.197900 0.104167
vt 0.203100 0.093750
vt 0.203100 0.125000
vt 0.218700 0.125000
vt 0.208300 0.083333
vt 0.218700 0.093750
vt 0.229133 0.104167
vt 0.234350 0.093750
vt 0.234350 0.125000
vt 0.250000 0.125000
vt 0.239567 0.083333
vt 0.250000 0.093750
vt 0.260400 0.104167
vt 0.265600 0.093750
vt 0.265600 0.125000
vt 0.281200 0.125000
vt 0.270800 0.083333
vt 0.281200 0.093750
vt 0.291633 0.104167
vt 0.296850 0.093750
vt 0.296850 0.125000
vt 0.312500 0.125000
vt 0.302067 0.083333
vt 0.312500 0.093750
vt 0.322900 0.104167
vt 0.328100 0.093750
vt 0.328100 0.125000
vt 0.343700 0.125000
vt 0.333300 0.083333
vt 0.343700 0.093750
vt 0.354133 0.104167
vt 0.359350 0.093750
vt 0.359350 0.125000
vt 0.375000 0.125000
vt 0.364567 0.083333
vt 0.375000 0.093750
vt 0.385433 0.104167
vt 0.390650 0.093750
vt 0.390650 0.125000
vt 0.406300 0.125000
vt 0.395867 0.083333
vt 0.406300 0.093750
vt 0.416700 0.104167
vt 0.421900 0.093750
vt 0.421900 0.125000
vt 0.437500 0.125000
vt 0.427100 0.083333
vt 0.437500 0.093750
vt 0.447933 0.104167
vt 0.453150 0.093750
vt 0.453150 0.125000
vt 0.468800 0.125000
vt 0.458367 0.083333
vt 0.468800 0.093750
vt 0.479200 0.104167
vt 0.484400 0.093750
vt 0.484400 0.125000
vt 0.500000 0.125000
vt 0.489600 0.083333
vt 0.500000 0.093750
vt 0.510433 0.104167
vt 0.515650 0.093750
vt 0.515650 0.125000
vt 0.531300 0.125000
vt 0.520867 0.083333
vt 0.531300 0.093750
vt 0.541700 0.104167
vt 0.546900 0.093750
vt 0.546900 0.125000
vt 0.562500 0.125000
vt 0.552100 0.083333
vt 0.562500 0.093750
vt 0.572933 0.104167
vt 0.578150 0.093750
vt 0.578150 0.125000
vt 0.593800 0.125000
vt 0.583367 0.083333
vt 0.593800 0.093750
vt 0.604200 0.104167
vt 0.609400 0.093750
vt 0.609400 0.125000
vt 0.625000 0.125000
vt 0.614600 0.083333
vt 0.625000 0.093750
vt 0.635433 0.104167
vt 0.640650 0.093750
vt 0.640650 0.125000
vt 0.656300 0.125000
vt 0.645867 0.083333
vt 0.656300 0.093750
vt 0.666700 0.104167
vt 0.671900 0.093750
vt 0.671900 0.125000
vt 0.687500 0.125000
vt 0.677100 0.083333
vt 0.687500 0.093750
vt 0.697933 0.104167
vt 0.703150 0.093750
vt 0.703150 0.125000
vt 0.718800 0.125000
vt 0.708367 0.083333
vt 0.718800 0.093750
vt 0.729200 0.104167
vt 0.734400 0.093750
vt 0.734400 0.125000
vt 0.750000 0.125000
vt 0.739600 0.083333
vt 0.750000 0.093750
vt 0.760433 0.104167
vt 0.765650 0.093750
vt 0.765650 0.125000
vt 0.781300 0.125000
vt 0.770867 0.083333
vt 0.781300 0.093750
vt 0.791700 0.104167
vt 0.796900 0.093750
vt 0.796900 0.125000
vt 0.812500 0.125000
vt 0.802100 0.083333
vt 0.812500 0.093750
vt 0.822933 0.104167
vt 0.828150 0.093750
vt 0.828150 0.125000
vt 0.843800 0.125000
vt 0.833367 0.083333
vt 0.843800 0.093750
vt 0.854200 0.104167
vt 0.859400 0.093750
vt 0.859400 0.125000
vt 0.875000 0.125000
vt 0.864600 0.083333
vt 0.875000 0.093750
vt 0.885433 0.104167
vt 0.890650 0.093750
vt 0.890650 0.125000
vt 0.906300 0.125000
vt 0.895867 0.083333
vt 0.906300 0.093750
vt 0.916700 0.104167
vt 0.921900 0.093750
vt 0.921900 0.125000
vt 0.937500 0.125000
vt 0.927100 0.083333
vt 0.937500 0.093750
vt 0.947933 0.104167
vt 0.953150 0.093750
vt 0.953150 0.125000
vt 0.968800 0.125000
vt 0.958367 0.083333
vt 0.968800 0.093750
vt 0.979200 0.104167
vt 0.984400 0.093750
vt 0.984400 0.125000
vt 1.000000 0.125000
vt 0.989600 0.083333
vt 1.000000 0.093750
vt 0.010433 0.166667
vt 0.015650 0.156250
vt 0.000000 0.156250
vt 0.000000 0.187500
vt 0.015650 0.187500
vt 0.031300 0.187500
vt 0.020867 0.145833
vt 0.031300 0.156250
vt 0.041700 0.166667
vt 0.046900 0.156250
vt 0.046900 0.187500
vt 0.062500 0.187500
vt 0.052100 0.145833
vt 0.062500 0.156250
vt 0.072933 0.166667
vt 0.078150 0.156250
vt 0.078150 0.187500
vt 0.093800 0.187500
vt 0.083367 0.145833
vt 0.093800 0.156250
vt 0.104200 0.166667
vt 0.109400 0.156250
vt 0.109400 0.187500
vt 0.125000 0.187500
vt 0.114600 0.145833
vt 0.125000 0.156250
vt 0.135433 0.166667
vt 0.140650 0.156250
vt 0.140650 0.187500
vt 0.156300 0.187500
vt 0.145867 0.145833
vt 0.156300 0.156250
vt 0.166700 0.166667
vt 0.171900 0.156250
vt 0.171900 0.187500
vt 0.187500 0.187500
vt 0.177100 0.145833
vt 0.187500 0.156250
vt 0.197900 0.166667
vt 0.203100 0.156250
vt 0.203100 0.187500
vt 0.218700 0.187500
vt 0.208300 0.145833
vt 0.218700 0.156250
vt 0.229133 0.166667
vt 0.234350 0.156250
vt 0.234350 0.187500
vt 0.250000 0.187500
vt 0.239567 0.145833
vt 0.250000 0.156250
vt 0.260400 0.166667
vt 0.265600 0.156250
vt 0.265600 0.187500
vt 0.281200 0.187500
vt 0.270800 0.145833
vt 0.281200 0.156250
vt 0.291633 0.166667
vt 0.296850 0.156250
vt 0.296850 0.187500
vt 0.312500 0.187500
vt 0.302067 0.145833
vt 0.312500 0.156250
vt 0.322900 0.166667
vt 0.328100 0.156250
vt 0.328100 0.187500
vt 0.343700 0.187500
vt 0.333300 0.145833
vt 0.343700 0.156250
vt 0.354133 0.166667
vt 0.359350 0.156250
vt 0.359350 0.187500
vt 0.375000 0.187500
vt 0.364567 0.145833
vt 0.375000 0.156250
vt 0.385433 0.166667
vt 0.390650 0.156250
vt 0.390650 0.187500
vt 0.406300 0.187500
vt 0.395867 0.145833
vt 0.406300 0.156250
vt 0.416700 0.166667
vt 0.421900 0.156250
vt 0.421900 0.187500
vt 0.437500 0.187500
vt 0.427100 0.145833
vt 0.437500 0.156250
vt 0.447933 0.166667
vt 0.453150 0.156250
vt 0.453150 0.187500
vt 0.468800 0.187500
vt 0.458367 0.145833
vt 0.468800 0.156250
vt 0.479200 0.166667
vt 0.484400 0.156250
vt 0.484400 0.187500
vt 0.500000 0.187500
vt 0.489600 0.145833
vt 0.500000 0.156250
vt 0.510433 0.166667
vt 0.515650 0.156250
vt 0.515650 0.187500
vt 0.531300 0.187500
vt 0.520867 0.145833
vt 0.531300 0.156250
vt 0.541700 0.166667
vt 0.546900 0.156250
vt 0.546900 0.187500
vt 0.562500 0.187500
vt 0.552100 0.145833
vt 0.562500 0.156250
vt 0.572933 0.166667
vt 0.578150 0.156250
vt 0.578150 0.187500
vt 0.593800 0.187500
vt 0.583367 0.145833
vt 0.593800 0.156250
vt 0.604200 0.166667
vt 0.609400 0.156250
vt 0.609400 0.187500
vt 0.625000 0.187500
vt 0.614600 0.145833
vt 0.625000 0.156250
vt 0.635433 0.166667
vt 0.640650 0.156250
vt 0.640650 0.187500
vt 0.656300 0.187500
vt 0.645867 0.145833
vt 0.656300 0.156250
vt 0.666700 0.166667
vt 0.671900 0.156250
vt 0.671900 0.187500
vt 0.687500 0.187500
vt 0.677100 0.145833
vt 0.687500 0.156250
vt 0.697933 0.166667
vt 0.703150 0.156250
vt 0.703150 0.187500
vt 0.718800 0.187500
vt 0.708367 0.145833
vt 0.718800 0.156250
vt 0.729200 0.166667
vt 0.734400 0.156250
vt 0.734400 0.187500
vt 0.750000 0.187500
vt 0.739600 0.145833
vt 0.750000 0.156250
vt 0.760433 0.166667
vt 0.765650 0.156250
vt 0.765650 0.187500
vt 0.781300 0.187500
vt 0.770867 0.145833
vt 0.781300 0.156250
vt 0.791700 0.166667
vt 0.796900 0.156250
vt 0.796900 0.187500
vt 0.812500 0.187500
vt 0.802100 0.145833
vt 0.812500 0.156250
vt 0.822933 0.166667
vt 0.828150 0.156250
vt 0.828150 0.187500
vt 0.843800 0.187500
vt 0.833367 0.145833
vt 0.843800 0.156250
vt 0.854200 0.166667
vt 0.859400 0.156250
vt 0.859400 0.187500
vt 0.875000 0.187500
vt 0.864600 0.145833
vt 0.875000 0.156250
vt 0.885433 0.166667
vt 0.890650 0.156250
vt 0.890650 0.187500
vt 0.906300 0.187500
vt 0.895867 0.145833
vt 0.906300 0.156250
vt 0.916700 0.166667
vt 0.921900 0.156250
vt 0.921900 0.187500
vt 0.937500 0.187500
vt 0.927100 0.145833
vt 0.937500 0.156250
vt 0.947933 0.166667
vt 0.953150 0.156250
vt 0.953150 0.187500
vt 0.968800 0.187500
vt 0.958367 0.145833
vt 0.968800 0.156250
vt 0.979200 0.166667
vt 0.984400 0.156250
vt 0.984400 0.187500
vt 1.000000 0.187500
vt 0.989600 0.145833
vt 1.000000 0.156250
vt 0.010433 0.229167
vt 0.015650 0.218750
vt 0.000000 0.218750
vt 0.000000 0.250000
vt 0.015650 0.250000
vt 0.031300 0.250000
vt 0.020867 0.208333
vt 0.031300 0.218750
vt 0.041700 0.229167
vt 0.046900 0.218750
vt 0.046900 0.250000
vt 0.062500 0.250000
vt 0.052100 0.208333
vt 0.062500 0.218750
vt 0.072933 0.229167
vt 0.078150 0.218750
vt 0.078150 0.250000
vt 0.093800 0.250000
vt 0.083367 0.208333
vt 0.093800 0.218750
vt 0.104200 0.229167
vt 0.109400 0.218750
vt 0.109400 0.250000
vt 0.125000 0.250000
vt 0.114600 0.208333
vt 0.125000 0.218750
vt 0.135433 0.229167
vt 0.140650 0.218750
vt 0.140650 0.250000
vt 0.156300 0.250000
vt 0.145867 0.208333
vt 0.156300 0.218750
vt 0.166700 0.229167
vt 0.171900 0.218750
vt 0.171900 0.250000
vt 0.187500 0.250000
vt 0.177100 0.208333
vt 0.187500 0.218750
vt 0.197900 0.229167
vt 0.203100 0.218750
vt 0.203100 0.250000
vt 0.218700 0.250000
vt 0.208300 0.208333
vt 0.218700 0.218750
vt 0.229133 0.229167
vt 0.234350 0.218750
vt 0.234350 0.250000
vt 0.250000 0.250000
vt 0.239567 0.208333
vt 0.250000 0.218750
vt 0.260400 0.229167
vt 0.265600 0.218750
vt 0.265600 0.250000
vt 0.281200 0.250000
vt 0.270800 0.208333
vt 0.281200 0.218750
vt 0.291633 0.229167
vt 0.296850 0.218750
vt 0.296850 0.250000
vt 0.312500 0.250000
vt 0.302067 0.208333
vt 0.312500 0.218750
vt 0.322900 0.229167
vt 0.328100 0.218750
vt 0.328100 0.250000
vt 0.343700 0.250000
vt 0.333300 0.208333
vt 0.343700 0.218750
vt 0.354133 0.229167
vt 0.359350 0.218750
vt 0.359350 0.250000
vt 0.375000 0.250000
vt 0.364567 0.208333
vt 0.375000 0.218750
vt 0.385433 0.229167
vt 0.390650 0.218750
vt 0.390650 0.250000
vt 0.406300 0.250000
vt 0.395867 0.208333
vt 0.406300 0.218750
vt 0.416700 0.229167
vt 0.421900 0.218750
vt 0.421900 0.250000
vt 0.437500 0.250000
vt 0.427100 0.208333
vt 0.437500 0.218750
vt 0.447933 0.229167
vt 0.453150 0.218750
vt 0.453150 0.250000
vt 0.468800 0.250000
vt 0.458367 0.208333
vt 0.468800 0.218750
vt 0.479200 0.229167
vt 0.484400 0.218750
vt 0.484400 0.250000
vt 0.500000 0.250000
vt 0.489600 0.208333
vt 0.500000 0.218750
vt 0.510433 0.229167
vt 0.515650 0.218750
vt 0.515650 0.250000
vt 0.531300 0.250000
vt 0.520867 0.208333
vt 0.531300 0.218750
vt 0.541700 0.229167
vt 0.546900 0.218750
vt 0.546900 0.250000
vt 0.562500 0.250000
vt 0.552100 0.208333
vt 0.562500 0.218750
vt 0.572933 0.229167
vt 0.578150 0.218750
vt 0.578150 0.250000
vt 0.593800 0.250000
vt 0.583367 0.208333
vt 0.593800 0.218750
vt 0.604200 0.229167
vt 0.609400 0.218750
vt 0.609400 0.250000
vt 0.625000 0.250000
vt 0.614600 0.208333
vt 0.625000 0.218750
vt 0.635433 0.229167
vt 0.640650 0.218750
vt 0.640650 0.250000
vt 0.656300 0.250000
vt 0.645867 0.208333
vt 0.656300 0.218750
vt 0.666700 0.229167
vt 0.671900 0.218750
vt 0.671900 0.250000
vt 0.687500 0.250000
vt 0.677100 0.208333
vt 0.687500 0.218750
vt 0.697933 0.229167
vt 0.703150 0.218750
vt 0.703150 0.250000
vt 0.718800 0.250000
vt 0.708367 0.208333
vt 0.718800 0.218750
vt 0.729200 0.229167
vt 0.734400 0.218750
vt 0.734400 0.250000
vt 0.750000 0.250000
vt 0.739600 0.208333
vt 0.750000 0.218750
vt 0.760433 0.229167
vt 0.765650 0.218750
vt 0.765650 0.250000
vt 0.781300 0.250000
vt 0.770867 0.208333
vt 0.781300 0.218750
vt 0.791700 0.229167
vt 0.796900 0.218750
vt 0.796900 0.250000
vt 0.812500 0.250000
vt 0.802100 0.208333
vt 0.812500 0.218750
vt 0.822933 0.229167
vt 0.828150 0.218750
vt 0.828150 0.250000
vt 0.843800 0.250000
vt 0.833367 0.208333
vt 0.843800 0.218750
vt 0.854200 0.229167
vt 0.859400 0.218750
vt 0.859400 0.250000
vt 0.875000 0.250000
vt 0.864600 0.208333
vt 0.875000 0.218750
vt 0.885433 0.229167
vt 0.890650 0.218750
vt 0.890650 0.250000
vt 0.906300 0.250000
vt 0.895867 0.208333
vt 0.906300 0.218750
vt 0.916700 0.229167
vt 0.921900 0.218750
vt 0.921900 0.250000
vt 0.937500 0.250000
vt 0.927100 0.208333
vt 0.937500 0.218750
vt 0.947933 0.229167
vt 0.953150 0.218750
vt 0.953150 0.250000
vt 0.968800 0.250000
vt 0.958367 0.208333
vt 0.968800 0.218750
vt 0.979200 0.229167
vt 0.984400 0.218750
vt 0.984400 0.250000
vt 1.000000 0.250000
vt 0.989600 0.208333
vt 1.000000 0.218750
vt 0.010433 0.291667
vt 0.015650 0.281250
vt 0.000000 0.281250
vt 0.000000 0.312500
vt 0.015650 0.312500
vt 0.031300 0.312500
vt 0.020867 0.270833
vt 0.031300 0.281250
vt 0.041700 0.291667
vt 0.046900 0.281250
vt 0.046900 0.312500
vt 0.062500 0.312500
vt 0.052100 0.270833
vt 0.062500 0.281250
vt 0.072933 0.291667
vt 0.078150 0.281250
vt 0.078150 0.312500
vt 0.093800 0.312500
vt 0.083367 0.270833
vt 0.093800 0.281250
vt 0.104200 0.291667
vt 0.109400 0.281250
vt 0.109400 0.312500
vt 0.125000 0.312500
vt 0.114600 0.270833
vt 0.125000 0.281250
vt 0.135433 0.291667
vt 0.140650 0.281250
vt 0.140650 0.312500
vt 0.156300 0.312500
vt 0.145867 0.270833
vt 0.156300 0.281250
vt 0.166700 0.291667
vt 0.171900 0.281250
vt 0.171900 0.312500
vt 0.187500 0.312500
vt 0.177100 0.270833
vt 0.187500 0.281250
vt 0.197900 0.291667
vt 0.203100 0.281250
vt 0.203100 0.312500
vt 0.218700 0.312500
vt 0.208300 0.270833
vt 0.218700 0.281250
vt 0.229133 0.291667
vt 0.234350 0.281250
vt 0.234350 0.312500
vt 0.250000 0.312500
vt 0.239567 0.270833
vt 0.250000 0.281250
vt 0.260400 0.291667
vt 0.265600 0.281250
vt 0.265600 0.312500
vt 0.281200 0.312500
vt 0.270800 0.270833
vt 0.281200 0.281250
vt 0.291633 0.291667
vt 0.296850 0.281250
vt 0.296850 0.312500
vt 0.312500 0.312500
vt 0.302067 0.270833
vt 0.312500 0.281250
vt 0.322900 0.291667
vt 0.328100 0.281250
vt 0.328100 0.312500
vt 0.343700 0.312500
vt 0.333300 0.270833
vt 0.343700 0.281250
vt 0.354133 0.291667
vt 0.359350 0.281250
vt 0.359350 0.312500
vt 0.375000 0.312500
vt 0.364567 0.270833
vt 0.375000 0.281250
vt 0.385433 0.291667
vt 0.390650 0.281250
vt 0.390650 0.312500
vt 0.406300 0.312500
vt 0.395867 0.270833
vt 0.406300 0.281250
vt 0.416700 0.291667
vt 0.421900 0.281250
vt 0.421900 0.312500
vt 0.437500 0.312500
vt 0.427100 0.270833
vt 0.437500 0.281250
vt 0.447933 0.291667
vt 0.453150 0.281250
vt 0.453150 0.312500
vt 0.468800 0.312500
vt 0.458367 0.270833
vt 0.468800 0.281250
vt 0.479200 0.291667
vt 0.484400 0.281250
vt 0.484400 0.312500
vt 0.500000 0.312500
vt 0.489600 0.270833
vt 0.500000 0.281250
vt 0.510433 0.291667
vt 0.515650 0.281250
vt 0.515650 0.312500
vt 0.531300 0.312500
vt 0.520867 0.270833
vt 0.531300 0.281250
vt 0.541700 0.291667
vt 0.546900 0.281250
vt 0.546900 0.312500
vt 0.562500 0.312500
vt 0.552100 0.270833
vt 0.562500 0.281250
vt 0.572933 0.291667
vt 0.578150 0.281250
vt 0.578150 0.312500
vt 0.593800 0.312500
vt 0.583367 0.270833
vt 0.593800 0.281250
vt 0.604200 0.291667
vt 0.609400 0.281250
vt 0.609400 0.312500
vt 0.625000 0.312500
vt 0.614600 0.270833
vt 0.625000 0.281250
vt 0.635433 0.291667
vt 0.640650 0.281250
vt 0.640650 0.312500
vt 0.656300 0.312500
vt 0.645867 0.270833
vt 0.656300 0.281250
vt 0.666700 0.291667
vt 0.671900 0.281250
vt 0.671900 0.312500
vt 0.687500 0.312500
vt 0.677100 0.270833
vt 0.687500 0.281250
vt 0.697933 0.291667
vt 0.703150 0.281250
vt 0.703150 0.312500
vt 0.718800 0.312500
vt 0.708367 0.270833
vt 0.718800 0.281250
vt 0.729200 0.291667
vt 0.734400 0.281250
vt 0.734400 0.312500
vt 0.750000 0.312500
vt 0.739600 0.270833
vt 0.750000 0.281250
vt 0.760433 0.291667
vt 0.765650 0.281250
vt 0.765650 0.312500
vt 0.781300 0.312500
vt 0.770867 0.270833
vt 0.781300 0.281250
vt 0.791700 0.291667
vt 0.796900 0.281250
vt 0.796900 0.312500
vt 0.812500 0.312500
vt 0.802100 0.270833
vt 0.812500 0.281250
vt 0.822933 0.291667
vt 0.828150 0.281250
vt 0.828150 0.312500
vt 0.843800 0.312500
vt 0.833367 0.270833
vt 0.843800 0.281250
vt 0.854200 0.291667
vt 0.859400 0.281250
vt 0.859400 0.312500
vt 0.875000 0.312500
vt 0.864600 0.270833
vt 0.875000 0.281250
vt 0.885433 0.291667
vt 0.890650 0.281250
vt 0.890650 0.312500
vt 0.906300 0.312500
vt 0.895867 0.270833
vt 0.906300 0.281250
vt 0.916700 0.291667
vt 0.921900 0.281250
vt 0.921900 0.312500
vt 0.937500 0.312500
vt 0.927100 0.270833
vt 0.937500 0.281250
vt 0.947933 0.291667
vt 0.953150 0.281250
vt 0.953150 0.312500
vt 0.968800 0.312500
vt 0.958367 0.270833
vt 0.968800 0.281250
vt 0.979200 0.291667
vt 0.984400 0.281250
vt 0.984400 0.312500
vt 1.000000 0.312500
vt 0.989600 0.270833
vt 1.000000 0.281250
vt 0.010433 0.354167
vt 0.015650 0.343750
vt 0.000000 0.343750
vt 0.000000 0.375000
vt 0.015650 0.375000
vt 0.031300 0.375000
vt 0.020867 0.333333
vt 0.031300 0.343750
vt 0.041700 0.354167
vt 0.046900 0.343750
vt 0.046900 0.375000
vt 0.062500 0.375000
vt 0.052100 0.333333
vt 0.062500 0.343750
vt 0.072933 0.354167
vt 0.078150 0.343750
vt 0.078150 0.375000
vt 0.093800 0.375000
vt 0.083367 0.333333
vt 0.093800 0.343750
vt 0.104200 0.354167
vt 0.109400 0.343750
vt 0.109400 0.375000
vt 0.125000 0.375000
vt 0.114600 0.333333
vt 0.125000 0.343750
vt 0.135433 0.354167
vt 0.140650 0.343750
vt 0.140650 0.375000
vt 0.156300 0.375000
vt 0.145867 0.333333
vt 0.156300 0.343750
vt 0.166700 0.354167
vt 0.171900 0.343750
vt 0.171900 0.375000
vt 0.187500 0.375000
vt 0.177100 0.333333
vt 0.187500 0.343750
vt 0.197900 0.354167
vt 0.203100 0.343750
vt 0.203100 0.375000
vt 0.218700 0.375000
vt 0.208300 0.333333
vt 0.218700 0.343750
vt 0.229133 0.354167
vt 0.234350 0.343750
vt 0.234350 0.375000
vt 0.250000 0.375000
vt 0.239567 0.333333
vt 0.250000 0.343750
vt 0.260400 0.354167
vt 0.265600 0.343750
vt 0.265600 0.375000
vt 0.281200 0.375000
vt 0.270800 0.333333
vt 0.281200 0.343750
vt 0.291633 0.354167
vt 0.296850 0.343750
vt 0.296850 0.375000
vt 0.312500 0.375000
vt 0.302067 0.333333
vt 0.312500 0.343750
vt 0.322900 0.354167
vt 0.328100 0.343750
vt 0.328100 0.375000
vt 0.343700 0.375000
vt 0.333300 0.333333
vt 0.343700 0.343750
vt 0.354133 0.354167
vt 0.359350 0.343750
vt 0.359350 0.375000
vt 0.375000 0.375000
vt 0.364567 0.333333
vt 0.375000 0.343750
vt 0.385433 0.354167
vt 0.390650 0.343750
vt 0.390650 0.375000
vt 0.406300 0.375000
vt 0.395867 0.333333
vt 0.406300 0.343750
vt 0.416700 0.354167
vt 0.421900 0.343750
vt 0.421900 0.375000
vt 0.437500 0.375000
vt 0.427100 0.333333
vt 0.437500 0.343750
vt 0.447933 0.354167
vt 0.453150 0.343750
vt 0.453150 0.375000
vt 0.468800 0.375000
vt 0.458367 0.333333
vt 0.468800 0.343750
vt 0.479200 0.354167
vt 0.484400 0.343750
vt 0.484400 0.375000
vt 0.500000 0.375000
vt 0.489600 0.333333
vt 0.500000 0.343750
vt 0.510433 0.354167
vt 0.515650 0.343750
vt 0.515650 0.375000
vt 0.531300 0.375000
vt 0.520867 0.333333
vt 0.531300 0.343750
vt 0.541700 0.354167
vt 0.546900 0.343750
vt 0.546900 0.375000
vt 0.562500 0.375000
vt 0.552100 0.333333
vt 0.562500 0.343750
vt 0.572933 0.354167
vt 0.578150 0.343750
vt 0.578150 0.375000
vt 0.593800 0.375000
vt 0.583367 0.333333
vt 0.593800 0.343750
vt 0.604200 0.354167
vt 0.609400 0.343750
vt 0.609400 0.375000
vt 0.625000 0.375000
vt 0.614600 0.333333
vt 0.625000 0.343750
vt 0.635433 0.354167
vt 0.640650 0.343750
vt 0.640650 0.375000
vt 0.656300 0.375000
vt 0.645867 0.333333
vt 0.656300 0.343750
vt 0.666700 0.354167
vt 0.671900 0.343750
vt 0.671900 0.375000
vt 0.687500 0.375000
vt 0.677100 0.333333
vt 0.687500 0.343750
vt 0.697933 0.354167
vt 0.703150 0.343750
vt 0.703150 0.375000
vt 0.718800 0.375000
vt 0.708367 0.333333
vt 0.718800 0.343750
vt 0.729200 0.354167
vt 0.734400 0.343750
vt 0.734400 0.375000
vt 0.750000 0.375000
vt 0.739600 0.333333
vt 0.750000 0.343750
vt 0.760433 0.354167
vt 0.765650 0.343750
vt 0.765650 0.375000
vt 0.781300 0.375000
vt 0.770867 0.333333
vt 0.781300 0.343750
vt 0.791700 0.354167
vt 0.796900 0.343750
vt 0.796900 0.375000
vt 0.812500 0.375000
vt 0.802100 0.333333
vt 0.812500 0.343750
vt 0.822933 0.354167
vt 0.828150 0.343750
vt 0.828150 0.375000
vt 0.843800 0.375000
vt 0.833367 0.333333
vt 0.843800 0.343750
vt 0.854200 0.354167
vt 0.859400 0.343750
vt 0.859400 0.375000
vt 0.875000 0.375000
vt 0.864600 0.333333
vt 0.875000 0.343750
vt 0.885433 0.354167
vt 0.890650 0.343750
vt 0.890650 0.375000
vt 0.906300 0.375000
vt 0.895867 0.333333
vt 0.906300 0.343750
vt 0.916700 0.354167
vt 0.921900 0.343750
vt 0.921900 0.375000
vt 0.937500 0.375000
vt 0.927100 0.333333
vt 0.937500 0.343750
vt 0.947933 0.354167
vt 0.953150 0.343750
vt 0.953150 0.375000
vt 0.968800 0.375000
vt 0.958367 0.333333
vt 0.968800 0.343750
vt 0.979200 0.354167
vt 0.984400 0.343750
vt 0.984400 0.375000
vt 1.000000 0.375000
vt 0.989600 0.333333
vt 1.000000 0.343750
vt 0.010433 0.416667
vt 0.015650 0.406250
vt 0.000000 0.406250
vt 0.000000 0.437500
vt 0.015650 0.437500
vt 0.031300 0.437500
vt 0.020867 0.395833
vt 0.031300 0.406250
vt 0.041700 0.416667
vt 0.046900 0.406250
vt 0.046900 0.437500
vt 0.062500 0.437500
vt 0.052100 0.395833
vt 0.062500 0.406250
vt 0.072933 0.416667
vt 0.078150 0.406250
vt 0.078150 0.437500
vt 0.093800 0.437500
vt 0.083367 0.395833
vt 0.093800 0.406250
vt 0.104200 0.416667
vt 0.109400 0.406250
vt 0.109400 0.437500
vt 0.125000 0.437500
vt 0.114600 0.395833
vt 0.125000 0.406250
vt 0.135433 0.416667
vt 0.140650 0.406250
vt 0.140650 0.437500
vt 0.156300 0.437500
vt 0.145867 0.395833
vt 0.156300 0.406250
vt 0.166700 0.416667
vt 0.171900 0.406250
vt 0.171900 0.437500
vt 0.187500 0.437500
vt 0.177100 0.395833
vt 0.187500 0.406250
vt 0.197900 0.416667
vt 0.203100 0.406250
vt 0.203100 0.437500
vt 0.218700 0.437500
vt 0.208300 0.395833
vt 0.218700 0.406250
vt 0.229133 0.416667
vt 0.234350 0.406250
vt 0.234350 0.437500
vt 0.250000 0.437500
vt 0.239567 0.395833
vt 0.250000 0.406250
vt 0.260400 0.416667
vt 0.265600 0.406250
vt 0.265600 0.437500
vt 0.281200 0.437500
vt 0.270800 0.395833
vt 0.281200 0.406250
vt 0.291633 0.416667
vt 0.296850 0.406250
vt 0.296850 0.437500
vt 0.312500 0.437500
vt 0.302067 0.395833
vt 0.312500 0.406250
vt 0.322900 0.416667
vt 0.328100 0.406250
vt 0.328100 0.437500
vt 0.343700 0.437500
vt 0.333300 0.395833
vt 0.343700 0.406250
vt 0.354133 0.416667
vt 0.359350 0.406250
vt 0.359350 0.437500
vt 0.375000 0.437500
vt 0.364567 0.395833
vt 0.375000 0.406250
vt 0.385433 0.416667
vt 0.390650 0.406250
vt 0.390650 0.437500
vt 0.406300 0.437500
vt 0.395867 0.395833
vt 0.406300 0.406250
vt 0.416700 0.416667
vt 0.421900 0.406250
vt 0.421900 0.437500
vt 0.437500 0.437500
vt 0.427100 0.395833
vt 0.437500 0.406250
vt 0.447933 0.416667
vt 0.453150 0.406250
vt 0.453150 0.437500
vt 0.468800 0.437500
vt 0.458367 0.395833
vt 0.468800 0.406250
vt 0.479200 0.416667
vt 0.484400 0.406250
vt 0.484400 0.437500
vt 0.500000 0.437500
vt 0.489600 0.395833
vt 0.500000 0.406250
vt 0.510433 0.416667
vt 0.515650 0.406250
vt 0.515650 0.437500
vt 0.531300 0.437500
vt 0.520867 0.395833
vt 0.531300 0.406250
vt 0.541700 0.416667
vt 0.546900 0.406250
vt 0.546900 0.437500
vt 0.562500 0.437500
vt 0.552100 0.395833
vt 0.562500 0.406250
vt 0.572933 0.416667
vt 0.578150 0.406250
vt 0.578150 0.437500
vt 0.593800 0.437500
vt 0.583367 0.395833
vt 0.593800 0.406250
vt 0.604200 0.416667
vt 0.609400 0.406250
vt 0.609400 0.437500
vt 0.625000 0.437500
vt 0.614600 0.395833
vt 0.625000 0.406250
vt 0.635433 0.416667
vt 0.640650 0.406250
vt 0.640650 0.437500
vt 0.656300 0.437500
vt 0.645867 0.395833
vt 0.656300 0.406250
vt 0.666700 0.416667
vt 0.671900 0.406250
vt 0.671900 0.437500
vt 0.687500 0.437500
vt 0.677100 0.395833
vt 0.687500 0.406250
vt 0.697933 0.416667
vt 0.703150 0.406250
vt 0.703150 0.437500
vt 0.718800 0.437500
vt 0.708367 0.395833
vt 0.718800 0.406250
vt 0.729200 0.416667
vt 0.734400 0.406250
vt 0.734400 0.437500
vt 0.750000 0.437500
vt 0.739600 0.395833
vt 0.750000 0.406250
vt 0.760433 0.416667
vt 0.765650 0.406250
vt 0.765650 0.437500
vt 0.781300 0.437500
vt 0.770867 0.395833
vt 0.781300 0.406250
vt 0.791700 0.416667
vt 0.796900 0.406250
vt 0.796900 0.437500
vt 0.812500 0.437500
vt 0.802100 0.395833
vt 0.812500 0.406250
vt 0.822933 0.416667
vt 0.828150 0.406250
vt 0.828150 0.437500
vt 0.843800 0.437500
vt 0.833367 0.395833
vt 0.843800 0.406250
vt 0.854200 0.416667
vt 0.859400 0.406250
vt 0.859400 0.437500
vt 0.875000 0.437500
vt 0.864600 0.395833
vt 0.875000 0.406250
vt 0.885433 0.416667
vt 0.890650 0.406250
vt 0.890650 0.437500
vt 0.906300 0.437500
vt 0.895867 0.395833
vt 0.906300 0.406250
vt 0.916700 0.416667
vt 0.921900 0.406250
vt 0.921900 0.437500
vt 0.937500 0.437500
vt 0.927100 0.395833
vt 0.937500 0.406250
vt 0.947933 0.416667
vt 0.953150 0.406250
vt 0.953150 0.437500
vt 0.968800 0.437500
vt 0.958367 0.395833
vt 0.968800 0.406250
vt 0.979200 0.416667
vt 0.984400 0.406250
vt 0.984400 0.437500
vt 1.000000 0.437500
vt 0.989600 0.395833
vt 1.000000 0.406250
vt 0.010433 0.479167
vt 0.015650 0.468750
vt 0.000000 0.468750
vt 0.000000 0.500000
vt 0.015650 0.500000
vt 0.031300 0.500000
vt 0.020867 0.458333
vt 0.031300 0.468750
vt 0.041700 0.479167
vt 0.046900 0.468750
vt 0.046900 0.500000
vt 0.062500 0.500000
vt 0.052100 0.458333
vt 0.062500 0.468750
vt 0.072933 0.479167
vt 0.078150 0.468750
vt 0.078150 0.500000
vt 0.093800 0.500000
vt 0.083367 0.458333
vt 0.093800 0.468750
vt 0.104200 0.479167
vt 0.109400 0.468750
vt 0.109400 0.500000
vt 0.125000 0.500000
vt 0.114600 0.458333
vt 0.125000 0.468750
vt 0.135433 0.479167
vt 0.140650 0.468750
vt 0.140650 0.500000
vt 0.156300 0.500000
vt 0.145867 0.458333
vt 0.156300 0.468750
vt 0.166700 0.479167
vt 0.171900 0.468750
vt 0.171900 0.500000
vt 0.187500 0.500000
vt 0.177100 0.458333
vt 0.187500 0.468750
vt 0.197900 0.479167
vt 0.203100 0.468750
vt 0.203100 0.500000
vt 0.218700 0.500000
vt 0.208300 0.458333
vt 0.218700 0.468750
vt 0.229133 0.479167
vt 0.234350 0.468750
vt 0.234350 0.500000
vt 0.250000 0.500000
vt 0.239567 0.458333
vt 0.250000 0.468750
vt 0.260400 0.479167
vt 0.265600 0.468750
vt 0.265600 0.500000
vt 0.281200 0.500000
vt 0.270800 0.458333
vt 0.281200 0.468750
vt 0.291633 0.479167
vt 0.296850 0.468750
vt 0.296850 0.500000
vt 0.312500 0.500000
vt 0.302067 0.458333
vt 0.312500 0.468750
vt 0.322900 0.479167
vt 0.328100 0.468750
vt 0.328100 0.500000
vt 0.343700 0.500000
vt 0.333300 0.458333
vt 0.343700 0.468750
vt 0.354133 0.479167
vt 0.359350 0.468750
vt 0.359350 0.500000
vt 0.375000 0.500000
vt 0.364567 0.458333
vt 0.375000 0.468750
vt 0.385433 0.479167
vt 0.390650 0.468750
vt 0.390650 0.500000
vt 0.406300 0.500000
vt 0.395867 0.458333
vt 0.406300 0.468750
vt 0.416700 0.479167
vt 0.421900 0.468750
vt 0.421900 0.500000
vt 0.437500 0.500000
vt 0.427100 0.458333
vt 0.437500 0.468750
vt 0.447933 0.479167
vt 0.453150 0.468750
vt 0.453150 0.500000
vt 0.468800 0.500000
vt 0.458367 0.458333
vt 0.468800 0.468750
vt 0.479200 0.479167
vt 0.484400 0.468750
vt 0.484400 0.500000
vt 0.500000 0.500000
vt 0.489600 0.458333
vt 0.500000 0.468750
vt 0.510433 0.479167
vt 0.515650 0.468750
vt 0.515650 0.500000
vt 0.531300 0.500000
vt 0.520867 0.458333
vt 0.531300 0.468750
vt 0.541700 0.479167
vt 0.546900 0.468750
vt 0.546900 0.500000
vt 0.562500 0.500000
vt 0.552100 0.458333
vt 0.562500 0.468750
vt 0.572933 0.479167
vt 0.578150 0.468750
vt 0.578150 0.500000
vt 0.593800 0.500000
vt 0.583367 0.458333
vt 0.593800 0.468750
vt 0.604200 0.479167
vt 0.609400 0.468750
vt 0.609400 0.500000
vt 0.625000 0.500000
vt 0.614600 0.458333
vt 0.625000 0.468750
vt 0.635433 0.479167
vt 0.640650 0.468750
vt 0.640650 0.500000
vt 0.656300 0.500000
vt 0.645867 0.458333
vt 0.656300 0.468750
vt 0.666700 0.479167
vt 0.671900 0.468750
vt 0.671900 0.500000
vt 0.687500 0.500000
vt 0.677100 0.458333
vt 0.687500 0.468750
vt 0.697933 0.479167
vt 0.703150 0.468750
vt 0.703150 0.500000
vt 0.718800 0.500000
vt 0.708367 0.458333
vt 0.718800 0.468750
vt 0.729200 0.479167
vt 0.734400 0.468750
vt 0.734400 0.500000
vt 0.750000 0.500000
vt 0.739600 0.458333
vt 0.750000 0.468750
vt 0.760433 0.479167
vt 0.765650 0.468750
vt 0.765650 0.500000
vt 0.781300 0.500000
vt 0.770867 0.458333
vt 0.781300 0.468750
vt 0.791700 0.479167
vt 0.796900 0.468750
vt 0.796900 0.500000
vt 0.812500 0.500000
vt 0.802100 0.458333
vt 0.812500 0.468750
vt 0.822933 0.479167
vt 0.828150 0.468750
vt 0.828150 0.500000
vt 0.843800 0.500000
vt 0.833367 0.458333
vt 0.843800 0.468750
vt 0.854200 0.479167
vt 0.859400 0.468750
vt 0.859400 0.500000
vt 0.875000 0.500000
vt 0.864600 0.458333
vt 0.875000 0.468750
vt 0.885433 0.479167
vt 0.890650 0.468750
vt 0.890650 0.500000
vt 0.906300 0.500000
vt 0.895867 0.458333
vt 0.906300 0.468750
vt 0.916700 0.479167
vt 0.921900 0.468750
vt 0.921900 0.500000
vt 0.937500 0.500000
vt 0.927100 0.458333
vt 0.937500 0.468750
vt 0.947933 0.479167
vt 0.953150 0.468750
vt 0.953150 0.500000
vt 0.968800 0.500000
vt 0.958367 0.458333
vt 0.968800 0.468750
vt 0.979200 0.479167
vt 0.984400 0.468750
vt 0.984400 0.500000
vt 1.000000 0.500000
vt 0.989600 0.458333
vt 1.000000 0.468750
vt 0.010433 0.541667
vt 0.015650 0.531250
vt 0.000000 0.531250
vt 0.000000 0.562500
vt 0.015650 0.562500
vt 0.031300 0.562500
vt 0.020867 0.520833
vt 0.031300 0.531250
vt 0.041700 0.541667
vt 0.046900 0.531250
vt 0.046900 0.562500
vt 0.062500 0.562500
vt 0.052100 0.520833
vt 0.062500 0.531250
vt 0.072933 0.541667
vt 0.078150 0.531250
vt 0.078150 0.562500
vt 0.093800 0.562500
vt 0.083367 0.520833
vt 0.093800 0.531250
vt 0.104200 0.541667
vt 0.109400 0.531250
vt 0.109400 0.562500
vt 0.125000 0.562500
vt 0.114600 0.520833
vt 0.125000 0.531250
vt 0.135433 0.541667
vt 0.140650 0.531250
vt 0.140650 0.562500
vt 0.156300 0.562500
vt 0.145867 0.520833
vt 0.156300 0.531250
vt 0.166700 0.541667
vt 0.171900 0.531250
vt 0.171900 0.562500
vt 0.187500 0.562500
vt 0.177100 0.520833
vt 0.187500 0.531250
vt 0.197900 0.541667
vt 0.203100 0.531250
vt 0.203100 0.562500
vt 0.218700 0.562500
vt 0.208300 0.520833
vt 0.218700 0.531250
vt 0.229133 0.541667
vt 0.234350 0.531250
vt 0.234350 0.562500
vt 0.250000 0.562500
vt 0.239567 0.520833
vt 0.250000 0.531250
vt 0.260400 0.541667
vt 0.265600 0.531250
vt 0.265600 0.562500
vt 0.281200 0.562500
vt 0.270800 0.520833
vt 0.281200 0.531250
vt 0.291633 0.541667
vt 0.296850 0.531250
vt 0.296850 0.562500
vt 0.312500 0.562500
vt 0.302067 0.520833
vt 0.312500 0.531250
vt 0.322900 0.541667
vt 0.328100 0.531250
vt 0.328100 0.562500
vt 0.343700 0.562500
vt 0.333300 0.520833
vt 0.343700 0.531250
vt 0.354133 0.541667
vt 0.359350 0.531250
vt 0.359350 0.562500
vt 0.375000 0.562500
vt 0.364567 0.520833
vt 0.375000 0.531250
vt 0.385433 0.541667
vt 0.390650 0.531250
vt 0.390650 0.562500
vt 0.406300 0.562500
vt 0.395867 0.520833
vt 0.406300 0.531250
vt 0.416700 0.541667
vt 0.421900 0.531250
vt 0.421900 0.562500
vt 0.437500 0.562500
vt 0.427100 0.520833
vt 0.437500 0.531250
vt 0.447933 0.541667
vt 0.453150 0.531250
vt 0.453150 0.562500
vt 0.468800 0.562500
vt 0.458367 0.520833
vt 0.468800 0.531250
vt 0.479200 0.541667
vt 0.484400 0.531250
vt 0.484400 0.562500
vt 0.500000 0.562500
vt 0.489600 0.520833
vt 0.500000 0.531250
vt 0.510433 0.541667
vt 0.515650 0.531250
vt 0.515650 0.562500
vt 0.531300 0.562500
vt 0.520867 0.520833
vt 0.531300 0.531250
vt 0.541700 0.541667
vt 0.546900 0.531250
vt 0.546900 0.562500
vt 0.562500 0.562500
vt 0.552100 0.520833
vt 0.562500 0.531250
vt 0.572933 0.541667
vt 0.578150 0.531250
vt 0.578150 0.562500
vt 0.593800 0.562500
vt 0.583367 0.520833
vt 0.593800 0.531250
vt 0.604200 0.541667
vt 0.609400 0.531250
vt 0.609400 0.562500
vt 0.625000 0.562500
vt 0.614600 0.520833
vt 0.625000 0.531250
vt 0.635433 0.541667
vt 0.640650 0.531250
vt 0.640650 0.562500
vt 0.656300 0.562500
vt 0.645867 0.520833
vt 0.656300 0.531250
vt 0.666700 0.541667
vt 0.671900 0.531250
vt 0.671900 0.562500
vt 0.687500 0.562500
vt 0.677100 0.520833
vt 0.687500 0.531250
vt 0.697933 0.541667
vt 0.703150 0.531250
vt 0.703150 0.562500
vt 0.718800 0.562500
vt 0.708367 0.520833
vt 0.718800 0.531250
vt 0.729200 0.541667
vt 0.734400 0.531250
vt 0.734400 0.562500
vt 0.750000 0.562500
vt 0.739600 0.520833
vt 0.750000 0.531250
vt 0.760433 0.541667
vt 0.765650 0.531250
vt 0.765650 0.562500
vt 0.781300 0.562500
vt 0.770867 0.520833
vt 0.781300 0.531250
vt 0.791700 0.541667
vt 0.796900 0.531250
vt 0.796900 0.562500
vt 0.812500 0.562500
vt 0.802100 0.520833
vt 0.812500 0.531250
vt 0.822933 0.541667
vt 0.828150 0.531250
vt 0.828150 0.562500
vt 0.843800 0.562500
vt 0.833367 0.520833
vt 0.843800 0.531250
vt 0.854200 0.541667
vt 0.859400 0.531250
vt 0.859400 0.562500
vt 0.875000 0.562500
vt 0.864600 0.520833
vt 0.875000 0.531250
vt 0.885433 0.541667
vt 0.890650 0.531250
vt 0.890650 0.562500
vt 0.906300 0.562500
vt 0.895867 0.520833
vt 0.906300 0.531250
vt 0.916700 0.541667
vt 0.921900 0.531250
vt 0.921900 0.562500
vt 0.937500 0.562500
vt 0.927100 0.520833
vt 0.937500 0.531250
vt 0.947933 0.541667
vt 0.953150 0.531250
vt 0.953150 0.562500
vt 0.968800 0.562500
vt 0.958367 0.520833
vt 0.968800 0.531250
vt 0.979200 0.541667
vt 0.984400 0.531250
vt 0.984400 0.562500
vt 1.000000 0.562500
vt 0.989600 0.520833
vt 1.000000 0.531250
vt 0.010433 0.604167
vt 0.015650 0.593750
vt 0.000000 0.593750
vt 0.000000 0.625000
vt 0.015650 0.625000
vt 0.031300 0.625000
vt 0.020867 0.583333
vt 0.031300 0.593750
vt 0.041700 0.604167
vt 0.046900 0.593750
vt 0.046900 0.625000
vt 0.062500 0.625000
vt 0.052100 0.583333
vt 0.062500 0.593750
vt 0.072933 0.604167
vt 0.078150 0.593750
vt 0.078150 0.625000
vt 0.093800 0.625000
vt 0.083367 0.583333
vt 0.093800 0.593750
vt 0.104200 0.604167
vt 0.109400 0.593750
vt 0.109400 0.625000
vt 0.125000 0.625000
vt 0.114600 0.583333
vt 0.125000 0.593750
vt 0.135433 0.604167
vt 0.140650 0.593750
vt 0.140650 0.625000
vt 0.156300 0.625000
vt 0.145867 0.583333
vt 0.156300 0.593750
vt 0.166700 0.604167
vt 0.171900 0.593750
vt 0.171900 0.625000
vt 0.187500 0.625000
vt 0.177100 0.583333
vt 0.187500 0.593750
vt 0.197900 0.604167
vt 0.203100 0.593750
vt 0.203100 0.625000
vt 0.218700 0.625000
vt 0.208300 0.583333
vt 0.218700 0.593750
vt 0.229133 0.604167
vt 0.234350 0.593750
vt 0.234350 0.625000
vt 0.250000 0.625000
vt 0.239567 0.583333
vt 0.250000 0.593750
vt 0.260400 0.604167
vt 0.265600 0.593750
vt 0.265600 0.625000
vt 0.281200 0.625000
vt 0.270800 0.583333
vt 0.281200 0.593750
vt 0.291633 0.604167
vt 0.296850 0.593750
vt 0.296850 0.625000
vt 0.312500 0.625000
vt 0.302067 0.583333
vt 0.312500 0.593750
vt 0.322900 0.604167
vt 0.328100 0.593750
vt 0.328100 0.625000
vt 0.343700 0.625000
vt 0.333300 0.583333
vt 0.343700 0.593750
vt 0.354133 0.604167
vt 0.359350 0.593750
vt 0.359350 0.625000
vt 0.375000 0.625000
vt 0.364567 0.583333
vt 0.375000 0.593750
vt 0.385433 0.604167
vt 0.390650 0.593750
vt 0.390650 0.625000
vt 0.406300 0.625000
vt 0.395867 0.583333
vt 0.406300 0.593750
vt 0.416700 0.604167
vt 0.421900 0.593750
vt 0.421900 0.625000
vt 0.437500 0.625000
vt 0.427100 0.583333
vt 0.437500 0.593750
vt 0.447933 0.604167
vt 0.453150 0.593750
vt 0.453150 0.625000
vt 0.468800 0.625000
vt 0.458367 0.583333
vt 0.468800 0.593750
vt 0.479200 0.604167
vt 0.484400 0.593750
vt 0.484400 0.625000
vt 0.500000 0.625000
vt 0.489600 0.583333
vt 0.500000 0.593750
vt 0.510433 0.604167
vt 0.515650 0.593750
vt 0.515650 0.625000
vt 0.531300 0.625000
vt 0.520867 0.583333
vt 0.531300 0.593750
vt 0.541700 0.604167
vt 0.546900 0.593750
vt 0.546900 0.625000
vt 0.562500 0.625000
vt 0.552100 0.583333
vt 0.562500 0.593750
vt 0.572933 0.604167
vt 0.578150 0.593750
vt 0.578150 0.625000
vt 0.593800 0.625000
vt 0.583367 0.583333
vt 0.593800 0.593750
vt 0.604200 0.604167
vt 0.609400 0.593750
vt 0.609400 0.625000
vt 0.625000 0.625000
vt 0.614600 0.583333
vt 0.625000 0.593750
vt 0.635433 0.604167
vt 0.640650 0.593750
vt 0.640650 0.625000
vt 0.656300 0.625000
vt 0.645867 0.583333
vt 0.656300 0.593750
vt 0.666700 0.604167
vt 0.671900 0.593750
vt 0.671900 0.625000
vt 0.687500 0.625000
vt 0.677100 0.583333
vt 0.687500 0.593750
vt 0.697933 0.604167
vt 0.703150 0.593750
vt 0.703150 0.625000
vt 0.718800 0.625000
vt 0.708367 0.583333
vt 0.718800 0.593750
vt 0.729200 0.604167
vt 0.734400 0.593750
vt 0.734400 0.625000
vt 0.750000 0.625000
vt 0.739600 0.583333
vt 0.750000 0.593750
vt 0.760433 0.604167
vt 0.765650 0.593750
vt 0.765650 0.625000
vt 0.781300 0.625000
vt 0.770867 0.583333
vt 0.781300 0.593750
vt 0.791700 0.604167
vt 0.796900 0.593750
vt 0.796900 0.625000
vt 0.812500 0.625000
vt 0.802100 0.583333
vt 0.812500 0.593750
vt 0.822933 0.604167
vt 0.828150 0.593750
vt 0.828150 0.625000
vt 0.843800 0.625000
vt 0.833367 0.583333
vt 0.843800 0.593750
vt 0.854200 0.604167
vt 0.859400 0.593750
vt 0.859400 0.625000
vt 0.875000 0.625000
vt 0.864600 0.583333
vt 0.875000 0.593750
vt 0.885433 0.604167
vt 0.890650 0.593750
vt 0.890650 0.625000
vt 0.906300 0.625000
vt 0.895867 0.583333
vt 0.906300 0.593750
vt 0.916700 0.604167
vt 0.921900 0.593750
vt 0.921900 0.625000
vt 0.937500 0.625000
vt 0.927100 0.583333
vt 0.937500 0.593750
vt 0.947933 0.604167
vt 0.953150 0.593750
vt 0.953150 0.625000
vt 0.968800 0.625000
vt 0.958367 0.583333
vt 0.968800 0.593750
vt 0.979200 0.604167
vt 0.984400 0.593750
vt 0.984400 0.625000
vt 1.000000 0.625000
vt 0.989600 0.583333
vt 1.000000 0.593750
vt 0.010433 0.666667
vt 0.015650 0.656250
vt 0.000000 0.656250
vt 0.000000 0.687500
vt 0.015650 0.687500
vt 0.031300 0.687500
vt 0.020867 0.645833
vt 0.031300 0.656250
vt 0.041700 0.666667
vt 0.046900 0.656250
vt 0.046900 0.687500
vt 0.062500 0.687500
vt 0.052100 0.645833
vt 0.062500 0.656250
vt 0.072933 0.666667
vt 0.078150 0.656250
vt 0.078150 0.687500
vt 0.093800 0.687500
vt 0.083367 0.645833
vt 0.093800 0.656250
vt 0.104200 0.666667
vt 0.109400 0.656250
vt 0.109400 0.687500
vt 0.125000 0.687500
vt 0.114600 0.645833
vt 0.125000 0.656250
vt 0.135433 0.666667
vt 0.140650 0.656250
vt 0.140650 0.687500
vt 0.156300 0.687500
vt 0.145867 0.645833
vt 0.156300 0.656250
vt 0.166700 0.666667
vt 0.171900 0.656250
vt 0.171900 0.687500
vt 0.187500 0.687500
vt 0.177100 0.645833
vt 0.187500 0.656250
vt 0.197900 0.666667
vt 0.203100 0.656250
vt 0.203100 0.687500
vt 0.218700 0.687500
vt 0.208300 0.645833
vt 0.218700 0.656250
vt 0.229133 0.666667
vt 0.234350 0.656250
vt 0.234350 0.687500
vt 0.250000 0.687500
vt 0.239567 0.645833
vt 0.250000 0.656250
vt 0.260400 0.666667
vt 0.265600 0.656250
vt 0.265600 0.687500
vt 0.281200 0.687500
vt 0.270800 0.645833
vt 0.281200 0.656250
vt 0.291633 0.666667
vt 0.296850 0.656250
vt 0.296850 0.687500
vt 0.312500 0.687500
vt 0.302067 0.645833
vt 0.312500 0.656250
vt 0.322900 0.666667
vt 0.328100 0.656250
vt 0.328100 0.687500
vt 0.343700 0.687500
vt 0.333300 0.645833
vt 0.343700 0.656250
vt 0.354133 0.666667
vt 0.359350 0.656250
vt 0.359350 0.687500
vt 0.375000 0.687500
vt 0.364567 0.645833
vt 0.375000 0.656250
vt 0.385433 0.666667
vt 0.390650 0.656250
vt 0.390650 0.687500
vt 0.406300 0.687500
vt 0.395867 0.645833
vt 0.406300 0.656250
vt 0.416700 0.666667
vt 0.421900 0.656250
vt 0.421900 0.687500
vt 0.437500 0.687500
vt 0.427100 0.645833
vt 0.437500 0.656250
vt 0.447933 0.666667
vt 0.453150 0.656250
vt 0.453150 0.687500
vt 0.468800 0.687500
vt 0.458367 0.645833
vt 0.468800 0.656250
vt 0.479200 0.666667
vt 0.484400 0.656250
vt 0.484400 0.687500
vt 0.500000 0.687500
vt 0.489600 0.645833
vt 0.500000 0.656250
vt 0.510433 0.666667
vt 0.515650 0.656250
vt 0.515650 0.687500
vt 0.531300 0.687500
vt 0.520867 0.645833
vt 0.531300 0.656250
vt 0.541700 0.666667
vt 0.546900 0.656250
vt 0.546900 0.687500
vt 0.562500 0.687500
vt 0.552100 0.645833
vt 0.562500 0.656250
vt 0.572933 0.666667
vt 0.578150 0.656250
vt 0.578150 0.687500
vt 0.593800 0.687500
vt 0.583367 0.645833
vt 0.593800 0.656250
vt 0.604200 0.666667
vt 0.609400 0.656250
vt 0.609400 0.687500
vt 0.625000 0.687500
vt 0.614600 0.645833
vt 0.625000 0.656250
vt 0.635433 0.666667
vt 0.640650 0.656250
vt 0.640650 0.687500
vt 0.656300 0.687500
vt 0.645867 0.645833
vt 0.656300 0.656250
vt 0.666700 0.666667
vt 0.671900 0.656250
vt 0.671900 0.687500
vt 0.687500 0.687500
vt 0.677100 0.645833
vt 0.687500 0.656250
vt 0.697933 0.666667
vt 0.703150 0.656250
vt 0.703150 0.687500
vt 0.718800 0.687500
vt 0.708367 0.645833
vt 0.718800 0.656250
vt 0.729200 0.666667
vt 0.734400 0.656250
vt 0.734400 0.687500
vt 0.750000 0.687500
vt 0.739600 0.645833
vt 0.750000 0.656250
vt 0.760433 0.666667
vt 0.765650 0.656250
vt 0.765650 0.687500
vt 0.781300 0.687500
vt 0.770867 0.645833
vt 0.781300 0.656250
vt 0.791700 0.666667
vt 0.796900 0.656250
vt 0.796900 0.687500
vt 0.812500 0.687500
vt 0.802100 0.645833
vt 0.812500 0.656250
vt 0.822933 0.666667
vt 0.828150 0.656250
vt 0.828150 0.687500
vt 0.843800 0.687500
vt 0.833367 0.645833
vt 0.843800 0.656250
vt 0.854200 0.666667
vt 0.859400 0.656250
vt 0.859400 0.687500
vt 0.875000 0.687500
vt 0.864600 0.645833
vt 0.875000 0.656250
vt 0.885433 0.666667
vt 0.890650 0.656250
vt 0.890650 0.687500
vt 0.906300 0.687500
vt 0.895867 0.645833
vt 0.906300 0.656250
vt 0.916700 0.666667
vt 0.921900 0.656250
vt 0.921900 0.687500
vt 0.937500 0.687500
vt 0.927100 0.645833
vt 0.937500 0.656250
vt 0.947933 0.666667
vt 0.953150 0.656250
vt 0.953150 0.687500
vt 0.968800 0.687500
vt 0.958367 0.645833
vt 0.968800 0.656250
vt 0.979200 0.666667
vt 0.984400 0.656250
vt 0.984400 0.687500
vt 1.000000 0.687500
vt 0.989600 0.645833
vt 1.000000 0.656250
vt 0.010433 0.729167
vt 0.015650 0.718750
vt 0.000000 0.718750
vt 0.000000 0.750000
vt 0.015650 0.750000
vt 0.031300 0.750000
vt 0.020867 0.708333
vt 0.031300 0.718750
vt 0.041700 0.729167
vt 0.046900 0.718750
vt 0.046900 0.750000
vt 0.062500 0.750000
vt 0.052100 0.708333
vt 0.062500 0.718750
vt 0.072933 0.729167
vt 0.078150 0.718750
vt 0.078150 0.750000
vt 0.093800 0.750000
vt 0.083367 0.708333
vt 0.093800 0.718750
vt 0.104200 0.729167
vt 0.109400 0.718750
vt 0.109400 0.750000
vt 0.125000 0.750000
vt 0.114600 0.708333
vt 0.125000 0.718750
vt 0.135433 0.729167
vt 0.140650 0.718750
vt 0.140650 0.750000
vt 0.156300 0.750000
vt 0.145867 0.708333
vt 0.156300 0.718750
vt 0.166700 0.729167
vt 0.171900 0.718750
vt 0.171900 0.750000
vt 0.187500 0.750000
vt 0.177100 0.708333
vt 0.187500 0.718750
vt 0.197900 0.729167
vt 0.203100 0.718750
vt 0.203100 0.750000
vt 0.218700 0.750000
vt 0.208300 0.708333
vt 0.218700 0.718750
vt 0.229133 0.729167
vt 0.234350 0.718750
vt 0.234350 0.750000
vt 0.250000 0.750000
vt 0.239567 0.708333
vt 0.250000 0.718750
vt 0.260400 0.729167
vt 0.265600 0.718750
vt 0.265600 0.750000
vt 0.281200 0.750000
vt 0.270800 0.708333
vt 0.281200 0.718750
vt 0.291633 0.729167
vt 0.296850 0.718750
vt 0.296850 0.750000
vt 0.312500 0.750000
vt 0.302067 0.708333
vt 0.312500 0.718750
vt 0.322900 0.729167
vt 0.328100 0.718750
vt 0.328100 0.750000
vt 0.343700 0.750000
vt 0.333300 0.708333
vt 0.343700 0.718750
vt 0.354133 0.729167
vt 0.359350 0.718750
vt 0.359350 0.750000
vt 0.375000 0.750000
vt 0.364567 0.708333
vt 0.375000 0.718750
vt 0.385433 0.729167
vt 0.390650 0.718750
vt 0.390650 0.750000
vt 0.406300 0.750000
vt 0.395867 0.708333
vt 0.406300 0.718750
vt 0.416700 0.729167
vt 0.421900 0.718750
vt 0.421900 0.750000
vt 0.437500 0.750000
vt 0.427100 0.708333
vt 0.437500 0.718750
vt 0.447933 0.729167
vt 0.453150 0.718750
vt 0.453150 0.750000
vt 0.468800 0.750000
vt 0.458367 0.708333
vt 0.468800 0.718750
vt 0.479200 0.729167
vt 0.484400 0.718750
vt 0.484400 0.750000
vt 0.500000 0.750000
vt 0.489600 0.708333
vt 0.500000 0.718750
vt 0.510433 0.729167
vt 0.515650 0.718750
vt 0.515650 0.750000
vt 0.531300 0.750000
vt 0.520867 0.708333
vt 0.531300 0.718750
vt 0.541700 0.729167
vt 0.546900 0.718750
vt 0.546900 0.750000
vt 0.562500 0.750000
vt 0.552100 0.708333
vt 0.562500 0.718750
vt 0.572933 0.729167
vt 0.578150 0.718750
vt 0.578150 0.750000
vt 0.593800 0.750000
vt 0.583367 0.708333
vt 0.593800 0.718750
vt 0.604200 0.729167
vt 0.609400 0.718750
vt 0.609400 0.750000
vt 0.625000 0.750000
vt 0.614600 0.708333
vt 0.625000 0.718750
vt 0.635433 0.729167
vt 0.640650 0.718750
vt 0.640650 0.750000
vt 0.656300 0.750000
vt 0.645867 0.708333
vt 0.656300 0.718750
vt 0.666700 0.729167
vt 0.671900 0.718750
vt 0.671900 0.750000
vt 0.687500 0.750000
vt 0.677100 0.708333
vt 0.687500 0.718750
vt 0.697933 0.729167
vt 0.703150 0.718750
vt 0.703150 0.750000
vt 0.718800 0.750000
vt 0.708367 0.708333
vt 0.718800 0.718750
vt 0.729200 0.729167
vt 0.734400 0.718750
vt 0.734400 0.750000
vt 0.750000 0.750000
vt 0.739600 0.708333
vt 0.750000 0.718750
vt 0.760433 0.729167
vt 0.765650 0.718750
vt 0.765650 0.750000
vt 0.781300 0.750000
vt 0.770867 0.708333
vt 0.781300 0.718750
vt 0.791700 0.729167
vt 0.796900 0.718750
vt 0.796900 0.750000
vt 0.812500 0.750000
vt 0.802100 0.708333
vt 0.812500 0.718750
vt 0.822933 0.729167
vt 0.828150 0.718750
vt 0.828150 0.750000
vt 0.843800 0.750000
vt 0.833367 0.708333
vt 0.843800 0.718750
vt 0.854200 0.729167
vt 0.859400 0.718750
vt 0.859400 0.750000
vt 0.875000 0.750000
vt 0.864600 0.708333
vt 0.875000 0.718750
vt 0.885433 0.729167
vt 0.890650 0.718750
vt 0.890650 0.750000
vt 0.906300 0.750000
vt 0.895867 0.708333
vt 0.906300 0.718750
vt 0.916700 0.729167
vt 0.921900 0.718750
vt 0.921900 0.750000
vt 0.937500 0.750000
vt 0.927100 0.708333
vt 0.937500 0.718750
vt 0.947933 0.729167
vt 0.953150 0.718750
vt 0.953150 0.750000
vt 0.968800 0.750000
vt 0.958367 0.708333
vt 0.968800 0.718750
vt 0.979200 0.729167
vt 0.984400 0.718750
vt 0.984400 0.750000
vt 1.000000 0.750000
vt 0.989600 0.708333
vt 1.000000 0.718750
vt 0.010433 0.791667
vt 0.015650 0.781250
vt 0.000000 0.781250
vt 0.000000 0.812500
vt 0.015650 0.812500
vt 0.031300 0.812500
vt 0.020867 0.770833
vt 0.031300 0.781250
vt 0.041700 0.791667
vt 0.046900 0.781250
vt 0.046900 0.812500
vt 0.062500 0.812500
vt 0.052100 0.770833
vt 0.062500 0.781250
vt 0.072933 0.791667
vt 0.078150 0.781250
vt 0.078150 0.812500
vt 0.093800 0.812500
vt 0.083367 0.770833
vt 0.093800 0.781250
vt 0.104200 0.791667
vt 0.109400 0.781250
vt 0.109400 0.812500
vt 0.125000 0.812500
vt 0.114600 0.770833
vt 0.125000 0.781250
vt 0.135433 0.791667
vt 0.140650 0.781250
vt 0.140650 0.812500
vt 0.156300 0.812500
vt 0.145867 0.770833
vt 0.156300 0.781250
vt 0.166700 0.791667
vt 0.171900 0.781250
vt 0.171900 0.812500
vt 0.187500 0.812500
vt 0.177100 0.770833
vt 0.187500 0.781250
vt 0.197900 0.791667
vt 0.203100 0.781250
vt 0.203100 0.812500
vt 0.218700 0.812500
vt 0.208300 0.770833
vt 0.218700 0.781250
vt 0.229133 0.791667
vt 0.234350 0.781250
vt 0.234350 0.812500
vt 0.250000 0.812500
vt 0.239567 0.770833
vt 0.250000 0.781250
vt 0.260400 0.791667
vt 0.265600 0.781250
vt 0.265600 0.812500
vt 0.281200 0.812500
vt 0.270800 0.770833
vt 0.281200 0.781250
vt 0.291633 0.791667
vt 0.296850 0.781250
vt 0.296850 0.812500
vt 0.312500 0.812500
vt 0.302067 0.770833
vt 0.312500 0.781250
vt 0.322900 0.791667
vt 0.328100 0.781250
vt 0.328100 0.812500
vt 0.343700 0.812500
vt 0.333300 0.770833
vt 0.343700 0.781250
vt 0.354133 0.791667
vt 0.359350 0.781250
vt 0.359350 0.812500
vt 0.375000 0.812500
vt 0.364567 0.770833
vt 0.375000 0.781250
vt 0.385433 0.791667
vt 0.390650 0.781250
vt 0.390650 0.812500
vt 0.406300 0.812500
vt 0.395867 0.770833
vt 0.406300 0.781250
vt 0.416700 0.791667
vt 0.421900 0.781250
vt 0.421900 0.812500
vt 0.437500 0.812500
vt 0.427100 0.770833
vt 0.437500 0.781250
vt 0.447933 0.791667
vt 0.453150 0.781250
vt 0.453150 0.812500
vt 0.468800 0.812500
vt 0.458367 0.770833
vt 0.468800 0.781250
vt 0.479200 0.791667
vt 0.484400 0.781250
vt 0.484400 0.812500
vt 0.500000 0.812500
vt 0.489600 0.770833
vt 0.500000 0.781250
vt 0.510433 0.791667
vt 0.515650 0.781250
vt 0.515650 0.812500
vt 0.531300 0.812500
vt 0.520867 0.770833
vt 0.531300 0.781250
vt 0.541700 0.791667
vt 0.546900 0.781250
vt 0.546900 0.812500
vt 0.562500 0.812500
vt 0.552100 0.770833
vt 0.562500 0.781250
vt 0.572933 0.791667
vt 0.578150 0.781250
vt 0.578150 0.812500
vt 0.593800 0.812500
vt 0.583367 0.770833
vt 0.593800 0.781250
vt 0.604200 0.791667
vt 0.609400 0.781250
vt 0.609400 0.812500
vt 0.625000 0.812500
vt 0.614600 0.770833
vt 0.625000 0.781250
vt 0.635433 0.791667
vt 0.640650 0.781250
vt 0.640650 0.812500
vt 0.656300 0.812500
vt 0.645867 0.770833
vt 0.656300 0.781250
vt 0.666700 0.791667
vt 0.671900 0.781250
vt 0.671900 0.812500
vt 0.687500 0.812500
vt 0.677100 0.770833
vt 0.687500 0.781250
vt 0.697933 0.791667
vt 0.703150 0.781250
vt 0.703150 0.812500
vt 0.718800 0.812500
vt 0.708367 0.770833
vt 0.718800 0.781250
vt 0.729200 0.791667
vt 0.734400 0.781250
vt 0.734400 0.812500
vt 0.750000 0.812500
vt 0.739600 0.770833
vt 0.750000 0.781250
vt 0.760433 0.791667
vt 0.765650 0.781250
vt 0.765650 0.812500
vt 0.781300 0.812500
vt 0.770867 0.770833
vt 0.781300 0.781250
vt 0.791700 0.791667
vt 0.796900 0.781250
vt 0.796900 0.812500
vt 0.812500 0.812500
vt 0.802100 0.770833
vt 0.812500 0.781250
vt 0.822933 0.791667
vt 0.828150 0.781250
vt 0.828150 0.812500
vt 0.843800 0.812500
vt 0.833367 0.770833
vt 0.843800 0.781250
vt 0.854200 0.791667
vt 0.859400 0.781250
vt 0.859400 0.812500
vt 0.875000 0.812500
vt 0.864600 0.770833
vt 0.875000 0.781250
vt 0.885433 0.791667
vt 0.890650 0.781250
vt 0.890650 0.812500
vt 0.906300 0.812500
vt 0.895867 0.770833
vt 0.906300 0.781250
vt 0.916700 0.791667
vt 0.921900 0.781250
vt 0.921900 0.812500
vt 0.937500 0.812500
vt 0.927100 0.770833
vt 0.937500 0.781250
vt 0.947933 0.791667
vt 0.953150 0.781250
vt 0.953150 0.812500
vt 0.968800 0.812500
vt 0.958367 0.770833
vt 0.968800 0.781250
vt 0.979200 0.791667
vt 0.984400 0.781250
vt 0.984400 0.812500
vt 1.000000 0.812500
vt 0.989600 0.770833
vt 1.000000 0.781250
vt 0.010433 0.854167
vt 0.015650 0.843750
vt 0.000000 0.843750
vt 0.000000 0.875000
vt 0.015650 0.875000
vt 0.031300 0.875000
vt 0.020867 0.833333
vt 0.031300 0.843750
vt 0.041700 0.854167
vt 0.046900 0.843750
vt 0.046900 0.875000
vt 0.062500 0.875000
vt 0.052100 0.833333
vt 0.062500 0.843750
vt 0.072933 0.854167
vt 0.078150 0.843750
vt 0.078150 0.875000
vt 0.093800 0.875000
vt 0.083367 0.833333
vt 0.093800 0.843750
vt 0.104200 0.854167
vt 0.109400 0.843750
vt 0.109400 0.875000
vt 0.125000 0.875000
vt 0.114600 0.833333
vt 0.125000 0.843750
vt 0.135433 0.854167
vt 0.140650 0.843750
vt 0.140650 0.875000
vt 0.156300 0.875000
vt 0.145867 0.833333
vt 0.156300 0.843750
vt 0.166700 0.854167
vt 0.171900 0.843750
vt 0.171900 0.875000
vt 0.187500 0.875000
vt 0.177100 0.833333
vt 0.187500 0.843750
vt 0.197900 0.854167
vt 0.203100 0.843750
vt 0.203100 0.875000
vt 0.218700 0.875000
vt 0.208300 0.833333
vt 0.218700 0.843750
vt 0.229133 0.854167
vt 0.234350 0.843750
vt 0.234350 0.875000
vt 0.250000 0.875000
vt 0.239567 0.833333
vt 0.250000 0.843750
vt 0.260400 0.854167
vt 0.265600 0.843750
vt 0.265600 0.875000
vt 0.281200 0.875000
vt 0.270800 0.833333
vt 0.281200 0.843750
vt 0.291633 0.854167
vt 0.296850 0.843750
vt 0.296850 0.875000
vt 0.312500 0.875000
vt 0.302067 0.833333
vt 0.312500 0.843750
vt 0.322900 0.854167
vt 0.328100 0.843750
vt 0.328100 0.875000
vt 0.343700 0.875000
vt 0.333300 0.833333
vt 0.343700 0.843750
vt 0.354133 0.854167
vt 0.359350 0.843750
vt 0.359350 0.875000
vt 0.375000 0.875000
vt 0.364567 0.833333
vt 0.375000 0.843750
vt 0.385433 0.854167
vt 0.390650 0.843750
vt 0.390650 0.875000
vt 0.406300 0.875000
vt 0.395867 0.833333
vt 0.406300 0.843750
vt 0.416700 0.854167
vt 0.421900 0.843750
vt 0.421900 0.875000
vt 0.437500 0.875000
vt 0.427100 0.833333
vt 0.437500 0.843750
vt 0.447933 0.854167
vt 0.453150 0.843750
vt 0.453150 0.875000
vt 0.468800 0.875000
vt 0.458367 0.833333
vt 0.468800 0.843750
vt 0.479200 0.854167
vt 0.484400 0.843750
vt 0.484400 0.875000
vt 0.500000 0.875000
vt 0.489600 0.833333
vt 0.500000 0.843750
vt 0.510433 0.854167
vt 0.515650 0.843750
vt 0.515650 0.875000
vt 0.531300 0.875000
vt 0.520867 0.833333
vt 0.531300 0.843750
vt 0.541700 0.854167
vt 0.546900 0.843750
vt 0.546900 0.875000
vt 0.562500 0.875000
vt 0.552100 0.833333
vt 0.562500 0.843750
vt 0.572933 0.854167
vt 0.578150 0.843750
vt 0.578150 0.875000
vt 0.593800 0.875000
vt 0.583367 0.833333
vt 0.593800 0.843750
vt 0.604200 0.854167
vt 0.609400 0.843750
vt 0.609400 0.875000
vt 0.625000 0.875000
vt 0.614600 0.833333
vt 0.625000 0.843750
vt 0.635433 0.854167
vt 0.640650 0.843750
vt 0.640650 0.875000
vt 0.656300 0.875000
vt 0.645867 0.833333
vt 0.656300 0.843750
vt 0.666700 0.854167
vt 0.671900 0.843750
vt 0.671900 0.875000
vt 0.687500 0.875000
vt 0.677100 0.833333
vt 0.687500 0.843750
vt 0.697933 0.854167
vt 0.703150 0.843750
vt 0.703150 0.875000
vt 0.718800 0.875000
vt 0.708367 0.833333
vt 0.718800 0.843750
vt 0.729200 0.854167
vt 0.734400 0.843750
vt 0.734400 0.875000
vt 0.750000 0.875000
vt 0.739600 0.833333
vt 0.750000 0.843750
vt 0.760433 0.854167
vt 0.765650 0.843750
vt 0.765650 0.875000
vt 0.781300 0.875000
vt 0.770867 0.833333
vt 0.781300 0.843750
vt 0.791700 0.854167
vt 0.796900 0.843750
vt 0.796900 0.875000
vt 0.812500 0.875000
vt 0.802100 0.833333
vt 0.812500 0.843750
vt 0.822933 0.854167
vt 0.828150 0.843750
vt 0.828150 0.875000
vt 0.843800 0.875000
vt 0.833367 0.833333
vt 0.843800 0.843750
vt 0.854200 0.854167
vt 0.859400 0.843750
vt 0.859400 0.875000
vt 0.875000 0.875000
vt 0.864600 0.833333
vt 0.875000 0.843750
vt 0.885433 0.854167
vt 0.890650 0.843750
vt 0.890650 0.875000
vt 0.906300 0.875000
vt 0.895867 0.833333
vt 0.906300 0.843750
vt 0.916700 0.854167
vt 0.921900 0.843750
vt 0.921900 0.875000
vt 0.937500 0.875000
vt 0.927100 0.833333
vt 0.937500 0.843750
vt 0.947933 0.854167
vt 0.953150 0.843750
vt 0.953150 0.875000
vt 0.968800 0.875000
vt 0.958367 0.833333
vt 0.968800 0.843750
vt 0.979200 0.854167
vt 0.984400 0.843750
vt 0.984400 0.875000
vt 1.000000 0.875000
vt 0.989600 0.833333
vt 1.000000 0.843750
vt 0.010433 0.916667
vt 0.015650 0.906250
vt 0.000000 0.906250
vt 0.000000 0.937500
vt 0.015650 0.937500
vt 0.031300 0.937500
vt 0.020867 0.895833
vt 0.031300 0.906250
vt 0.041700 0.916667
vt 0.046900 0.906250
vt 0.046900 0.937500
vt 0.062500 0.937500
vt 0.052100 0.895833
vt 0.062500 0.906250
vt 0.072933 0.916667
vt 0.078150 0.906250
vt 0.078150 0.937500
vt 0.093800 0.937500
vt 0.083367 0.895833
vt 0.093800 0.906250
vt 0.104200 0.916667
vt 0.109400 0.906250
vt 0.109400 0.937500
vt 0.125000 0.937500
vt 0.114600 0.895833
vt 0.125000 0.906250
vt 0.135433 0.916667
vt 0.140650 0.906250
vt 0.140650 0.937500
vt 0.156300 0.937500
vt 0.145867 0.895833
vt 0.156300 0.906250
vt 0.166700 0.916667
vt 0.171900 0.906250
vt 0.171900 0.937500
vt 0.187500 0.937500
vt 0.177100 0.895833
vt 0.187500 0.906250
vt 0.197900 0.916667
vt 0.203100 0.906250
vt 0.203100 0.937500
vt 0.218700 0.937500
vt 0.208300 0.895833
vt 0.218700 0.906250
vt 0.229133 0.916667
vt 0.234350 0.906250
vt 0.234350 0.937500
vt 0.250000 0.937500
vt 0.239567 0.895833
vt 0.250000 0.906250
vt 0.260400 0.916667
vt 0.265600 0.906250
vt 0.265600 0.937500
vt 0.281200 0.937500
vt 0.270800 0.895833
vt 0.281200 0.906250
vt 0.291633 0.916667
vt 0.296850 0.906250
vt 0.296850 0.937500
vt 0.312500 0.937500
vt 0.302067 0.895833
vt 0.312500 0.906250
vt 0.322900 0.916667
vt 0.328100 0.906250
vt 0.328100 0.937500
vt 0.343700 0.937500
vt 0.333300 0.895833
vt 0.343700 0.906250
vt 0.354133 0.916667
vt 0.359350 0.906250
vt 0.359350 0.937500
vt 0.375000 0.937500
vt 0.364567 0.895833
vt 0.375000 0.906250
vt 0.385433 0.916667
vt 0.390650 0.906250
vt 0.390650 0.937500
vt 0.406300 0.937500
vt 0.395867 0.895833
vt 0.406300 0.906250
vt 0.416700 0.916667
vt 0.421900 0.906250
vt 0.421900 0.937500
vt 0.437500 0.937500
vt 0.427100 0.895833
vt 0.437500 0.906250
vt 0.447933 0.916667
vt 0.453150 0.906250
vt 0.453150 0.937500
vt 0.468800 0.937500
vt 0.458367 0.895833
vt 0.468800 0.906250
vt 0.479200 0.916667
vt 0.484400 0.906250
vt 0.484400 0.937500
vt 0.500000 0.937500
vt 0.489600 0.895833
vt 0.500000 0.906250
vt 0.510433 0.916667
vt 0.515650 0.906250
vt 0.515650 0.937500
vt 0.531300 0.937500
vt 0.520867 0.895833
vt 0.531300 0.906250
vt 0.541700 0.916667
vt 0.546900 0.906250
vt 0.546900 0.937500
vt 0.562500 0.937500
vt 0.552100 0.895833
vt 0.562500 0.906250
vt 0.572933 0.916667
vt 0.578150 0.906250
vt 0.578150 0.937500
vt 0.593800 0.937500
vt 0.583367 0.895833
vt 0.593800 0.906250
vt 0.604200 0.916667
vt 0.609400 0.906250
vt 0.609400 0.937500
vt 0.625000 0.937500
vt 0.614600 0.895833
vt 0.625000 0.906250
vt 0.635433 0.916667
vt 0.640650 0.906250
vt 0.640650 0.937500
vt 0.656300 0.937500
vt 0.645867 0.895833
vt 0.656300 0.906250
vt 0.666700 0.916667
vt 0.671900 0.906250
vt 0.671900 0.937500
vt 0.687500 0.937500
vt 0.677100 0.895833
vt 0.687500 0.906250
vt 0.697933 0.916667
vt 0.703150 0.906250
vt 0.703150 0.937500
vt 0.718800 0.937500
vt 0.708367 0.895833
vt 0.718800 0.906250
vt 0.729200 0.916667
vt 0.734400 0.906250
vt 0.734400 0.937500
vt 0.750000 0.937500
vt 0.739600 0.895833
vt 0.750000 0.906250
vt 0.760433 0.916667
vt 0.765650 0.906250
vt 0.765650 0.937500
vt 0.781300 0.937500
vt 0.770867 0.895833
vt 0.781300 0.906250
vt 0.791700 0.916667
vt 0.796900 0.906250
vt 0.796900 0.937500
vt 0.812500 0.937500
vt 0.802100 0.895833
vt 0.812500 0.906250
vt 0.822933 0.916667
vt 0.828150 0.906250
vt 0.828150 0.937500
vt 0.843800 0.937500
vt 0.833367 0.895833
vt 0.843800 0.906250
vt 0.854200 0.916667
vt 0.859400 0.906250
vt 0.859400 0.937500
vt 0.875000 0.937500
vt 0.864600 0.895833
vt 0.875000 0.906250
vt 0.885433 0.916667
vt 0.890650 0.906250
vt 0.890650 0.937500
vt 0.906300 0.937500
vt 0.895867 0.895833
vt 0.906300 0.906250
vt 0.916700 0.916667
vt 0.921900 0.906250
vt 0.921900 0.937500
vt 0.937500 0.937500
vt 0.927100 0.895833
vt 0.937500 0.906250
vt 0.947933 0.916667
vt 0.953150 0.906250
vt 0.953150 0.937500
vt 0.968800 0.937500
vt 0.958367 0.895833
vt 0.968800 0.906250
vt 0.979200 0.916667
vt 0.984400 0.906250
vt 0.984400 0.937500
vt 1.000000 0.937500
vt 0.989600 0.895833
vt 1.000000 0.906250
vt 0.010433 0.958333
vt 0.000000 0.968750
vt 0.000000 1.000000
vt 0.015650 0.968750
vt 0.041700 0.958333
vt 0.031300 0.968750
vt 0.031300 1.000000
vt 0.046900 0.968750
vt 0.072933 0.958333
vt 0.062500 0.968750
vt 0.062500 1.000000
vt 0.078150 0.968750
vt 0.104200 0.958333
vt 0.093800 0.968750
vt 0.093800 1.000000
vt 0.109400 0.968750
vt 0.135433 0.958333
vt 0.125000 0.968750
vt 0.125000 1.000000
vt 0.140650 0.968750
vt 0.166700 0.958333
vt 0.156300 0.968750
vt 0.156300 1.000000
vt 0.171900 0.968750
vt 0.197900 0.958333
vt 0.187500 0.968750
vt 0.187500 1.000000
vt 0.203100 0.968750
vt 0.229133 0.958333
vt 0.218700 0.968750
vt 0.218700 1.000000
vt 0.234350 0.968750
vt 0.260400 0.958333
vt 0.250000 0.968750
vt 0.250000 1.000000
vt 0.265600 0.968750
vt 0.291633 0.958333
vt 0.281200 0.968750
vt 0.281200 1.000000
vt 0.296850 0.968750
vt 0.322900 0.958333
vt 0.312500 0.968750
vt 0.312500 1.000000
vt 0.328100 0.968750
vt 0.354133 0.958333
vt 0.343700 0.968750
vt 0.343700 1.000000
vt 0.359350 0.968750
vt 0.385433 0.958333
vt 0.375000 0.968750
vt 0.375000 1.000000
vt 0.390650 0.968750
vt 0.416700 0.958333
vt 0.406300 0.968750
vt 0.406300 1.000000
vt 0.421900 0.968750
vt 0.447933 0.958333
vt 0.437500 0.968750
vt 0.437500 1.000000
vt 0.453150 0.968750
vt 0.479200 0.958333
vt 0.468800 0.968750
vt 0.468800 1.000000
vt 0.484400 0.968750
vt 0.510433 0.958333
vt 0.500000 0.968750
vt 0.500000 1.000000
vt 0.515650 0.968750
vt 0.541700 0.958333
vt 0.531300 0.968750
vt 0.531300 1.000000
vt 0.546900 0.968750
vt 0.572933 0.958333
vt 0.562500 0.968750
vt 0.562500 1.000000
vt 0.578150 0.968750
vt 0.604200 0.958333
vt 0.593800 0.968750
vt 0.593800 1.000000
vt 0.609400 0.968750
vt 0.635433 0.958333
vt 0.625000 0.968750
vt 0.625000 1.000000
vt 0.640650 0.968750
vt 0.666700 0.958333
vt 0.656300 0.968750
vt 0.656300 1.000000
vt 0.671900 0.968750
vt 0.697933 0.958333
vt 0.687500 0.968750
vt 0.687500 1.000000
vt 0.703150 0.968750
vt 0.729200 0.958333
vt 0.718800 0.968750
vt 0.718800 1.000000
vt 0.734400 0.968750
vt 0.760433 0.958333
vt 0.750000 0.968750
vt 0.750000 1.000000
vt 0.765650 0.968750
vt 0.791700 0.958333
vt 0.781300 0.968750
vt 0.781300 1.000000
vt 0.796900 0.968750
vt 0.822933 0.958333
vt 0.812500 0.968750
vt 0.812500 1.000000
vt 0.828150 0.968750
vt 0.854200 0.958333
vt 0.843800 0.968750
vt 0.843800 1.000000
vt 0.859400 0.968750
vt 0.885433 0.958333
vt 0.875000 0.968750
vt 0.875000 1.000000
vt 0.890650 0.968750
vt 0.916700 0.958333
vt 0.906300 0.968750
vt 0.906300 1.000000
vt 0.921900 0.968750
vt 0.947933 0.958333
vt 0.937500 0.968750
vt 0.937500 1.000000
vt 0.953150 0.968750
vt 0.979200 0.958333
vt 0.968800 0.968750
vt 0.968800 1.000000
vt 0.984400 0.968750
s 1
usemtl Surface.mat
f 1/1/1 2/2/2 3/3/3
f 1/1/1 3/3/3 4/4/4
f 1/1/1 4/4/4 5/5/5
f 1/1/1 5/5/5 6/6/6
f 1/1/1 6/6/6 7/7/7
f 1/1/1 7/7/7 2/2/2
f 8/8/8 9/9/9 10/10/3
f 8/8/8 10/10/3 11/11/2
f 8/8/8 11/11/2 7/7/7
f 8/8/8 7/7/7 12/12/10
f 8/8/8 12/12/10 13/13/11
f 8/8/8 13/13/11 9/9/9
f 14/14/12 15/15/13 16/16/3
f 14/14/12 16/16/3 17/17/9
f 14/14/12 17/17/9 13/13/11
f 14/14/12 13/13/11 18/18/14
f 14/14/12 18/18/14 19/19/15
f 14/14/12 19/19/15 15/15/13
f 20/20/16 21/21/17 22/22/3
f 20/20/16 22/22/3 23/23/13
f 20/20/16 23/23/13 19/19/15
f 20/20/16 19/19/15 24/24/18
f 20/20/16 24/24/18 25/25/19
f 20/20/16 25/25/19 21/21/17
f 26/26/20 27/27/21 28/28/3
f 26/26/20 28/28/3 29/29/17
f 26/26/20 29/29/17 25/25/19
f 26/26/20 25/25/19 30/30/22
f 26/26/20 30/30/22 31/31/23
f 26/26/20 31/31/23 27/27/21
f 32/32/24 33/33/25 34/34/3
f 32/32/24 34/34/3 35/35/21
f 32/32/24 35/35/21 31/31/23
f 32/32/24 31/31/23 36/36/26
f 32/32/24 36/36/26 37/37/27
f 32/32/24 37/37/27 33/33/25
f 38/38/28 39/39/29 40/40/3
f 38/38/28 40/40/3 41/41/30
f 38/38/28 41/41/30 37/37/27
f 38/38/28 37/37/27 42/42/31
f 38/38/28 42/42/31 43/43/32
f 38/38/28 43/43/32 39/39/29
f 44/44/33 45/45/34 46/46/3
f 44/44/33 46/46/3 47/47/29
f 44/44/33 47/47/29 43/43/32
f 44/44/33 43/43/32 48/48/35
f 44/44/33 48/48/35 49/49/36
f 44/44/33 49/49/36 45/45/34
f 50/50/37 51/51/38 52/52/3
f 50/50/37 52/52/3 53/53/34
f 50/50/37 53/53/34 49/49/36
f 50/50/37 49/49/36 54/54/39
f 50/50/37 54/54/39 55/55/40
f 50/50/37 55/55/40 51/51/38
f 56/56/41 57/57/42 58/58/3
f 56/56/41 58/58/3 59/59/38
f 56/56/41 59/59/38 55/55/40
f 56/56/41 55/55/40 60/60/43
f 56/56/41 60/60/43 61/61/44
f 56/56/41 61/61/44 57/57/42
f 62/62/45 63/63/46 64/64/3
f 62/62/45 64/64/3 65/65/42
f 62/62/45 65/65/42 61/61/44
f 62/62/45 61/61/44 66/66/47
f 62/62/45 66/66/47 67/67/48
f 62/62/45 67/67/48 63/63/46
f 68/68/49 69/69/50 70/70/3
f 68/68/49 70/70/3 71/71/46
f 68/68/49 71/71/46 67/67/48
f 68/68/49 67/67/48 72/72/51
f 68/68/49 72/72/51 73/73/52
f 68/68/49 73/73/52 69/69/50
f 74/74/53 75/75/54 76/76/3
f 74/74/53 76/76/3 77/77/50
f 74/74/53 77/77/50 73/73/52
f 74/74/53 73/73/52 78/78/55
f 74/74/53 78/78/55 79/79/56
f 74/74/53 79/79/56 75/75/54
f 80/80/57 81/81/58 82/82/3
f 80/80/57 82/82/3 83/83/54
f 80/80/57 83/83/54 79/79/56
f 80/80/57 79/79/56 84/84/59
f 80/80/57 84/84/59 85/85/60
f 80/80/57 85/85/60 81/81/58
f 86/86/61 87/87/62 88/88/3
f 86/86/61 88/88/3 89/89/63
f 86/86/61 89/89/63 85/85/60
f 86/86/61 85/85/60 90/90/64
f 86/86/61 90/90/64 91/91/65
f 86/86/61 91/91/65 87/87/62
f 92/92/66 93/93/67 94/94/3
f 92/92/66 94/94/3 95/95/68
f 92/92/66 95/95/68 91/91/65
f 92/92/66 91/91/65 96/96/69
f 92/92/66 96/96/69 97/97/70
f 92/92/66 97/97/70 93/93/67
f 98/98/71 99/99/72 100/100/3
f 98/98/71 100/100/3 101/101/73
f 98/98/71 101/101/73 97/97/70
f 98/98/71 97/97/70 102/102/74
f 98/98/71 102/102/74 103/103/75
f 98/98/71 103/103/75 99/99/72
f 104/104/76 105/105/77 106/106/3
f 104/104/76 106/106/3 107/107/72
f 104/104/76 107/107/72 103/103/75
f 104/104/76 103/103/75 108/108/78
f 104/104/76 108/108/78 109/109/79
f 104/104/76 109/109/79 105/105/77
f 110/110/80 111/111/81 112/112/3
f 110/110/80 112/112/3 113/113/82
f 110/110/80 113/113/82 109/109/79
f 110/110/80 109/109/79 114/114/83
f 110/110/80 114/114/83 115/115/84
f 110/110/80 115/115/84 111/111/81
f 116/116/85 117/117/86 118/118/3
f 116/116/85 118/118/3 119/119/81
f 116/116/85 119/119/81 115/115/84
f 116/116/85 115/115/84 120/120/87
f 116/116/85 120/120/87 121/121/88
f 116/116/85 121/121/88 117/117/86
f 122/122/89 123/123/90 124/124/3
f 122/122/89 124/124/3 125/125/86
f 122/122/89 125/125/86 121/121/88
f 122/122/89 121/121/88 126/126/91
f 122/122/89 126/126/91 127/127/92
f 122/122/89 127/127/92 123/123/90
f 128/128/93 129/129/94 130/130/3
f 128/128/93 130/130/3 131/131/90
f 128/128/93 131/131/90 127/127/92
f 128/128/93 127/127/92 132/132/95
f 128/128/93 132/132/95 133/133/96
f 128/128/93 133/133/96 129/129/94
f 134/134/97 135/135/98 136/136/3
f 134/134/97 136/136/3 137/137/99
f 134/134/97 137/137/99 133/133/96
f 134/134/97 133/133/96 138/138/100
f 134/134/97 138/138/100 139/139/101
f 134/134/97 139/139/101 135/135/98
f 140/140/102 141/141/103 142/142/3
f 140/140/102 142/142/3 143/143/98
f 140/140/102 143/143/98 139/139/101
f 140/140/102 139/139/101 144/144/104
f 140/140/102 144/144/104 145/145/105
f 140/140/102 145/145/105 141/141/103
f 146/146/106 147/147/107 148/148/3
f 146/146/106 148/148/3 149/149/103
f 146/146/106 149/149/103 145/145/105
f 146/146/106 145/145/105 150/150/108
f 146/146/106 150/150/108 151/151/109
f 146/146/106 151/151/109 147/147/107
f 152/152/110 153/153/111 154/154/3
f 152/152/110 154/154/3 155/155/112
f 152/152/110 155/155/112 151/151/109
f 152/152/110 151/151/109 156/156/113
f 152/152/110 156/156/113 157/157/114
f 152/152/110 157/157/114 153/153/111
f 158/158/115 159/159/116 160/160/3
f 158/158/115 160/160/3 161/161/111
f 158/158/115 161/161/111 157/157/114
f 158/158/115 157/157/114 162/162/117
f 158/158/115 162/162/117 163/163/118
f 158/158/115 163/163/118 159/159/116
f 164/164/119 165/165/120 166/166/3
f 164/164/119 166/166/3 167/167/116
f 164/164/119 167/167/116 163/163/118
f 164/164/119 163/163/118 168/168/121
f 164/164/119 168/168/121 169/169/122
f 164/164/119 169/169/122 165/165/120
f 170/170/123 171/171/124 172/172/3
f 170/170/123 172/172/3 173/173/120
f 170/170/123 173/173/120 169/169/122
f 170/170/123 169/169/122 174/174/125
f 170/170/123 174/174/125 175/175/126
f 170/170/123 175/175/126 171/171/124
f 176/176/127 177/177/128 178/178/3
f 176/176/127 178/178/3 179/179/124
f 176/176/127 179/179/124 175/175/126
f 176/176/127 175/175/126 180/180/129
f 176/176/127 180/180/129 181/181/130
f 176/176/127 181/181/130 177/177/128
f 182/182/131 183/183/132 184/184/3
f 182/182/131 184/184/3 185/185/128
f 182/182/131 185/185/128 181/181/130
f 182/182/131 181/181/130 186/186/133
f 182/182/131 186/186/133 187/187/134
f 182/182/131 187/187/134 183/183/132
f 188/188/135 189/189/4 190/190/3
f 188/188/135 190/190/3 191/191/132
f 188/188/135 191/191/132 187/187/134
f 188/188/135 187/187/134 192/192/136
f 188/188/135 192/192/136 193/193/5
f 188/188/135 193/193/5 189/189/4
f 194/194/137 195/195/138 5/5/5
f 194/194/137 5/5/5 196/196/139
f 194/194/137 196/196/139 197/197/140
f 194/194/137 197/197/140 198/198/141
f 194/194/137 198/198/141 199/199/142
f 194/194/137 199/199/142 195/195/138
f 200/200/143 6/6/6 5/5/5
f 200/200/143 5/5/5 195/195/138
f 200/200/143 195/195/138 199/199/142
f 200/200/143 199/199/142 201/201/144
f 200/200/143 201/201/144 7/7/7
f 200/200/143 7/7/7 6/6/6
f 202/202/145 203/203/146 7/7/7
f 202/202/145 7/7/7 201/201/144
f 202/202/145 201/201/144 199/199/142
f 202/202/145 199/199/142 204/204/147
f 202/202/145 204/204/147 205/205/148
f 202/202/145 205/205/148 203/203/146
f 206/206/149 12/12/10 7/7/7
f 206/206/149 7/7/7 203/203/146
f 206/206/149 203/203/146 205/205/148
f 206/206/149 205/205/148 207/207/150
f 206/206/149 207/207/150 13/13/11
f 206/206/149 13/13/11 12/12/10
f 208/208/151 209/209/152 13/13/11
f 208/208/151 13/13/11 207/207/150
f 208/208/151 207/207/150 205/205/148
f 208/208/151 205/205/148 210/210/153
f 208/208/151 210/210/153 211/211/154
f 208/208/151 211/211/154 209/209/152
f 212/212/155 18/18/14 13/13/11
f 212/212/155 13/13/11 209/209/152
f 212/212/155 209/209/152 211/211/154
f 212/212/155 211/211/154 213/213/156
f 212/212/155 213/213/156 19/19/15
f 212/212/155 19/19/15 18/18/14
f 214/214/157 215/215/158 19/19/15
f 214/214/157 19/19/15 213/213/156
f 214/214/157 213/213/156 211/211/154
f 214/214/157 211/211/154 216/216/159
f 214/214/157 216/216/159 217/217/160
f 214/214/157 217/217/160 215/215/158
f 218/218/161 24/24/18 19/19/15
f 218/218/161 19/19/15 215/215/158
f 218/218/161 215/215/158 217/217/160
f 218/218/161 217/217/160 219/219/162
f 218/218/161 219/219/162 25/25/19
f 218/218/161 25/25/19 24/24/18
f 220/220/163 221/221/164 25/25/19
f 220/220/163 25/25/19 219/219/162
f 220/220/163 219/219/162 217/217/160
f 220/220/163 217/217/160 222/222/165
f 220/220/163 222/222/165 223/223/166
f 220/220/163 223/223/166 221/221/164
f 224/224/167 30/30/22 25/25/19
f 224/224/167 25/25/19 221/221/164
f 224/224/167 221/221/164 223/223/166
f 224/224/167 223/223/166 225/225/168
f 224/224/167 225/225/168 31/31/23
f 224/224/167 31/31/23 30/30/22
f 226/226/169 227/227/170 31/31/23
f 226/226/169 31/31/23 225/225/168
f 226/226/169 225/225/168 223/223/166
f 226/226/169 223/223/166 228/228/171
f 226/226/169 228/228/171 229/229/172
f 226/226/169 229/229/172 227/227/170
f 230/230/173 36/36/26 31/31/23
f 230/230/173 31/31/23 227/227/170
f 230/230/173 227/227/170 229/229/172
f 230/230/173 229/229/172 231/231/174
f 230/230/173 231/231/174 37/37/27
f 230/230/173 37/37/27 36/36/26
f 232/232/175 233/233/176 37/37/27
f 232/232/175 37/37/27 231/231/174
f 232/232/175 231/231/174 229/229/172
f 232/232/175 229/229/172 234/234/177
f 232/232/175 234/234/177 235/235/178
f 232/232/175 235/235/178 233/233/176
f 236/236/179 42/42/31 37/37/27
f 236/236/179 37/37/27 233/233/176
f 236/236/179 233/233/176 235/235/178
f 236/236/179 235/235/178 237/237/180
f 236/236/179 237/237/180 43/43/32
f 236/236/179 43/43/32 42/42/31
f 238/238/181 239/239/182 43/43/32
f 238/238/181 43/43/32 237/237/180
f 238/238/181 237/237/180 235/235/178
f 238/238/181 235/235/178 240/240/183
f 238/238/181 240/240/183 241/241/184
f 238/238/181 241/241/184 239/239/182
f 242/242/185 48/48/35 43/43/32
f 242/242/185 43/43/32 239/239/182
f 242/242/185 239/239/182 241/241/184
f 242/242/185 241/241/184 243/243/186
f 242/242/185 243/243/186 49/49/36
f 242/242/185 49/49/36 48/48/35
f 244/244/187 245/245/188 49/49/36
f 244/244/187 49/49/36 243/243/186
f 244/244/187 243/243/186 241/241/184
f 244/244/187 241/241/184 246/246/189
f 244/244/187 246/246/189 247/247/190
f 244/244/187 247/247/190 245/245/188
f 248/248/191 54/54/39 49/49/36
f 248/248/191 49/49/36 245/245/188
f 248/248/191 245/245/188 247/247/190
f 248/248/191 247/247/190 249/249/192
f 248/248/191 249/249/192 55/55/40
f 248/248/191 55/55/40 54/54/39
f 250/250/193 251/251/194 55/55/40
f 250/250/193 55/55/40 249/249/192
f 250/250/193 249/249/192 247/247/190
f 250/250/193 247/247/190 252/252/195
f 250/250/193 252/252/195 253/253/196
f 250/250/193 253/253/196 251/251/194
f 254/254/197 60/60/43 55/55/40
f 254/254/197 55/55/40 251/251/194
f 254/254/197 251/251/194 253/253/196
f 254/254/197 253/253/196 255/255/198
f 254/254/197 255/255/198 61/61/44
f 254/254/197 61/61/44 60/60/43
f 256/256/199 257/257/200 61/61/44
f 256/256/199 61/61/44 255/255/198
f 256/256/199 255/255/198 253/253/196
f 256/256/199 253/253/196 258/258/201
f 256/256/199 258/258/201 259/259/202
f 256/256/199 259/259/202 257/257/200
f 260/260/203 66/66/47 61/61/44
f 260/260/203 61/61/44 257/257/200
f 260/260/203 257/257/200 259/259/202
f 260/260/203 259/259/202 261/261/204
f 260/260/203 261/261/204 67/67/48
f 260/260/203 67/67/48 66/66/47
f 262/262/205 263/263/206 67/67/48
f 262/262/205 67/67/48 261/261/204
f 262/262/205 261/261/204 259/259/202
f 262/262/205 259/259/202 264/264/207
f 262/262/205 264/264/207 265/265/208
f 262/262/205 265/265/208 263/263/206
f 266/266/209 72/72/51 67/67/48
f 266/266/209 67/67/48 263/263/206
f 266/266/209 263/263/206 265/265/208
f 266/266/209 265/265/208 267/267/210
f 266/266/209 267/267/210 73/73/52
f 266/266/209 73/73/52 72/72/51
f 268/268/211 269/269/212 73/73/52
f 268/268/211 73/73/52 267/267/210
f 268/268/211 267/267/210 265/265/208
f 268/268/211 265/265/208 270/270/213
f 268/268/211 270/270/213 271/271/214
f 268/268/211 271/271/214 269/269/212
f 272/272/215 78/78/55 73/73/52
f 272/272/215 73/73/52 269/269/212
f 272/272/215 269/269/212 271/271/214
f 272/272/215 271/271/214 273/273/216
f 272/272/215 273/273/216 79/79/56
f 272/272/215 79/79/56 78/78/55
f 274/274/217 275/275/218 79/79/56
f 274/274/217 79/79/56 273/273/216
f 274/274/217 273/273/216 271/271/214
f 274/274/217 271/271/214 276/276/219
f 274/274/217 276/276/219 277/277/220
f 274/274/217 277/277/220 275/275/218
f 278/278/221 84/84/59 79/79/56
f 278/278/221 79/79/56 275/275/218
f 278/278/221 275/275/218 277/277/220
f 278/278/221 277/277/220 279/279/222
f 278/278/221 279/279/222 85/85/60
f 278/278/221 85/85/60 84/84/59
f 280/280/223 281/281/224 85/85/60
f 280/280/223 85/85/60 279/279/222
f 280/280/223 279/279/222 277/277/220
f 280/280/223 277/277/220 282/282/225
f 280/280/223 282/282/225 283/283/226
f 280/280/223 283/283/226 281/281/224
f 284/284/227 90/90/64 85/85/60
f 284/284/227 85/85/60 281/281/224
f 284/284/227 281/281/224 283/283/226
f 284/284/227 283/283/226 285/285/228
f 284/284/227 285/285/228 91/91/65
f 284/284/227 91/91/65 90/90/64
f 286/286/229 287/287/230 91/91/65
f 286/286/229 91/91/65 285/285/228
f 286/286/229 285/285/228 283/283/226
f 286/286/229 283/283/226 288/288/231
f 286/286/229 288/288/231 289/289/232
f 286/286/229 289/289/232 287/287/230
f 290/290/233 96/96/69 91/91/65
f 290/290/233 91/91/65 287/287/230
f 290/290/233 287/287/230 289/289/232
f 290/290/233 289/289/232 291/291/234
f 290/290/233 291/291/234 97/97/70
f 290/290/233 97/97/70 96/96/69
f 292/292/235 293/293/236 97/97/70
f 292/292/235 97/97/70 291/291/234
f 292/292/235 291/291/234 289/289/232
f 292/292/235 289/289/232 294/294/237
f 292/292/235 294/294/237 295/295/238
f 292/292/235 295/295/238 293/293/236
f 296/296/239 102/102/74 97/97/70
f 296/296/239 97/97/70 293/293/236
f 296/296/239 293/293/236 295/295/238
f 296/296/239 295/295/238 297/297/240
f 296/296/239 297/297/240 103/103/75
f 296/296/239 103/103/75 102/102/74
f 298/298/241 299/299/242 103/103/75
f 298/298/241 103/103/75 297/297/240
f 298/298/241 297/297/240 295/295/238
f 298/298/241 295/295/238 300/300/243
f 298/298/241 300/300/243 301/301/244
f 298/298/241 301/301/244 299/299/242
f 302/302/245 108/108/78 103/103/75
f 302/302/245 103/103/75 299/299/242
f 302/302/245 299/299/242 301/301/244
f 302/302/245 301/301/244 303/303/246
f 302/302/245 303/303/246 109/109/79
f 302/302/245 109/109/79 108/108/78
f 304/304/247 305/305/248 109/109/79
f 304/304/247 109/109/79 303/303/246
f 304/304/247 303/303/246 301/301/244
f 304/304/247 301/301/244 306/306/249
f 304/304/247 306/306/249 307/307/250
f 304/304/247 307/307/250 305/305/248
f 308/308/251 114/114/83 109/109/79
f 308/308/251 109/109/79 305/305/248
f 308/308/251 305/305/248 307/307/250
f 308/308/251 307/307/250 309/309/252
f 308/308/251 309/309/252 115/115/84
f 308/308/251 115/115/84 114/114/83
f 310/310/253 311/311/254 115/115/84
f 310/310/253 115/115/84 309/309/252
f 310/310/253 309/309/252 307/307/250
f 310/310/253 307/307/250 312/312/255
f 310/310/253 312/312/255 313/313/256
f 310/310/253 313/313/256 311/311/254
f 314/314/257 120/120/87 115/115/84
f 314/314/257 115/115/84 311/311/254
f 314/314/257 311/311/254 313/313/256
f 314/314/257 313/313/256 315/315/258
f 314/314/257 315/315/258 121/121/88
f 314/314/257 121/121/88 120/120/87
f 316/316/259 317/317/260 121/121/88
f 316/316/259 121/121/88 315/315/258
f 316/316/259 315/315/258 313/313/256
f 316/316/259 313/313/256 318/318/261
f 316/316/259 318/318/261 319/319/262
f 316/316/259 319/319/262 317/317/260
f 320/320/263 126/126/91 121/121/88
f 320/320/263 121/121/88 317/317/260
f 320/320/263 317/317/260 319/319/262
f 320/320/263 319/319/262 321/321/264
f 320/320/263 321/321/264 127/127/92
f 320/320/263 127/127/92 126/126/91
f 322/322/265 323/323/266 127/127/92
f 322/322/265 127/127/92 321/321/264
f 322/322/265 321/321/264 319/319/262
f 322/322/265 319/319/262 324/324/267
f 322/322/265 324/324/267 325/325/268
f 322/322/265 325/325/268 323/323/266
f 326/326/269 132/132/95 127/127/92
f 326/326/269 127/127/92 323/323/266
f 326/326/269 323/323/266 325/325/268
f 326/326/269 325/325/268 327/327/270
f 326/326/269 327/327/270 133/133/96
f 326/326/269 133/133/96 132/132/95
f 328/328/271 329/329/272 133/133/96
f 328/328/271 133/133/96 327/327/270
f 328/328/271 327/327/270 325/325/268
f 328/328/271 325/325/268 330/330/273
f 328/328/271 330/330/273 331/331/274
f 328/328/271 331/331/274 329/329/272
f 332/332/275 138/138/100 133/133/96
f 332/332/275 133/133/96 329/329/272
f 332/332/275 329/329/272 331/331/274
f 332/332/275 331/331/274 333/333/276
f 332/332/275 333/333/276 139/139/101
f 332/332/275 139/139/101 138/138/100
f 334/334/277 335/335/278 139/139/101
f 334/334/277 139/139/101 333/333/276
f 334/334/277 333/333/276 331/331/274
f 334/334/277 331/331/274 336/336/279
f 334/334/277 336/336/279 337/337/280
f 334/334/277 337/337/280 335/335/278
f 338/338/281 144/144/104 139/139/101
f 338/338/281 139/139/101 335/335/278
f 338/338/281 335/335/278 337/337/280
f 338/338/281 337/337/280 339/339/282
f 338/338/281 339/339/282 145/145/105
f 338/338/281 145/145/105 144/144/104
f 340/340/283 341/341/284 145/145/105
f 340/340/283 145/145/105 339/339/282
f 340/340/283 339/339/282 337/337/280
f 340/340/283 337/337/280 342/342/285
f 340/340/283 342/342/285 343/343/286
f 340/340/283 343/343/286 341/341/284
f 344/344/287 150/150/108 145/145/105
f 344/344/287 145/145/105 341/341/284
f 344/344/287 341/341/284 343/343/286
f 344/344/287 343/343/286 345/345/288
f 344/344/287 345/345/288 151/151/109
f 344/344/287 151/151/109 150/150/108
f 346/346/289 347/347/290 151/151/109
f 346/346/289 151/151/109 345/345/288
f 346/346/289 345/345/288 343/343/286
f 346/346/289 343/343/286 348/348/291
f 346/346/289 348/348/291 349/349/292
f 346/346/289 349/349/292 347/347/290
f 350/350/293 156/156/113 151/151/109
f 350/350/293 151/151/109 347/347/290
f 350/350/293 347/347/290 349/349/292
f 350/350/293 349/349/292 351/351/294
f 350/350/293 351/351/294 157/157/114
f 350/350/293 157/157/114 156/156/113
f 352/352/295 353/353/296 157/157/114
f 352/352/295 157/157/114 351/351/294
f 352/352/295 351/351/294 349/349/292
f 352/352/295 349/349/292 354/354/297
f 352/352/295 354/354/297 355/355/298
f 352/352/295 355/355/298 353/353/296
f 356/356/299 162/162/117 157/157/114
f 356/356/299 157/157/114 353/353/296
f 356/356/299 353/353/296 355/355/298
f 356/356/299 355/355/298 357/357/300
f 356/356/299 357/357/300 163/163/118
f 356/356/299 163/163/118 162/162/117
f 358/358/301 359/359/302 163/163/118
f 358/358/301 163/163/118 357/357/300
f 358/358/301 357/357/300 355/355/298
f 358/358/301 355/355/298 360/360/303
f 358/358/301 360/360/303 361/361/304
f 358/358/301 361/361/304 359/359/302
f 362/362/305 168/168/121 163/163/118
f 362/362/305 163/163/118 359/359/302
f 362/362/305 359/359/302 361/361/304
f 362/362/305 361/361/304 363/363/306
f 362/362/305 363/363/306 169/169/122
f 362/362/305 169/169/122 168/168/121
f 364/364/307 365/365/308 169/169/122
f 364/364/307 169/169/122 363/363/306
f 364/364/307 363/363/306 361/361/304
f 364/364/307 361/361/304 366/366/309
f 364/364/307 366/366/309 367/367/310
f 364/364/307 367/367/310 365/365/308
f 368/368/311 174/174/125 169/169/122
f 368/368/311 169/169/122 365/365/308
f 368/368/311 365/365/308 367/367/310
f 368/368/311 367/367/310 369/369/312
f 368/368/311 369/369/312 175/175/126
f 368/368/311 175/175/126 174/174/125
f 370/370/313 371/371/314 175/175/126
f 370/370/313 175/175/126 369/369/312
f 370/370/313 369/369/312 367/367/310
f 370/370/313 367/367/310 372/372/315
f 370/370/313 372/372/315 373/373/316
f 370/370/313 373/373/316 371/371/314
f 374/374/317 180/180/129 175/175/126
f 374/374/317 175/175/126 371/371/314
f 374/374/317 371/371/314 373/373/316
f 374/374/317 373/373/316 375/375/318
f 374/374/317 375/375/318 181/181/130
f 374/374/317 181/181/130 180/180/129
f 376/376/319 377/377/320 181/181/130
f 376/376/319 181/181/130 375/375/318
f 376/376/319 375/375/318 373/373/316
f 376/376/319 373/373/316 378/378/321
f 376/376/319 378/378/321 379/379/322
f 376/376/319 379/379/322 377/377/320
f 380/380/323 186/186/133 181/181/130
f 380/380/323 181/181/130 377/377/320
f 380/380/323 377/377/320 379/379/322
f 380/380/323 379/379/322 381/381/324
f 380/380/323 381/381/324 187/187/134
f 380/380/323 187/187/134 186/186/133
f 382/382/325 383/383/326 187/187/134
f 382/382/325 187/187/134 381/381/324
f 382/382/325 381/381/324 379/379/322
f 382/382/325 379/379/322 384/384/327
f 382/382/325 384/384/327 385/385/140
f 382/382/325 385/385/140 383/383/326
f 386/386/328 192/192/136 187/187/134
f 386/386/328 187/187/134 383/383/326
f 386/386/328 383/383/326 385/385/140
f 386/386/328 385/385/140 387/387/139
f 386/386/328 387/387/139 193/193/5
f 386/386/328 193/193/5 192/192/136
f 388/388/329 389/389/330 197/197/140
f 388/388/329 197/197/140 390/390/331
f 388/388/329 390/390/331 391/391/332
f 388/388/329 391/391/332 392/392/333
f 388/388/329 392/392/333 393/393/334
f 388/388/329 393/393/334 389/389/330
f 394/394/335 198/198/141 197/197/140
f 394/394/335 197/197/140 389/389/330
f 394/394/335 389/389/330 393/393/334
f 394/394/335 393/393/334 395/395/336
f 394/394/335 395/395/336 199/199/142
f 394/394/335 199/199/142 198/198/141
f 396/396/337 397/397/338 199/199/142
f 396/396/337 199/199/142 395/395/336
f 396/396/337 395/395/336 393/393/334
f 396/396/337 393/393/334 398/398/339
f 396/396/337 398/398/339 399/399/340
f 396/396/337 399/399/340 397/397/338
f 400/400/341 204/204/147 199/199/142
f 400/400/341 199/199/142 397/397/338
f 400/400/341 397/397/338 399/399/340
f 400/400/341 399/399/340 401/401/342
f 400/400/341 401/401/342 205/205/148
f 400/400/341 205/205/148 204/204/147
f 402/402/343 403/403/344 205/205/148
f 402/402/343 205/205/148 401/401/342
f 402/402/343 401/401/342 399/399/340
f 402/402/343 399/399/340 404/404/345
f 402/402/343 404/404/345 405/405/346
f 402/402/343 405/405/346 403/403/344
f 406/406/347 210/210/153 205/205/148
f 406/406/347 205/205/148 403/403/344
f 406/406/347 403/403/344 405/405/346
f 406/406/347 405/405/346 407/407/348
f 406/406/347 407/407/348 211/211/154
f 406/406/347 211/211/154 210/210/153
f 408/408/349 409/409/350 211/211/154
f 408/408/349 211/211/154 407/407/348
f 408/408/349 407/407/348 405/405/346
f 408/408/349 405/405/346 410/410/351
f 408/408/349 410/410/351 411/411/352
f 408/408/349 411/411/352 409/409/350
f 412/412/353 216/216/159 211/211/154
f 412/412/353 211/211/154 409/409/350
f 412/412/353 409/409/350 411/411/352
f 412/412/353 411/411/352 413/413/354
f 412/412/353 413/413/354 217/217/160
f 412/412/353 217/217/160 216/216/159
f 414/414/355 415/415/356 217/217/160
f 414/414/355 217/217/160 413/413/354
f 414/414/355 413/413/354 411/411/352
f 414/414/355 411/411/352 416/416/357
f 414/414/355 416/416/357 417/417/358
f 414/414/355 417/417/358 415/415/356
f 418/418/359 222/222/165 217/217/160
f 418/418/359 217/217/160 415/415/356
f 418/418/359 415/415/356 417/417/358
f 418/418/359 417/417/358 419/419/360
f 418/418/359 419/419/360 223/223/166
f 418/418/359 223/223/166 222/222/165
f 420/420/361 421/421/362 223/223/166
f 420/420/361 223/223/166 419/419/360
f 420/420/361 419/419/360 417/417/358
f 420/420/361 417/417/358 422/422/363
f 420/420/361 422/422/363 423/423/364
f 420/420/361 423/423/364 421/421/362
f 424/424/365 228/228/171 223/223/166
f 424/424/365 223/223/166 421/421/362
f 424/424/365 421/421/362 423/423/364
f 424/424/365 423/423/364 425/425/366
f 424/424/365 425/425/366 229/229/172
f 424/424/365 229/229/172 228/228/171
f 426/426/367 427/427/368 229/229/172
f 426/426/367 229/229/172 425/425/366
f 426/426/367 425/425/366 423/423/364
f 426/426/367 423/423/364 428/428/369
f 426/426/367 428/428/369 429/429/370
f 426/426/367 429/429/370 427/427/368
f 430/430/371 234/234/177 229/229/172
f 430/430/371 229/229/172 427/427/368
f 430/430/371 427/427/368 429/429/370
f 430/430/371 429/429/370 431/431/372
f 430/430/371 431/431/372 235/235/178
f 430/430/371 235/235/178 234/234/177
f 432/432/373 433/433/374 235/235/178
f 432/432/373 235/235/178 431/431/372
f 432/432/373 431/431/372 429/429/370
f 432/432/373 429/429/370 434/434/375
f 432/432/373 434/434/375 435/435/376
f 432/432/373 435/435/376 433/433/374
f 436/436/377 240/240/183 235/235/178
f 436/436/377 235/235/178 433/433/374
f 436/436/377 433/433/374 435/435/376
f 436/436/377 435/435/376 437/437/378
f 436/436/377 437/437/378 241/241/184
f 436/436/377 241/241/184 240/240/183
f 438/438/379 439/439/380 241/241/184
f 438/438/379 241/241/184 437/437/378
f 438/438/379 437/437/378 435/435/376
f 438/438/379 435/435/376 440/440/381
f 438/438/379 440/440/381 441/441/382
f 438/438/379 441/441/382 439/439/380
f 442/442/383 246/246/189 241/241/184
f 442/442/383 241/241/184 439/439/380
f 442/442/383 439/439/380 441/441/382
f 442/442/383 441/441/382 443/443/384
f 442/442/383 443/443/384 247/247/190
f 442/442/383 247/247/190 246/246/189
f 444/444/385 445/445/386 247/247/190
f 444/444/385 247/247/190 443/443/384
f 444/444/385 443/443/384 441/441/382
f 444/444/385 441/441/382 446/446/387
f 444/444/385 446/446/387 447/447/388
f 444/444/385 447/447/388 445/445/386
f 448/448/389 252/252/195 247/247/190
f 448/448/389 247/247/190 445/445/386
f 448/448/389 445/445/386 447/447/388
f 448/448/389 447/447/388 449/449/390
f 448/448/389 449/449/390 253/253/196
f 448/448/389 253/253/196 252/252/195
f 450/450/391 451/451/392 253/253/196
f 450/450/391 253/253/196 449/449/390
f 450/450/391 449/449/390 447/447/388
f 450/450/391 447/447/388 452/452/393
f 450/450/391 452/452/393 453/453/394
f 450/450/391 453/453/394 451/451/392
f 454/454/395 258/258/201 253/253/196
f 454/454/395 253/253/196 451/451/392
f 454/454/395 451/451/392 453/453/394
f 454/454/395 453/453/394 455/455/396
f 454/454/395 455/455/396 259/259/202
f 454/454/395 259/259/202 258/258/201
f 456/456/397 457/457/398 259/259/202
f 456/456/397 259/259/202 455/455/396
f 456/456/397 455/455/396 453/453/394
f 456/456/397 453/453/394 458/458/399
f 456/456/397 458/458/399 459/459/400
f 456/456/397 459/459/400 457/457/398
f 460/460/401 264/264/207 259/259/202
f 460/460/401 259/259/202 457/457/398
f 460/460/401 457/457/398 459/459/400
f 460/460/401 459/459/400 461/461/402
f 460/460/401 461/461/402 265/265/208
f 460/460/401 265/265/208 264/264/207
f 462/462/403 463/463/404 265/265/208
f 462/462/403 265/265/208 461/461/402
f 462/462/403 461/461/402 459/459/400
f 462/462/403 459/459/400 464/464/405
f 462/462/403 464/464/405 465/465/406
f 462/462/403 465/465/406 463/463/404
f 466/466/407 270/270/213 265/265/208
f 466/466/407 265/265/208 463/463/404
f 466/466/407 463/463/404 465/465/406
f 466/466/407 465/465/406 467/467/408
f 466/466/407 467/467/408 271/271/214
f 466/466/407 271/271/214 270/270/213
f 468/468/409 469/469/410 271/271/214
f 468/468/409 271/271/214 467/467/408
f 468/468/409 467/467/408 465/465/406
f 468/468/409 465/465/406 470/470/411
f 468/468/409 470/470/411 471/471/412
f 468/468/409 471/471/412 469/469/410
f 472/472/413 276/276/219 271/271/214
f 472/472/413 271/271/214 469/469/410
f 472/472/413 469/469/410 471/471/412
f 472/472/413 471/471/412 473/473/414
f 472/472/413 473/473/414 277/277/220
f 472/472/413 277/277/220 276/276/219
f 474/474/415 475/475/416 277/277/220
f 474/474/415 277/277/220 473/473/414
f 474/474/415 473/473/414 471/471/412
f 474/474/415 471/471/412 476/476/417
f 474/474/415 476/476/417 477/477/418
f 474/474/415 477/477/418 475/475/416
f 478/478/419 282/282/225 277/277/220
f 478/478/419 277/277/220 475/475/416
f 478/478/419 475/475/416 477/477/418
f 478/478/419 477/477/418 479/479/420
f 478/478/419 479/479/420 283/283/226
f 478/478/419 283/283/226 282/282/225
f 480/480/421 481/481/422 283/283/226
f 480/480/421 283/283/226 479/479/420
f 480/480/421 479/479/420 477/477/418
f 480/480/421 477/477/418 482/482/423
f 480/480/421 482/482/423 483/483/424
f 480/480/421 483/483/424 481/481/422
f 484/484/425 288/288/231 283/283/226
f 484/484/425 283/283/226 481/481/422
f 484/484/425 481/481/422 483/483/424
f 484/484/425 483/483/424 485/485/426
f 484/484/425 485/485/426 289/289/232
f 484/484/425 289/289/232 288/288/231
f 486/486/427 487/487/428 289/289/232
f 486/486/427 289/289/232 485/485/426
f 486/486/427 485/485/426 483/483/424
f 486/486/427 483/483/424 488/488/429
f 486/486/427 488/488/429 489/489/430
f 486/486/427 489/489/430 487/487/428
f 490/490/431 294/294/237 289/289/232
f 490/490/431 289/289/232 487/487/428
f 490/490/431 487/487/428 489/489/430
f 490/490/431 489/489/430 491/491/432
f 490/490/431 491/491/432 295/295/238
f 490/490/431 295/295/238 294/294/237
f 492/492/433 493/493/434 295/295/238
f 492/492/433 295/295/238 491/491/432
f 492/492/433 491/491/432 489/489/430
f 492/492/433 489/489/430 494/494/435
f 492/492/433 494/494/435 495/495/436
f 492/492/433 495/495/436 493/493/434
f 496/496/437 300/300/243 295/295/238
f 496/496/437 295/295/238 493/493/434
f 496/496/437 493/493/434 495/495/436
f 496/496/437 495/495/436 497/497/438
f 496/496/437 497/497/438 301/301/244
f 496/496/437 301/301/244 300/300/243
f 498/498/439 499/499/440 301/301/244
f 498/498/439 301/301/244 497/497/438
f 498/498/439 497/497/438 495/495/436
f 498/498/439 495/495/436 500/500/441
f 498/498/439 500/500/441 501/501/442
f 498/498/439 501/501/442 499/499/440
f 502/502/443 306/306/249 301/301/244
f 502/502/443 301/301/244 499/499/440
f 502/502/443 499/499/440 501/501/442
f 502/502/443 501/501/442 503/503/444
f 502/502/443 503/503/444 307/307/250
f 502/502/443 307/307/250 306/306/249
f 504/504/445 505/505/446 307/307/250
f 504/504/445 307/307/250 503/503/444
f 504/504/445 503/503/444 501/501/442
f 504/504/445 501/501/442 506/506/447
f 504/504/445 506/506/447 507/507/448
f 504/504/445 507/507/448 505/505/446
f 508/508/449 312/312/255 307/307/250
f 508/508/449 307/307/250 505/505/446
f 508/508/449 505/505/446 507/507/448
f 508/508/449 507/507/448 509/509/450
f 508/508/449 509/509/450 313/313/256
f 508/508/449 313/313/256 312/312/255
f 510/510/451 511/511/452 313/313/256
f 510/510/451 313/313/256 509/509/450
f 510/510/451 509/509/450 507/507/448
f 510/510/451 507/507/448 512/512/453
f 510/510/451 512/512/453 513/513/454
f 510/510/451 513/513/454 511/511/452
f 514/514/455 318/318/261 313/313/256
f 514/514/455 313/313/256 511/511/452
f 514/514/455 511/511/452 513/513/454
f 514/514/455 513/513/454 515/515/456
f 514/514/455 515/515/456 319/319/262
f 514/514/455 319/319/262 318/318/261
f 516/516/457 517/517/458 319/319/262
f 516/516/457 319/319/262 515/515/456
f 516/516/457 515/515/456 513/513/454
f 516/516/457 513/513/454 518/518/459
f 516/516/457 518/518/459 519/519/460
f 516/516/457 519/519/460 517/517/458
f 520/520/461 324/324/267 319/319/262
f 520/520/461 319/319/262 517/517/458
f 520/520/461 517/517/458 519/519/460
f 520/520/461 519/519/460 521/521/462
f 520/520/461 521/521/462 325/325/268
f 520/520/461 325/325/268 324/324/267
f 522/522/463 523/523/464 325/325/268
f 522/522/463 325/325/268 521/521/462
f 522/522/463 521/521/462 519/519/460
f 522/522/463 519/519/460 524/524/465
f 522/522/463 524/524/465 525/525/466
f 522/522/463 525/525/466 523/523/464
f 526/526/467 330/330/273 325/325/268
f 526/526/467 325/325/268 523/523/464
f 526/526/467 523/523/464 525/525/466
f 526/526/467 525/525/466 527/527/468
f 526/526/467 527/527/468 331/331/274
f 526/526/467 331/331/274 330/330/273
f 528/528/469 529/529/470 331/331/274
f 528/528/469 331/331/274 527/527/468
f 528/528/469 527/527/468 525/525/466
f 528/528/469 525/525/466 530/530/471
f 528/528/469 530/530/471 531/531/472
f 528/528/469 531/531/472 529/529/470
f 532/532/473 336/336/279 331/331/274
f 532/532/473 331/331/274 529/529/470
f 532/532/473 529/529/470 531/531/472
f 532/532/473 531/531/472 533/533/474
f 532/532/473 533/533/474 337/337/280
f 532/532/473 337/337/280 336/336/279
f 534/534/475 535/535/476 337/337/280
f 534/534/475 337/337/280 533/533/474
f 534/534/475 533/533/474 531/531/472
f 534/534/475 531/531/472 536/536/477
f 534/534/475 536/536/477 537/537/478
f 534/534/475 537/537/478 535/535/476
f 538/538/479 342/342/285 337/337/280
f 538/538/479 337/337/280 535/535/476
f 538/538/479 535/535/476 537/537/478
f 538/538/479 537/537/478 539/539/480
f 538/538/479 539/539/480 343/343/286
f 538/538/479 343/343/286 342/342/285
f 540/540/481 541/541/482 343/343/286
f 540/540/481 343/343/286 539/539/480
f 540/540/481 539/539/480 537/537/478
f 540/540/481 537/537/478 542/542/483
f 540/540/481 542/542/483 543/543/484
f 540/540/481 543/543/484 541/541/482
f 544/544/485 348/348/291 343/343/286
f 544/544/485 343/343/286 541/541/482
f 544/544/485 541/541/482 543/543/484
f 544/544/485 543/543/484 545/545/486
f 544/544/485 545/545/486 349/349/292
f 544/544/485 349/349/292 348/348/291
f 546/546/487 547/547/488 349/349/292
f 546/546/487 349/349/292 545/545/486
f 546/546/487 545/545/486 543/543/484
f 546/546/487 543/543/484 548/548/489
f 546/546/487 548/548/489 549/549/490
f 546/546/487 549/549/490 547/547/488
f 550/550/491 354/354/297 349/349/292
f 550/550/491 349/349/292 547/547/488
f 550/550/491 547/547/488 549/549/490
f 550/550/491 549/549/490 551/551/492
f 550/550/491 551/551/492 355/355/298
f 550/550/491 355/355/298 354/354/297
f 552/552/493 553/553/494 355/355/298
f 552/552/493 355/355/298 551/551/492
f 552/552/493 551/551/492 549/549/490
f 552/552/493 549/549/490 554/554/495
f 552/552/493 554/554/495 555/555/496
f 552/552/493 555/555/496 553/553/494
f 556/556/497 360/360/303 355/355/298
f 556/556/497 355/355/298 553/553/494
f 556/556/497 553/553/494 555/555/496
f 556/556/497 555/555/496 557/557/498
f 556/556/497 557/557/498 361/361/304
f 556/556/497 361/361/304 360/360/303
f 558/558/499 559/559/500 361/361/304
f 558/558/499 361/361/304 557/557/498
f 558/558/499 557/557/498 555/555/496
f 558/558/499 555/555/496 560/560/501
f 558/558/499 560/560/501 561/561/502
f 558/558/499 561/561/502 559/559/500
f 562/562/503 366/366/309 361/361/304
f 562/562/503 361/361/304 559/559/500
f 562/562/503 559/559/500 561/561/502
f 562/562/503 561/561/502 563/563/504
f 562/562/503 563/563/504 367/367/310
f 562/562/503 367/367/310 366/366/309
f 564/564/505 565/565/506 367/367/310
f 564/564/505 367/367/310 563/563/504
f 564/564/505 563/563/504 561/561/502
f 564/564/505 561/561/502 566/566/507
f 564/564/505 566/566/507 567/567/508
f 564/564/505 567/567/508 565/565/506
f 568/568/509 372/372/315 367/367/310
f 568/568/509 367/367/310 565/565/506
f 568/568/509 565/565/506 567/567/508
f 568/568/509 567/567/508 569/569/510
f 568/568/509 569/569/510 373/373/316
f 568/568/509 373/373/316 372/372/315
f 570/570/511 571/571/512 373/373/316
f 570/570/511 373/373/316 569/569/510
f 570/570/511 569/569/510 567/567/508
f 570/570/511 567/567/508 572/572/513
f 570/570/511 572/572/513 573/573/514
f 570/570/511 573/573/514 571/571/512
f 574/574/515 378/378/321 373/373/316
f 574/574/515 373/373/316 571/571/512
f 574/574/515 571/571/512 573/573/514
f 574/574/515 573/573/514 575/575/516
f 574/574/515 575/575/516 379/379/322
f 574/574/515 379/379/322 378/378/321
f 576/576/517 577/577/518 379/379/322
f 576/576/517 379/379/322 575/575/516
f 576/576/517 575/575/516 573/573/514
f 576/576/517 573/573/514 578/578/519
f 576/576/517 578/578/519 579/579/332
f 576/576/517 579/579/332 577/577/518
f 580/580/520 384/384/327 379/379/322
f 580/580/520 379/379/322 577/577/518
f 580/580/520 577/577/518 579/579/332
f 580/580/520 579/579/332 581/581/331
f 580/580/520 581/581/331 385/385/140
f 580/580/520 385/385/140 384/384/327
f 582/582/521 583/583/522 391/391/332
f 582/582/521 391/391/332 584/584/523
f 582/582/521 584/584/523 585/585/524
f 582/582/521 585/585/524 586/586/525
f 582/582/521 586/586/525 587/587/526
f 582/582/521 587/587/526 583/583/522
f 588/588/527 392/392/333 391/391/332
f 588/588/527 391/391/332 583/583/522
f 588/588/527 583/583/522 587/587/526
f 588/588/527 587/587/526 589/589/528
f 588/588/527 589/589/528 393/393/334
f 588/588/527 393/393/334 392/392/333
f 590/590/529 591/591/530 393/393/334
f 590/590/529 393/393/334 589/589/528
f 590/590/529 589/589/528 587/587/526
f 590/590/529 587/587/526 592/592/531
f 590/590/529 592/592/531 593/593/532
f 590/590/529 593/593/532 591/591/530
f 594/594/533 398/398/339 393/393/334
f 594/594/533 393/393/334 591/591/530
f 594/594/533 591/591/530 593/593/532
f 594/594/533 593/593/532 595/595/534
f 594/594/533 595/595/534 399/399/340
f 594/594/533 399/399/340 398/398/339
f 596/596/535 597/597/536 399/399/340
f 596/596/535 399/399/340 595/595/534
f 596/596/535 595/595/534 593/593/532
f 596/596/535 593/593/532 598/598/537
f 596/596/535 598/598/537 599/599/538
f 596/596/535 599/599/538 597/597/536
f 600/600/539 404/404/345 399/399/340
f 600/600/539 399/399/340 597/597/536
f 600/600/539 597/597/536 599/599/538
f 600/600/539 599/599/538 601/601/540
f 600/600/539 601/601/540 405/405/346
f 600/600/539 405/405/346 404/404/345
f 602/602/541 603/603/542 405/405/346
f 602/602/541 405/405/346 601/601/540
f 602/602/541 601/601/540 599/599/538
f 602/602/541 599/599/538 604/604/543
f 602/602/541 604/604/543 605/605/544
f 602/602/541 605/605/544 603/603/542
f 606/606/545 410/410/351 405/405/346
f 606/606/545 405/405/346 603/603/542
f 606/606/545 603/603/542 605/605/544
f 606/606/545 605/605/544 607/607/546
f 606/606/545 607/607/546 411/411/352
f 606/606/545 411/411/352 410/410/351
f 608/608/547 609/609/548 411/411/352
f 608/608/547 411/411/352 607/607/546
f 608/608/547 607/607/546 605/605/544
f 608/608/547 605/605/544 610/610/549
f 608/608/547 610/610/549 611/611/550
f 608/608/547 611/611/550 609/609/548
f 612/612/551 416/416/357 411/411/352
f 612/612/551 411/411/352 609/609/548
f 612/612/551 609/609/548 611/611/550
f 612/612/551 611/611/550 613/613/552
f 612/612/551 613/613/552 417/417/358
f 612/612/551 417/417/358 416/416/357
f 614/614/553 615/615/554 417/417/358
f 614/614/553 417/417/358 613/613/552
f 614/614/553 613/613/552 611/611/550
f 614/614/553 611/611/550 616/616/555
f 614/614/553 616/616/555 617/617/556
f 614/614/553 617/617/556 615/615/554
f 618/618/557 422/422/363 417/417/358
f 618/618/557 417/417/358 615/615/554
f 618/618/557 615/615/554 617/617/556
f 618/618/557 617/617/556 619/619/558
f 618/618/557 619/619/558 423/423/364
f 618/618/557 423/423/364 422/422/363
f 620/620/559 621/621/560 423/423/364
f 620/620/559 423/423/364 619/619/558
f 620/620/559 619/619/558 617/617/556
f 620/620/559 617/617/556 622/622/561
f 620/620/559 622/622/561 623/623/562
f 620/620/559 623/623/562 621/621/560
f 624/624/563 428/428/369 423/423/364
f 624/624/563 423/423/364 621/621/560
f 624/624/563 621/621/560 623/623/562
f 624/624/563 623/623/562 625/625/564
f 624/624/563 625/625/564 429/429/370
f 624/624/563 429/429/370 428/428/369
f 626/626/565 627/627/566 429/429/370
f 626/626/565 429/429/370 625/625/564
f 626/626/565 625/625/564 623/623/562
f 626/626/565 623/623/562 628/628/567
f 626/626/565 628/628/567 629/629/568
f 626/626/565 629/629/568 627/627/566
f 630/630/569 434/434/375 429/429/370
f 630/630/569 429/429/370 627/627/566
f 630/630/569 627/627/566 629/629/568
f 630/630/569 629/629/568 631/631/570
f 630/630/569 631/631/570 435/435/376
f 630/630/569 435/435/376 434/434/375
f 632/632/571 633/633/572 435/435/376
f 632/632/571 435/435/376 631/631/570
f 632/632/571 631/631/570 629/629/568
f 632/632/571 629/629/568 634/634/573
f 632/632/571 634/634/573 635/635/574
f 632/632/571 635/635/574 633/633/572
f 636/636/575 440/440/381 435/435/376
f 636/636/575 435/435/376 633/633/572
f 636/636/575 633/633/572 635/635/574
f 636/636/575 635/635/574 637/637/576
f 636/636/575 637/637/576 441/441/382
f 636/636/575 441/441/382 440/440/381
f 638/638/577 639/639/578 441/441/382
f 638/638/577 441/441/382 637/637/576
f 638/638/577 637/637/576 635/635/574
f 638/638/577 635/635/574 640/640/579
f 638/638/577 640/640/579 641/641/580
f 638/638/577 641/641/580 639/639/578
f 642/642/581 446/446/387 441/441/382
f 642/642/581 441/441/382 639/639/578
f 642/642/581 639/639/578 641/641/580
f 642/642/581 641/641/580 643/643/582
f 642/642/581 643/643/582 447/447/388
f 642/642/581 447/447/388 446/446/387
f 644/644/583 645/645/584 447/447/388
f 644/644/583 447/447/388 643/643/582
f 644/644/583 643/643/582 641/641/580
f 644/644/583 641/641/580 646/646/585
f 644/644/583 646/646/585 647/647/586
f 644/644/583 647/647/586 645/645/584
f 648/648/587 452/452/393 447/447/388
f 648/648/587 447/447/388 645/645/584
f 648/648/587 645/645/584 647/647/586
f 648/648/587 647/647/586 649/649/588
f 648/648/587 649/649/588 453/453/394
f 648/648/587 453/453/394 452/452/393
f 650/650/589 651/651/590 453/453/394
f 650/650/589 453/453/394 649/649/588
f 650/650/589 649/649/588 647/647/586
f 650/650/589 647/647/586 652/652/591
f 650/650/589 652/652/591 653/653/592
f 650/650/589 653/653/592 651/651/590
f 654/654/593 458/458/399 453/453/394
f 654/654/593 453/453/394 651/651/590
f 654/654/593 651/651/590 653/653/592
f 654/654/593 653/653/592 655/655/594
f 654/654/593 655/655/594 459/459/400
f 654/654/593 459/459/400 458/458/399
f 656/656/595 657/657/596 459/459/400
f 656/656/595 459/459/400 655/655/594
f 656/656/595 655/655/594 653/653/592
f 656/656/595 653/653/592 658/658/597
f 656/656/595 658/658/597 659/659/598
f 656/656/595 659/659/598 657/657/596
f 660/660/599 464/464/405 459/459/400
f 660/660/599 459/459/400 657/657/596
f 660/660/599 657/657/596 659/659/598
f 660/660/599 659/659/598 661/661/600
f 660/660/599 661/661/600 465/465/406
f 660/660/599 465/465/406 464/464/405
f 662/662/601 663/663/602 465/465/406
f 662/662/601 465/465/406 661/661/600
f 662/662/601 661/661/600 659/659/598
f 662/662/601 659/659/598 664/664/603
f 662/662/601 664/664/603 665/665/604
f 662/662/601 665/665/604 663/663/602
f 666/666/605 470/470/411 465/465/406
f 666/666/605 465/465/406 663/663/602
f 666/666/605 663/663/602 665/665/604
f 666/666/605 665/665/604 667/667/606
f 666/666/605 667/667/606 471/471/412
f 666/666/605 471/471/412 470/470/411
f 668/668/607 669/669/608 471/471/412
f 668/668/607 471/471/412 667/667/606
f 668/668/607 667/667/606 665/665/604
f 668/668/607 665/665/604 670/670/609
f 668/668/607 670/670/609 671/671/610
f 668/668/607 671/671/610 669/669/608
f 672/672/611 476/476/417 471/471/412
f 672/672/611 471/471/412 669/669/608
f 672/672/611 669/669/608 671/671/610
f 672/672/611 671/671/610 673/673/612
f 672/672/611 673/673/612 477/477/418
f 672/672/611 477/477/418 476/476/417
f 674/674/613 675/675/614 477/477/418
f 674/674/613 477/477/418 673/673/612
f 674/674/613 673/673/612 671/671/610
f 674/674/613 671/671/610 676/676/615
f 674/674/613 676/676/615 677/677/616
f 674/674/613 677/677/616 675/675/614
f 678/678/617 482/482/423 477/477/418
f 678/678/617 477/477/418 675/675/614
f 678/678/617 675/675/614 677/677/616
f 678/678/617 677/677/616 679/679/618
f 678/678/617 679/679/618 483/483/424
f 678/678/617 483/483/424 482/482/423
f 680/680/619 681/681/620 483/483/424
f 680/680/619 483/483/424 679/679/618
f 680/680/619 679/679/618 677/677/616
f 680/680/619 677/677/616 682/682/621
f 680/680/619 682/682/621 683/683/622
f 680/680/619 683/683/622 681/681/620
f 684/684/623 488/488/429 483/483/424
f 684/684/623 483/483/424 681/681/620
f 684/684/623 681/681/620 683/683/622
f 684/684/623 683/683/622 685/685/624
f 684/684/623 685/685/624 489/489/430
f 684/684/623 489/489/430 488/488/429
f 686/686/625 687/687/626 489/489/430
f 686/686/625 489/489/430 685/685/624
f 686/686/625 685/685/624 683/683/622
f 686/686/625 683/683/622 688/688/627
f 686/686/625 688/688/627 689/689/628
f 686/686/625 689/689/628 687/687/626
f 690/690/629 494/494/435 489/489/430
f 690/690/629 489/489/430 687/687/626
f 690/690/629 687/687/626 689/689/628
f 690/690/629 689/689/628 691/691/630
f 690/690/629 691/691/630 495/495/436
f 690/690/629 495/495/436 494/494/435
f 692/692/631 693/693/632 495/495/436
f 692/692/631 495/495/436 691/691/630
f 692/692/631 691/691/630 689/689/628
f 692/692/631 689/689/628 694/694/633
f 692/692/631 694/694/633 695/695/634
f 692/692/631 695/695/634 693/693/632
f 696/696/635 500/500/441 495/495/436
f 696/696/635 495/495/436 693/693/632
f 696/696/635 693/693/632 695/695/634
f 696/696/635 695/695/634 697/697/636
f 696/696/635 697/697/636 501/501/442
f 696/696/635 501/501/442 500/500/441
f 698/698/637 699/699/638 501/501/442
f 698/698/637 501/501/442 697/697/636
f 698/698/637 697/697/636 695/695/634
f 698/698/637 695/695/634 700/700/639
f 698/698/637 700/700/639 701/701/640
f 698/698/637 701/701/640 699/699/638
f 702/702/641 506/506/447 501/501/442
f 702/702/641 501/501/442 699/699/638
f 702/702/641 699/699/638 701/701/640
f 702/702/641 701/701/640 703/703/642
f 702/702/641 703/703/642 507/507/448
f 702/702/641 507/507/448 506/506/447
f 704/704/643 705/705/644 507/507/448
f 704/704/643 507/507/448 703/703/642
f 704/704/643 703/703/642 701/701/640
f 704/704/643 701/701/640 706/706/645
f 704/704/643 706/706/645 707/707/646
f 704/704/643 707/707/646 705/705/644
f 708/708/647 512/512/453 507/507/448
f 708/708/647 507/507/448 705/705/644
f 708/708/647 705/705/644 707/707/646
f 708/708/647 707/707/646 709/709/648
f 708/708/647 709/709/648 513/513/454
f 708/708/647 513/513/454 512/512/453
f 710/710/649 711/711/650 513/513/454
f 710/710/649 513/513/454 709/709/648
f 710/710/649 709/709/648 707/707/646
f 710/710/649 707/707/646 712/712/651
f 710/710/649 712/712/651 713/713/652
f 710/710/649 713/713/652 711/711/650
f 714/714/653 518/518/459 513/513/454
f 714/714/653 513/513/454 711/711/650
f 714/714/653 711/711/650 713/713/652
f 714/714/653 713/713/652 715/715/654
f 714/714/653 715/715/654 519/519/460
f 714/714/653 519/519/460 518/518/459
f 716/716/655 717/717/656 519/519/460
f 716/716/655 519/519/460 715/715/654
f 716/716/655 715/715/654 713/713/652
f 716/716/655 713/713/652 718/718/657
f 716/716/655 718/718/657 719/719/658
f 716/716/655 719/719/658 717/717/656
f 720/720/659 524/524/465 519/519/460
f 720/720/659 519/519/460 717/717/656
f 720/720/659 717/717/656 719/719/658
f 720/720/659 719/719/658 721/721/660
f 720/720/659 721/721/660 525/525/466
f 720/720/659 525/525/466 524/524/465
f 722/722/661 723/723/662 525/525/466
f 722/722/661 525/525/466 721/721/660
f 722/722/661 721/721/660 719/719/658
f 722/722/661 719/719/658 724/724/663
f 722/722/661 724/724/663 725/725/664
f 722/722/661 725/725/664 723/723/662
f 726/726/665 530/530/471 525/525/466
f 726/726/665 525/525/466 723/723/662
f 726/726/665 723/723/662 725/725/664
f 726/726/665 725/725/664 727/727/666
f 726/726/665 727/727/666 531/531/472
f 726/726/665 531/531/472 530/530/471
f 728/728/667 729/729/668 531/531/472
f 728/728/667 531/531/472 727/727/666
f 728/728/667 727/727/666 725/725/664
f 728/728/667 725/725/664 730/730/669
f 728/728/667 730/730/669 731/731/670
f 728/728/667 731/731/670 729/729/668
f 732/732/671 536/536/477 531/531/472
f 732/732/671 531/531/472 729/729/668
f 732/732/671 729/729/668 731/731/670
f 732/732/671 731/731/670 733/733/672
f 732/732/671 733/733/672 537/537/478
f 732/732/671 537/537/478 536/536/477
f 734/734/673 735/735/674 537/537/478
f 734/734/673 537/537/478 733/733/672
f 734/734/673 733/733/672 731/731/670
f 734/734/673 731/731/670 736/736/675
f 734/734/673 736/736/675 737/737/676
f 734/734/673 737/737/676 735/735/674
f 738/738/677 542/542/483 537/537/478
f 738/738/677 537/537/478 735/735/674
f 738/738/677 735/735/674 737/737/676
f 738/738/677 737/737/676 739/739/678
f 738/738/677 739/739/678 543/543/484
f 738/738/677 543/543/484 542/542/483
f 740/740/679 741/741/680 543/543/484
f 740/740/679 543/543/484 739/739/678
f 740/740/679 739/739/678 737/737/676
f 740/740/679 737/737/676 742/742/681
f 740/740/679 742/742/681 743/743/682
f 740/740/679 743/743/682 741/741/680
f 744/744/683 548/548/489 543/543/484
f 744/744/683 543/543/484 741/741/680
f 744/744/683 741/741/680 743/743/682
f 744/744/683 743/743/682 745/745/684
f 744/744/683 745/745/684 549/549/490
f 744/744/683 549/549/490 548/548/489
f 746/746/685 747/747/686 549/549/490
f 746/746/685 549/549/490 745/745/684
f 746/746/685 745/745/684 743/743/682
f 746/746/685 743/743/682 748/748/687
f 746/746/685 748/748/687 749/749/688
f 746/746/685 749/749/688 747/747/686
f 750/750/689 554/554/495 549/549/490
f 750/750/689 549/549/490 747/747/686
f 750/750/689 747/747/686 749/749/688
f 750/750/689 749/749/688 751/751/690
f 750/750/689 751/751/690 555/555/496
f 750/750/689 555/555/496 554/554/495
f 752/752/691 753/753/692 555/555/496
f 752/752/691 555/555/496 751/751/690
f 752/752/691 751/751/690 749/749/688
f 752/752/691 749/749/688 754/754/693
f 752/752/691 754/754/693 755/755/694
f 752/752/691 755/755/694 753/753/692
f 756/756/695 560/560/501 555/555/496
f 756/756/695 555/555/496 753/753/692
f 756/756/695 753/753/692 755/755/694
f 756/756/695 755/755/694 757/757/696
f 756/756/695 757/757/696 561/561/502
f 756/756/695 561/561/502 560/560/501
f 758/758/697 759/759/698 561/561/502
f 758/758/697 561/561/502 757/757/696
f 758/758/697 757/757/696 755/755/694
f 758/758/697 755/755/694 760/760/699
f 758/758/697 760/760/699 761/761/700
f 758/758/697 761/761/700 759/759/698
f 762/762/701 566/566/507 561/561/502
f 762/762/701 561/561/502 759/759/698
f 762/762/701 759/759/698 761/761/700
f 762/762/701 761/761/700 763/763/702
f 762/762/701 763/763/702 567/567/508
f 762/762/701 567/567/508 566/566/507
f 764/764/703 765/765/704 567/567/508
f 764/764/703 567/567/508 763/763/702
f 764/764/703 763/763/702 761/761/700
f 764/764/703 761/761/700 766/766/705
f 764/764/703 766/766/705 767/767/706
f 764/764/703 767/767/706 765/765/704
f 768/768/707 572/572/513 567/567/508
f 768/768/707 567/567/508 765/765/704
f 768/768/707 765/765/704 767/767/706
f 768/768/707 767/767/706 769/769/708
f 768/768/707 769/769/708 573/573/514
f 768/768/707 573/573/514 572/572/513
f 770/770/709 771/771/710 573/573/514
f 770/770/709 573/573/514 769/769/708
f 770/770/709 769/769/708 767/767/706
f 770/770/709 767/767/706 772/772/711
f 770/770/709 772/772/711 773/773/524
f 770/770/709 773/773/524 771/771/710
f 774/774/712 578/578/519 573/573/514
f 774/774/712 573/573/514 771/771/710
f 774/774/712 771/771/710 773/773/524
f 774/774/712 773/773/524 775/775/713
f 774/774/712 775/775/713 579/579/332
f 774/774/712 579/579/332 578/578/519
f 776/776/714 777/777/715 585/585/524
f 776/776/714 585/585/524 778/778/716
f 776/776/714 778/778/716 779/779/717
f 776/776/714 779/779/717 780/780/718
f 776/776/714 780/780/718 781/781/719
f 776/776/714 781/781/719 777/777/715
f 782/782/720 586/586/525 585/585/524
f 782/782/720 585/585/524 777/777/715
f 782/782/720 777/777/715 781/781/719
f 782/782/720 781/781/719 783/783/721
f 782/782/720 783/783/721 587/587/526
f 782/782/720 587/587/526 586/586/525
f 784/784/722 785/785/723 587/587/526
f 784/784/722 587/587/526 783/783/721
f 784/784/722 783/783/721 781/781/719
f 784/784/722 781/781/719 786/786/724
f 784/784/722 786/786/724 787/787/725
f 784/784/722 787/787/725 785/785/723
f 788/788/726 592/592/531 587/587/526
f 788/788/726 587/587/526 785/785/723
f 788/788/726 785/785/723 787/787/725
f 788/788/726 787/787/725 789/789/727
f 788/788/726 789/789/727 593/593/532
f 788/788/726 593/593/532 592/592/531
f 790/790/728 791/791/729 593/593/532
f 790/790/728 593/593/532 789/789/727
f 790/790/728 789/789/727 787/787/725
f 790/790/728 787/787/725 792/792/730
f 790/790/728 792/792/730 793/793/731
f 790/790/728 793/793/731 791/791/729
f 794/794/732 598/598/537 593/593/532
f 794/794/732 593/593/532 791/791/729
f 794/794/732 791/791/729 793/793/731
f 794/794/732 793/793/731 795/795/733
f 794/794/732 795/795/733 599/599/538
f 794/794/732 599/599/538 598/598/537
f 796/796/734 797/797/735 599/599/538
f 796/796/734 599/599/538 795/795/733
f 796/796/734 795/795/733 793/793/731
f 796/796/734 793/793/731 798/798/736
f 796/796/734 798/798/736 799/799/737
f 796/796/734 799/799/737 797/797/735
f 800/800/738 604/604/543 599/599/538
f 800/800/738 599/599/538 797/797/735
f 800/800/738 797/797/735 799/799/737
f 800/800/738 799/799/737 801/801/739
f 800/800/738 801/801/739 605/605/544
f 800/800/738 605/605/544 604/604/543
f 802/802/740 803/803/741 605/605/544
f 802/802/740 605/605/544 801/801/739
f 802/802/740 801/801/739 799/799/737
f 802/802/740 799/799/737 804/804/742
f 802/802/740 804/804/742 805/805/743
f 802/802/740 805/805/743 803/803/741
f 806/806/744 610/610/549 605/605/544
f 806/806/744 605/605/544 803/803/741
f 806/806/744 803/803/741 805/805/743
f 806/806/744 805/805/743 807/807/745
f 806/806/744 807/807/745 611/611/550
f 806/806/744 611/611/550 610/610/549
f 808/808/746 809/809/747 611/611/550
f 808/808/746 611/611/550 807/807/745
f 808/808/746 807/807/745 805/805/743
f 808/808/746 805/805/743 810/810/748
f 808/808/746 810/810/748 811/811/749
f 808/808/746 811/811/749 809/809/747
f 812/812/750 616/616/555 611/611/550
f 812/812/750 611/611/550 809/809/747
f 812/812/750 809/809/747 811/811/749
f 812/812/750 811/811/749 813/813/751
f 812/812/750 813/813/751 617/617/556
f 812/812/750 617/617/556 616/616/555
f 814/814/752 815/815/753 617/617/556
f 814/814/752 617/617/556 813/813/751
f 814/814/752 813/813/751 811/811/749
f 814/814/752 811/811/749 816/816/754
f 814/814/752 816/816/754 817/817/755
f 814/814/752 817/817/755 815/815/753
f 818/818/756 622/622/561 617/617/556
f 818/818/756 617/617/556 815/815/753
f 818/818/756 815/815/753 817/817/755
f 818/818/756 817/817/755 819/819/757
f 818/818/756 819/819/757 623/623/562
f 818/818/756 623/623/562 622/622/561
f 820/820/758 821/821/759 623/623/562
f 820/820/758 623/623/562 819/819/757
f 820/820/758 819/819/757 817/817/755
f 820/820/758 817/817/755 822/822/760
f 820/820/758 822/822/760 823/823/761
f 820/820/758 823/823/761 821/821/759
f 824/824/762 628/628/567 623/623/562
f 824/824/762 623/623/562 821/821/759
f 824/824/762 821/821/759 823/823/761
f 824/824/762 823/823/761 825/825/763
f 824/824/762 825/825/763 629/629/568
f 824/824/762 629/629/568 628/628/567
f 826/826/764 827/827/765 629/629/568
f 826/826/764 629/629/568 825/825/763
f 826/826/764 825/825/763 823/823/761
f 826/826/764 823/823/761 828/828/766
f 826/826/764 828/828/766 829/829/767
f 826/826/764 829/829/767 827/827/765
f 830/830/768 634/634/573 629/629/568
f 830/830/768 629/629/568 827/827/765
f 830/830/768 827/827/765 829/829/767
f 830/830/768 829/829/767 831/831/769
f 830/830/768 831/831/769 635/635/574
f 830/830/768 635/635/574 634/634/573
f 832/832/770 833/833/771 635/635/574
f 832/832/770 635/635/574 831/831/769
f 832/832/770 831/831/769 829/829/767
f 832/832/770 829/829/767 834/834/772
f 832/832/770 834/834/772 835/835/773
f 832/832/770 835/835/773 833/833/771
f 836/836/774 640/640/579 635/635/574
f 836/836/774 635/635/574 833/833/771
f 836/836/774 833/833/771 835/835/773
f 836/836/774 835/835/773 837/837/775
f 836/836/774 837/837/775 641/641/580
f 836/836/774 641/641/580 640/640/579
f 838/838/776 839/839/777 641/641/580
f 838/838/776 641/641/580 837/837/775
f 838/838/776 837/837/775 835/835/773
f 838/838/776 835/835/773 840/840/778
f 838/838/776 840/840/778 841/841/779
f 838/838/776 841/841/779 839/839/777
f 842/842/780 646/646/585 641/641/580
f 842/842/780 641/641/580 839/839/777
f 842/842/780 839/839/777 841/841/779
f 842/842/780 841/841/779 843/843/781
f 842/842/780 843/843/781 647/647/586
f 842/842/780 647/647/586 646/646/585
f 844/844/782 845/845/783 647/647/586
f 844/844/782 647/647/586 843/843/781
f 844/844/782 843/843/781 841/841/779
f 844/844/782 841/841/779 846/846/784
f 844/844/782 846/846/784 847/847/785
f 844/844/782 847/847/785 845/845/783
f 848/848/786 652/652/591 647/647/586
f 848/848/786 647/647/586 845/845/783
f 848/848/786 845/845/783 847/847/785
f 848/848/786 847/847/785 849/849/787
f 848/848/786 849/849/787 653/653/592
f 848/848/786 653/653/592 652/652/591
f 850/850/788 851/851/789 653/653/592
f 850/850/788 653/653/592 849/849/787
f 850/850/788 849/849/787 847/847/785
f 850/850/788 847/847/785 852/852/790
f 850/850/788 852/852/790 853/853/791
f 850/850/788 853/853/791 851/851/789
f 854/854/792 658/658/597 653/653/592
f 854/854/792 653/653/592 851/851/789
f 854/854/792 851/851/789 853/853/791
f 854/854/792 853/853/791 855/855/793
f 854/854/792 855/855/793 659/659/598
f 854/854/792 659/659/598 658/658/597
f 856/856/794 857/857/795 659/659/598
f 856/856/794 659/659/598 855/855/793
f 856/856/794 855/855/793 853/853/791
f 856/856/794 853/853/791 858/858/796
f 856/856/794 858/858/796 859/859/797
f 856/856/794 859/859/797 857/857/795
f 860/860/798 664/664/603 659/659/598
f 860/860/798 659/659/598 857/857/795
f 860/860/798 857/857/795 859/859/797
f 860/860/798 859/859/797 861/861/799
f 860/860/798 861/861/799 665/665/604
f 860/860/798 665/665/604 664/664/603
f 862/862/800 863/863/801 665/665/604
f 862/862/800 665/665/604 861/861/799
f 862/862/800 861/861/799 859/859/797
f 862/862/800 859/859/797 864/864/802
f 862/862/800 864/864/802 865/865/803
f 862/862/800 865/865/803 863/863/801
f 866/866/804 670/670/609 665/665/604
f 866/866/804 665/665/604 863/863/801
f 866/866/804 863/863/801 865/865/803
f 866/866/804 865/865/803 867/867/805
f 866/866/804 867/867/805 671/671/610
f 866/866/804 671/671/610 670/670/609
f 868/868/806 869/869/807 671/671/610
f 868/868/806 671/671/610 867/867/805
f 868/868/806 867/867/805 865/865/803
f 868/868/806 865/865/803 870/870/808
f 868/868/806 870/870/808 871/871/809
f 868/868/806 871/871/809 869/869/807
f 872/872/810 676/676/615 671/671/610
f 872/872/810 671/671/610 869/869/807
f 872/872/810 869/869/807 871/871/809
f 872/872/810 871/871/809 873/873/811
f 872/872/810 873/873/811 677/677/616
f 872/872/810 677/677/616 676/676/615
f 874/874/812 875/875/813 677/677/616
f 874/874/812 677/677/616 873/873/811
f 874/874/812 873/873/811 871/871/809
f 874/874/812 871/871/809 876/876/814
f 874/874/812 876/876/814 877/877/815
f 874/874/812 877/877/815 875/875/813
f 878/878/816 682/682/621 677/677/616
f 878/878/816 677/677/616 875/875/813
f 878/878/816 875/875/813 877/877/815
f 878/878/816 877/877/815 879/879/817
f 878/878/816 879/879/817 683/683/622
f 878/878/816 683/683/622 682/682/621
f 880/880/818 881/881/819 683/683/622
f 880/880/818 683/683/622 879/879/817
f 880/880/818 879/879/817 877/877/815
f 880/880/818 877/877/815 882/882/820
f 880/880/818 882/882/820 883/883/821
f 880/880/818 883/883/821 881/881/819
f 884/884/822 688/688/627 683/683/622
f 884/884/822 683/683/622 881/881/819
f 884/884/822 881/881/819 883/883/821
f 884/884/822 883/883/821 885/885/823
f 884/884/822 885/885/823 689/689/628
f 884/884/822 689/689/628 688/688/627
f 886/886/824 887/887/825 689/689/628
f 886/886/824 689/689/628 885/885/823
f 886/886/824 885/885/823 883/883/821
f 886/886/824 883/883/821 888/888/826
f 886/886/824 888/888/826 889/889/827
f 886/886/824 889/889/827 887/887/825
f 890/890/828 694/694/633 689/689/628
f 890/890/828 689/689/628 887/887/825
f 890/890/828 887/887/825 889/889/827
f 890/890/828 889/889/827 891/891/829
f 890/890/828 891/891/829 695/695/634
f 890/890/828 695/695/634 694/694/633
f 892/892/830 893/893/831 695/695/634
f 892/892/830 695/695/634 891/891/829
f 892/892/830 891/891/829 889/889/827
f 892/892/830 889/889/827 894/894/832
f 892/892/830 894/894/832 895/895/833
f 892/892/830 895/895/833 893/893/831
f 896/896/834 700/700/639 695/695/634
f 896/896/834 695/695/634 893/893/831
f 896/896/834 893/893/831 895/895/833
f 896/896/834 895/895/833 897/897/835
f 896/896/834 897/897/835 701/701/640
f 896/896/834 701/701/640 700/700/639
f 898/898/836 899/899/837 701/701/640
f 898/898/836 701/701/640 897/897/835
f 898/898/836 897/897/835 895/895/833
f 898/898/836 895/895/833 900/900/838
f 898/898/836 900/900/838 901/901/839
f 898/898/836 901/901/839 899/899/837
f 902/902/840 706/706/645 701/701/640
f 902/902/840 701/701/640 899/899/837
f 902/902/840 899/899/837 901/901/839
f 902/902/840 901/901/839 903/903/841
f 902/902/840 903/903/841 707/707/646
f 902/902/840 707/707/646 706/706/645
f 904/904/842 905/905/843 707/707/646
f 904/904/842 707/707/646 903/903/841
f 904/904/842 903/903/841 901/901/839
f 904/904/842 901/901/839 906/906/844
f 904/904/842 906/906/844 907/907/845
f 904/904/842 907/907/845 905/905/843
f 908/908/846 712/712/651 707/707/646
f 908/908/846 707/707/646 905/905/843
f 908/908/846 905/905/843 907/907/845
f 908/908/846 907/907/845 909/909/847
f 908/908/846 909/909/847 713/713/652
f 908/908/846 713/713/652 712/712/651
f 910/910/848 911/911/849 713/713/652
f 910/910/848 713/713/652 909/909/847
f 910/910/848 909/909/847 907/907/845
f 910/910/848 907/907/845 912/912/850
f 910/910/848 912/912/850 913/913/851
f 910/910/848 913/913/851 911/911/849
f 914/914/852 718/718/657 713/713/652
f 914/914/852 713/713/652 911/911/849
f 914/914/852 911/911/849 913/913/851
f 914/914/852 913/913/851 915/915/853
f 914/914/852 915/915/853 719/719/658
f 914/914/852 719/719/658 718/718/657
f 916/916/854 917/917/855 719/719/658
f 916/916/854 719/719/658 915/915/853
f 916/916/854 915/915/853 913/913/851
f 916/916/854 913/913/851 918/918/856
f 916/916/854 918/918/856 919/919/857
f 916/916/854 919/919/857 917/917/855
f 920/920/858 724/724/663 719/719/658
f 920/920/858 719/719/658 917/917/855
f 920/920/858 917/917/855 919/919/857
f 920/920/858 919/919/857 921/921/859
f 920/920/858 921/921/859 725/725/664
f 920/920/858 725/725/664 724/724/663
f 922/922/860 923/923/861 725/725/664
f 922/922/860 725/725/664 921/921/859
f 922/922/860 921/921/859 919/919/857
f 922/922/860 919/919/857 924/924/862
f 922/922/860 924/924/862 925/925/863
f 922/922/860 925/925/863 923/923/861
f 926/926/864 730/730/669 725/725/664
f 926/926/864 725/725/664 923/923/861
f 926/926/864 923/923/861 925/925/863
f 926/926/864 925/925/863 927/927/865
f 926/926/864 927/927/865 731/731/670
f 926/926/864 731/731/670 730/730/669
f 928/928/866 929/929/867 731/731/670
f 928/928/866 731/731/670 927/927/865
f 928/928/866 927/927/865 925/925/863
f 928/928/866 925/925/863 930/930/868
f 928/928/866 930/930/868 931/931/869
f 928/928/866 931/931/869 929/929/867
f 932/932/870 736/736/675 731/731/670
f 932/932/870 731/731/670 929/929/867
f 932/932/870 929/929/867 931/931/869
f 932/932/870 931/931/869 933/933/871
f 932/932/870 933/933/871 737/737/676
f 932/932/870 737/737/676 736/736/675
f 934/934/872 935/935/873 737/737/676
f 934/934/872 737/737/676 933/933/871
f 934/934/872 933/933/871 931/931/869
f 934/934/872 931/931/869 936/936/874
f 934/934/872 936/936/874 937/937/875
f 934/934/872 937/937/875 935/935/873
f 938/938/876 742/742/681 737/737/676
f 938/938/876 737/737/676 935/935/873
f 938/938/876 935/935/873 937/937/875
f 938/938/876 937/937/875 939/939/877
f 938/938/876 939/939/877 743/743/682
f 938/938/876 743/743/682 742/742/681
f 940/940/878 941/941/879 743/743/682
f 940/940/878 743/743/682 939/939/877
f 940/940/878 939/939/877 937/937/875
f 940/940/878 937/937/875 942/942/880
f 940/940/878 942/942/880 943/943/881
f 940/940/878 943/943/881 941/941/879
f 944/944/882 748/748/687 743/743/682
f 944/944/882 743/743/682 941/941/879
f 944/944/882 941/941/879 943/943/881
f 944/944/882 943/943/881 945/945/883
f 944/944/882 945/945/883 749/749/688
f 944/944/882 749/749/688 748/748/687
f 946/946/884 947/947/885 749/749/688
f 946/946/884 749/749/688 945/945/883
f 946/946/884 945/945/883 943/943/881
f 946/946/884 943/943/881 948/948/886
f 946/946/884 948/948/886 949/949/887
f 946/946/884 949/949/887 947/947/885
f 950/950/888 754/754/693 749/749/688
f 950/950/888 749/749/688 947/947/885
f 950/950/888 947/947/885 949/949/887
f 950/950/888 949/949/887 951/951/889
f 950/950/888 951/951/889 755/755/694
f 950/950/888 755/755/694 754/754/693
f 952/952/890 953/953/891 755/755/694
f 952/952/890 755/755/694 951/951/889
f 952/952/890 951/951/889 949/949/887
f 952/952/890 949/949/887 954/954/892
f 952/952/890 954/954/892 955/955/893
f 952/952/890 955/955/893 953/953/891
f 956/956/894 760/760/699 755/755/694
f 956/956/894 755/755/694 953/953/891
f 956/956/894 953/953/891 955/955/893
f 956/956/894 955/955/893 957/957/895
f 956/956/894 957/957/895 761/761/700
f 956/956/894 761/761/700 760/760/699
f 958/958/896 959/959/897 761/761/700
f 958/958/896 761/761/700 957/957/895
f 958/958/896 957/957/895 955/955/893
f 958/958/896 955/955/893 960/960/898
f 958/958/896 960/960/898 961/961/899
f 958/958/896 961/961/899 959/959/897
f 962/962/900 766/766/705 761/761/700
f 962/962/900 761/761/700 959/959/897
f 962/962/900 959/959/897 961/961/899
f 962/962/900 961/961/899 963/963/901
f 962/962/900 963/963/901 767/767/706
f 962/962/900 767/767/706 766/766/705
f 964/964/902 965/965/903 767/767/706
f 964/964/902 767/767/706 963/963/901
f 964/964/902 963/963/901 961/961/899
f 964/964/902 961/961/899 966/966/904
f 964/964/902 966/966/904 967/967/717
f 964/964/902 967/967/717 965/965/903
f 968/968/905 772/772/711 767/767/706
f 968/968/905 767/767/706 965/965/903
f 968/968/905 965/965/903 967/967/717
f 968/968/905 967/967/717 969/969/716
f 968/968/905 969/969/716 773/773/524
f 968/968/905 773/773/524 772/772/711
f 970/970/906 971/971/907 779/779/717
f 970/970/906 779/779/717 972/972/908
f 970/970/906 972/972/908 973/973/909
f 970/970/906 973/973/909 974/974/910
f 970/970/906 974/974/910 975/975/911
f 970/970/906 975/975/911 971/971/907
f 976/976/912 780/780/718 779/779/717
f 976/976/912 779/779/717 971/971/907
f 976/976/912 971/971/907 975/975/911
f 976/976/912 975/975/911 977/977/913
f 976/976/912 977/977/913 781/781/719
f 976/976/912 781/781/719 780/780/718
f 978/978/914 979/979/915 781/781/719
f 978/978/914 781/781/719 977/977/913
f 978/978/914 977/977/913 975/975/911
f 978/978/914 975/975/911 980/980/916
f 978/978/914 980/980/916 981/981/917
f 978/978/914 981/981/917 979/979/915
f 982/982/918 786/786/724 781/781/719
f 982/982/918 781/781/719 979/979/915
f 982/982/918 979/979/915 981/981/917
f 982/982/918 981/981/917 983/983/919
f 982/982/918 983/983/919 787/787/725
f 982/982/918 787/787/725 786/786/724
f 984/984/920 985/985/921 787/787/725
f 984/984/920 787/787/725 983/983/919
f 984/984/920 983/983/919 981/981/917
f 984/984/920 981/981/917 986/986/922
f 984/984/920 986/986/922 987/987/923
f 984/984/920 987/987/923 985/985/921
f 988/988/924 792/792/730 787/787/725
f 988/988/924 787/787/725 985/985/921
f 988/988/924 985/985/921 987/987/923
f 988/988/924 987/987/923 989/989/925
f 988/988/924 989/989/925 793/793/731
f 988/988/924 793/793/731 792/792/730
f 990/990/926 991/991/927 793/793/731
f 990/990/926 793/793/731 989/989/925
f 990/990/926 989/989/925 987/987/923
f 990/990/926 987/987/923 992/992/928
f 990/990/926 992/992/928 993/993/929
f 990/990/926 993/993/929 991/991/927
f 994/994/930 798/798/736 793/793/731
f 994/994/930 793/793/731 991/991/927
f 994/994/930 991/991/927 993/993/929
f 994/994/930 993/993/929 995/995/931
f 994/994/930 995/995/931 799/799/737
f 994/994/930 799/799/737 798/798/736
f 996/996/932 997/997/933 799/799/737
f 996/996/932 799/799/737 995/995/931
f 996/996/932 995/995/931 993/993/929
f 996/996/932 993/993/929 998/998/934
f 996/996/932 998/998/934 999/999/935
f 996/996/932 999/999/935 997/997/933
f 1000/1000/936 804/804/742 799/799/737
f 1000/1000/936 799/799/737 997/997/933
f 1000/1000/936 997/997/933 999/999/935
f 1000/1000/936 999/999/935 1001/1001/937
f 1000/1000/936 1001/1001/937 805/805/743
f 1000/1000/936 805/805/743 804/804/742
f 1002/1002/938 1003/1003/939 805/805/743
f 1002/1002/938 805/805/743 1001/1001/937
f 1002/1002/938 1001/1001/937 999/999/935
f 1002/1002/938 999/999/935 1004/1004/940
f 1002/1002/938 1004/1004/940 1005/1005/941
f 1002/1002/938 1005/1005/941 1003/1003/939
f 1006/1006/942 810/810/748 805/805/743
f 1006/1006/942 805/805/743 1003/1003/939
f 1006/1006/942 1003/1003/939 1005/1005/941
f 1006/1006/942 1005/1005/941 1007/1007/943
f 1006/1006/942 1007/1007/943 811/811/749
f 1006/1006/942 811/811/749 810/810/748
f 1008/1008/944 1009/1009/945 811/811/749
f 1008/1008/944 811/811/749 1007/1007/943
f 1008/1008/944 1007/1007/943 1005/1005/941
f 1008/1008/944 1005/1005/941 1010/1010/946
f 1008/1008/944 1010/1010/946 1011/1011/947
f 1008/1008/944 1011/1011/947 1009/1009/945
f 1012/1012/948 816/816/754 811/811/749
f 1012/1012/948 811/811/749 1009/1009/945
f 1012/1012/948 1009/1009/945 1011/1011/947
f 1012/1012/948 1011/1011/947 1013/1013/949
f 1012/1012/948 1013/1013/949 817/817/755
f 1012/1012/948 817/817/755 816/816/754
f 1014/1014/950 1015/1015/951 817/817/755
f 1014/1014/950 817/817/755 1013/1013/949
f 1014/1014/950 1013/1013/949 1011/1011/947
f 1014/1014/950 1011/1011/947 1016/1016/952
f 1014/1014/950 1016/1016/952 1017/1017/953
f 1014/1014/950 1017/1017/953 1015/1015/951
f 1018/1018/954 822/822/760 817/817/755
f 1018/1018/954 817/817/755 1015/1015/951
f 1018/1018/954 1015/1015/951 1017/1017/953
f 1018/1018/954 1017/1017/953 1019/1019/955
f 1018/1018/954 1019/1019/955 823/823/761
f 1018/1018/954 823/823/761 822/822/760
f 1020/1020/956 1021/1021/957 823/823/761
f 1020/1020/956 823/823/761 1019/1019/955
f 1020/1020/956 1019/1019/955 1017/1017/953
f 1020/1020/956 1017/1017/953 1022/1022/958
f 1020/1020/956 1022/1022/958 1023/1023/959
f 1020/1020/956 1023/1023/959 1021/1021/957
f 1024/1024/960 828/828/766 823/823/761
f 1024/1024/960 823/823/761 1021/1021/957
f 1024/1024/960 1021/1021/957 1023/1023/959
f 1024/1024/960 1023/1023/959 1025/1025/961
f 1024/1024/960 1025/1025/961 829/829/767
f 1024/1024/960 829/829/767 828/828/766
f 1026/1026/962 1027/1027/963 829/829/767
f 1026/1026/962 829/829/767 1025/1025/961
f 1026/1026/962 1025/1025/961 1023/1023/959
f 1026/1026/962 1023/1023/959 1028/1028/964
f 1026/1026/962 1028/1028/964 1029/1029/965
f 1026/1026/962 1029/1029/965 1027/1027/963
f 1030/1030/966 834/834/772 829/829/767
f 1030/1030/966 829/829/767 1027/1027/963
f 1030/1030/966 1027/1027/963 1029/1029/965
f 1030/1030/966 1029/1029/965 1031/1031/967
f 1030/1030/966 1031/1031/967 835/835/773
f 1030/1030/966 835/835/773 834/834/772
f 1032/1032/968 1033/1033/969 835/835/773
f 1032/1032/968 835/835/773 1031/1031/967
f 1032/1032/968 1031/1031/967 1029/1029/965
f 1032/1032/968 1029/1029/965 1034/1034/970
f 1032/1032/968 1034/1034/970 1035/1035/971
f 1032/1032/968 1035/1035/971 1033/1033/969
f 1036/1036/972 840/840/778 835/835/773
f 1036/1036/972 835/835/773 1033/1033/969
f 1036/1036/972 1033/1033/969 1035/1035/971
f 1036/1036/972 1035/1035/971 1037/1037/973
f 1036/1036/972 1037/1037/973 841/841/779
f 1036/1036/972 841/841/779 840/840/778
f 1038/1038/974 1039/1039/975 841/841/779
f 1038/1038/974 841/841/779 1037/1037/973
f 1038/1038/974 1037/1037/973 1035/1035/971
f 1038/1038/974 1035/1035/971 1040/1040/976
f 1038/1038/974 1040/1040/976 1041/1041/977
f 1038/1038/974 1041/1041/977 1039/1039/975
f 1042/1042/978 846/846/784 841/841/779
f 1042/1042/978 841/841/779 1039/1039/975
f 1042/1042/978 1039/1039/975 1041/1041/977
f 1042/1042/978 1041/1041/977 1043/1043/979
f 1042/1042/978 1043/1043/979 847/847/785
f 1042/1042/978 847/847/785 846/846/784
f 1044/1044/980 1045/1045/981 847/847/785
f 1044/1044/980 847/847/785 1043/1043/979
f 1044/1044/980 1043/1043/979 1041/1041/977
f 1044/1044/980 1041/1041/977 1046/1046/982
f 1044/1044/980 1046/1046/982 1047/1047/983
f 1044/1044/980 1047/1047/983 1045/1045/981
f 1048/1048/984 852/852/790 847/847/785
f 1048/1048/984 847/847/785 1045/1045/981
f 1048/1048/984 1045/1045/981 1047/1047/983
f 1048/1048/984 1047/1047/983 1049/1049/985
f 1048/1048/984 1049/1049/985 853/853/791
f 1048/1048/984 853/853/791 852/852/790
f 1050/1050/986 1051/1051/987 853/853/791
f 1050/1050/986 853/853/791 1049/1049/985
f 1050/1050/986 1049/1049/985 1047/1047/983
f 1050/1050/986 1047/1047/983 1052/1052/988
f 1050/1050/986 1052/1052/988 1053/1053/989
f 1050/1050/986 1053/1053/989 1051/1051/987
f 1054/1054/990 858/858/796 853/853/791
f 1054/1054/990 853/853/791 1051/1051/987
f 1054/1054/990 1051/1051/987 1053/1053/989
f 1054/1054/990 1053/1053/989 1055/1055/991
f 1054/1054/990 1055/1055/991 859/859/797
f 1054/1054/990 859/859/797 858/858/796
f 1056/1056/992 1057/1057/993 859/859/797
f 1056/1056/992 859/859/797 1055/1055/991
f 1056/1056/992 1055/1055/991 1053/1053/989
f 1056/1056/992 1053/1053/989 1058/1058/994
f 1056/1056/992 1058/1058/994 1059/1059/995
f 1056/1056/992 1059/1059/995 1057/1057/993
f 1060/1060/996 864/864/802 859/859/797
f 1060/1060/996 859/859/797 1057/1057/993
f 1060/1060/996 1057/1057/993 1059/1059/995
f 1060/1060/996 1059/1059/995 1061/1061/997
f 1060/1060/996 1061/1061/997 865/865/803
f 1060/1060/996 865/865/803 864/864/802
f 1062/1062/998 1063/1063/999 865/865/803
f 1062/1062/998 865/865/803 1061/1061/997
f 1062/1062/998 1061/1061/997 1059/1059/995
f 1062/1062/998 1059/1059/995 1064/1064/1000
f 1062/1062/998 1064/1064/1000 1065/1065/1001
f 1062/1062/998 1065/1065/1001 1063/1063/999
f 1066/1066/1002 870/870/808 865/865/803
f 1066/1066/1002 865/865/803 1063/1063/999
f 1066/1066/1002 1063/1063/999 1065/1065/1001
f 1066/1066/1002 1065/1065/1001 1067/1067/1003
f 1066/1066/1002 1067/1067/1003 871/871/809
f 1066/1066/1002 871/871/809 870/870/808
f 1068/1068/1004 1069/1069/1005 871/871/809
f 1068/1068/1004 871/871/809 1067/1067/1003
f 1068/1068/1004 1067/1067/1003 1065/1065/1001
f 1068/1068/1004 1065/1065/1001 1070/1070/1006
f 1068/1068/1004 1070/1070/1006 1071/1071/1007
f 1068/1068/1004 1071/1071/1007 1069/1069/1005
f 1072/1072/1008 876/876/814 871/871/809
f 1072/1072/1008 871/871/809 1069/1069/1005
f 1072/1072/1008 1069/1069/1005 1071/1071/1007
f 1072/1072/1008 1071/1071/1007 1073/1073/1009
f 1072/1072/1008 1073/1073/1009 877/877/815
f 1072/1072/1008 877/877/815 876/876/814
f 1074/1074/1010 1075/1075/1011 877/877/815
f 1074/1074/1010 877/877/815 1073/1073/1009
f 1074/1074/1010 1073/1073/1009 1071/1071/1007
f 1074/1074/1010 1071/1071/1007 1076/1076/1012
f 1074/1074/1010 1076/1076/1012 1077/1077/1013
f 1074/1074/1010 1077/1077/1013 1075/1075/1011
f 1078/1078/1014 882/882/820 877/877/815
f 1078/1078/1014 877/877/815 1075/1075/1011
f 1078/1078/1014 1075/1075/1011 1077/1077/1013
f 1078/1078/1014 1077/1077/1013 1079/1079/1015
f 1078/1078/1014 1079/1079/1015 883/883/821
f 1078/1078/1014 883/883/821 882/882/820
f 1080/1080/1016 1081/1081/1017 883/883/821
f 1080/1080/1016 883/883/821 1079/1079/1015
f 1080/1080/1016 1079/1079/1015 1077/1077/1013
f 1080/1080/1016 1077/1077/1013 1082/1082/1018
f 1080/1080/1016 1082/1082/1018 1083/1083/1019
f 1080/1080/1016 1083/1083/1019 1081/1081/1017
f 1084/1084/1020 888/888/826 883/883/821
f 1084/1084/1020 883/883/821 1081/1081/1017
f 1084/1084/1020 1081/1081/1017 1083/1083/1019
f 1084/1084/1020 1083/1083/1019 1085/1085/1021
f 1084/1084/1020 1085/1085/1021 889/889/827
f 1084/1084/1020 889/889/827 888/888/826
f 1086/1086/1022 1087/1087/1023 889/889/827
f 1086/1086/1022 889/889/827 1085/1085/1021
f 1086/1086/1022 1085/1085/1021 1083/1083/1019
f 1086/1086/1022 1083/1083/1019 1088/1088/1024
f 1086/1086/1022 1088/1088/1024 1089/1089/1025
f 1086/1086/1022 1089/1089/1025 1087/1087/1023
f 1090/1090/1026 894/894/832 889/889/827
f 1090/1090/1026 889/889/827 1087/1087/1023
f 1090/1090/1026 1087/1087/1023 1089/1089/1025
f 1090/1090/1026 1089/1089/1025 1091/1091/1027
f 1090/1090/1026 1091/1091/1027 895/895/833
f 1090/1090/1026 895/895/833 894/894/832
f 1092/1092/1028 1093/1093/1029 895/895/833
f 1092/1092/1028 895/895/833 1091/1091/1027
f 1092/1092/1028 1091/1091/1027 1089/1089/1025
f 1092/1092/1028 1089/1089/1025 1094/1094/1030
f 1092/1092/1028 1094/1094/1030 1095/1095/1031
f 1092/1092/1028 1095/1095/1031 1093/1093/1029
f 1096/1096/1032 900/900/838 895/895/833
f 1096/1096/1032 895/895/833 1093/1093/1029
f 1096/1096/1032 1093/1093/1029 1095/1095/1031
f 1096/1096/1032 1095/1095/1031 1097/1097/1033
f 1096/1096/1032 1097/1097/1033 901/901/839
f 1096/1096/1032 901/901/839 900/900/838
f 1098/1098/1034 1099/1099/1035 901/901/839
f 1098/1098/1034 901/901/839 1097/1097/1033
f 1098/1098/1034 1097/1097/1033 1095/1095/1031
f 1098/1098/1034 1095/1095/1031 1100/1100/1036
f 1098/1098/1034 1100/1100/1036 1101/1101/1037
f 1098/1098/1034 1101/1101/1037 1099/1099/1035
f 1102/1102/1038 906/906/844 901/901/839
f 1102/1102/1038 901/901/839 1099/1099/1035
f 1102/1102/1038 1099/1099/1035 1101/1101/1037
f 1102/1102/1038 1101/1101/1037 1103/1103/1039
f 1102/1102/1038 1103/1103/1039 907/907/845
f 1102/1102/1038 907/907/845 906/906/844
f 1104/1104/1040 1105/1105/1041 907/907/845
f 1104/1104/1040 907/907/845 1103/1103/1039
f 1104/1104/1040 1103/1103/1039 1101/1101/1037
f 1104/1104/1040 1101/1101/1037 1106/1106/1042
f 1104/1104/1040 1106/1106/1042 1107/1107/1043
f 1104/1104/1040 1107/1107/1043 1105/1105/1041
f 1108/1108/1044 912/912/850 907/907/845
f 1108/1108/1044 907/907/845 1105/1105/1041
f 1108/1108/1044 1105/1105/1041 1107/1107/1043
f 1108/1108/1044 1107/1107/1043 1109/1109/1045
f 1108/1108/1044 1109/1109/1045 913/913/851
f 1108/1108/1044 913/913/851 912/912/850
f 1110/1110/1046 1111/1111/1047 913/913/851
f 1110/1110/1046 913/913/851 1109/1109/1045
f 1110/1110/1046 1109/1109/1045 1107/1107/1043
f 1110/1110/1046 1107/1107/1043 1112/1112/1048
f 1110/1110/1046 1112/1112/1048 1113/1113/1049
f 1110/1110/1046 1113/1113/1049 1111/1111/1047
f 1114/1114/1050 918/918/856 913/913/851
f 1114/1114/1050 913/913/851 1111/1111/1047
f 1114/1114/1050 1111/1111/1047 1113/1113/1049
f 1114/1114/1050 1113/1113/1049 1115/1115/1051
f 1114/1114/1050 1115/1115/1051 919/919/857
f 1114/1114/1050 919/919/857 918/918/856
f 1116/1116/1052 1117/1117/1053 919/919/857
f 1116/1116/1052 919/919/857 1115/1115/1051
f 1116/1116/1052 1115/1115/1051 1113/1113/1049
f 1116/1116/1052 1113/1113/1049 1118/1118/1054
f 1116/1116/1052 1118/1118/1054 1119/1119/1055
f 1116/1116/1052 1119/1119/1055 1117/1117/1053
f 1120/1120/1056 924/924/862 919/919/857
f 1120/1120/1056 919/919/857 1117/1117/1053
f 1120/1120/1056 1117/1117/1053 1119/1119/1055
f 1120/1120/1056 1119/1119/1055 1121/1121/1057
f 1120/1120/1056 1121/1121/1057 925/925/863
f 1120/1120/1056 925/925/863 924/924/862
f 1122/1122/1058 1123/1123/1059 925/925/863
f 1122/1122/1058 925/925/863 1121/1121/1057
f 1122/1122/1058 1121/1121/1057 1119/1119/1055
f 1122/1122/1058 1119/1119/1055 1124/1124/1060
f 1122/1122/1058 1124/1124/1060 1125/1125/1061
f 1122/1122/1058 1125/1125/1061 1123/1123/1059
f 1126/1126/1062 930/930/868 925/925/863
f 1126/1126/1062 925/925/863 1123/1123/1059
f 1126/1126/1062 1123/1123/1059 1125/1125/1061
f 1126/1126/1062 1125/1125/1061 1127/1127/1063
f 1126/1126/1062 1127/1127/1063 931/931/869
f 1126/1126/1062 931/931/869 930/930/868
f 1128/1128/1064 1129/1129/1065 931/931/869
f 1128/1128/1064 931/931/869 1127/1127/1063
f 1128/1128/1064 1127/1127/1063 1125/1125/1061
f 1128/1128/1064 1125/1125/1061 1130/1130/1066
f 1128/1128/1064 1130/1130/1066 1131/1131/1067
f 1128/1128/1064 1131/1131/1067 1129/1129/1065
f 1132/1132/1068 936/936/874 931/931/869
f 1132/1132/1068 931/931/869 1129/1129/1065
f 1132/1132/1068 1129/1129/1065 1131/1131/1067
f 1132/1132/1068 1131/1131/1067 1133/1133/1069
f 1132/1132/1068 1133/1133/1069 937/937/875
f 1132/1132/1068 937/937/875 936/936/874
f 1134/1134/1070 1135/1135/1071 937/937/875
f 1134/1134/1070 937/937/875 1133/1133/1069
f 1134/1134/1070 1133/1133/1069 1131/1131/1067
f 1134/1134/1070 1131/1131/1067 1136/1136/1072
f 1134/1134/1070 1136/1136/1072 1137/1137/1073
f 1134/1134/1070 1137/1137/1073 1135/1135/1071
f 1138/1138/1074 942/942/880 937/937/875
f 1138/1138/1074 937/937/875 1135/1135/1071
f 1138/1138/1074 1135/1135/1071 1137/1137/1073
f 1138/1138/1074 1137/1137/1073 1139/1139/1075
f 1138/1138/1074 1139/1139/1075 943/943/881
f 1138/1138/1074 943/943/881 942/942/880
f 1140/1140/1076 1141/1141/1077 943/943/881
f 1140/1140/1076 943/943/881 1139/1139/1075
f 1140/1140/1076 1139/1139/1075 1137/1137/1073
f 1140/1140/1076 1137/1137/1073 1142/1142/1078
f 1140/1140/1076 1142/1142/1078 1143/1143/1079
f 1140/1140/1076 1143/1143/1079 1141/1141/1077
f 1144/1144/1080 948/948/886 943/943/881
f 1144/1144/1080 943/943/881 1141/1141/1077
f 1144/1144/1080 1141/1141/1077 1143/1143/1079
f 1144/1144/1080 1143/1143/1079 1145/1145/1081
f 1144/1144/1080 1145/1145/1081 949/949/887
f 1144/1144/1080 949/949/887 948/948/886
f 1146/1146/1082 1147/1147/1083 949/949/887
f 1146/1146/1082 949/949/887 1145/1145/1081
f 1146/1146/1082 1145/1145/1081 1143/1143/1079
f 1146/1146/1082 1143/1143/1079 1148/1148/1084
f 1146/1146/1082 1148/1148/1084 1149/1149/1085
f 1146/1146/1082 1149/1149/1085 1147/1147/1083
f 1150/1150/1086 954/954/892 949/949/887
f 1150/1150/1086 949/949/887 1147/1147/1083
f 1150/1150/1086 1147/1147/1083 1149/1149/1085
f 1150/1150/1086 1149/1149/1085 1151/1151/1087
f 1150/1150/1086 1151/1151/1087 955/955/893
f 1150/1150/1086 955/955/893 954/954/892
f 1152/1152/1088 1153/1153/1089 955/955/893
f 1152/1152/1088 955/955/893 1151/1151/1087
f 1152/1152/1088 1151/1151/1087 1149/1149/1085
f 1152/1152/1088 1149/1149/1085 1154/1154/1090
f 1152/1152/1088 1154/1154/1090 1155/1155/1091
f 1152/1152/1088 1155/1155/1091 1153/1153/1089
f 1156/1156/1092 960/960/898 955/955/893
f 1156/1156/1092 955/955/893 1153/1153/1089
f 1156/1156/1092 1153/1153/1089 1155/1155/1091
f 1156/1156/1092 1155/1155/1091 1157/1157/1093
f 1156/1156/1092 1157/1157/1093 961/961/899
f 1156/1156/1092 961/961/899 960/960/898
f 1158/1158/1094 1159/1159/1095 961/961/899
f 1158/1158/1094 961/961/899 1157/1157/1093
f 1158/1158/1094 1157/1157/1093 1155/1155/1091
f 1158/1158/1094 1155/1155/1091 1160/1160/1096
f 1158/1158/1094 1160/1160/1096 1161/1161/909
f 1158/1158/1094 1161/1161/909 1159/1159/1095
f 1162/1162/1097 966/966/904 961/961/899
f 1162/1162/1097 961/961/899 1159/1159/1095
f 1162/1162/1097 1159/1159/1095 1161/1161/909
f 1162/1162/1097 1161/1161/909 1163/1163/908
f 1162/1162/1097 1163/1163/908 967/967/717
f 1162/1162/1097 967/967/717 966/966/904
f 1164/1164/1098 1165/1165/1099 973/973/909
f 1164/1164/1098 973/973/909 1166/1166/1100
f 1164/1164/1098 1166/1166/1100 1167/1167/1101
f 1164/1164/1098 1167/1167/1101 1168/1168/1102
f 1164/1164/1098 1168/1168/1102 1169/1169/1103
f 1164/1164/1098 1169/1169/1103 1165/1165/1099
f 1170/1170/1104 974/974/910 973/973/909
f 1170/1170/1104 973/973/909 1165/1165/1099
f 1170/1170/1104 1165/1165/1099 1169/1169/1103
f 1170/1170/1104 1169/1169/1103 1171/1171/1105
f 1170/1170/1104 1171/1171/1105 975/975/911
f 1170/1170/1104 975/975/911 974/974/910
f 1172/1172/1106 1173/1173/1107 975/975/911
f 1172/1172/1106 975/975/911 1171/1171/1105
f 1172/1172/1106 1171/1171/1105 1169/1169/1103
f 1172/1172/1106 1169/1169/1103 1174/1174/1108
f 1172/1172/1106 1174/1174/1108 1175/1175/1109
f 1172/1172/1106 1175/1175/1109 1173/1173/1107
f 1176/1176/1110 980/980/916 975/975/911
f 1176/1176/1110 975/975/911 1173/1173/1107
f 1176/1176/1110 1173/1173/1107 1175/1175/1109
f 1176/1176/1110 1175/1175/1109 1177/1177/1111
f 1176/1176/1110 1177/1177/1111 981/981/917
f 1176/1176/1110 981/981/917 980/980/916
f 1178/1178/1112 1179/1179/1113 981/981/917
f 1178/1178/1112 981/981/917 1177/1177/1111
f 1178/1178/1112 1177/1177/1111 1175/1175/1109
f 1178/1178/1112 1175/1175/1109 1180/1180/1114
f 1178/1178/1112 1180/1180/1114 1181/1181/1115
f 1178/1178/1112 1181/1181/1115 1179/1179/1113
f 1182/1182/1116 986/986/922 981/981/917
f 1182/1182/1116 981/981/917 1179/1179/1113
f 1182/1182/1116 1179/1179/1113 1181/1181/1115
f 1182/1182/1116 1181/1181/1115 1183/1183/1117
f 1182/1182/1116 1183/1183/1117 987/987/923
f 1182/1182/1116 987/987/923 986/986/922
f 1184/1184/1118 1185/1185/1119 987/987/923
f 1184/1184/1118 987/987/923 1183/1183/1117
f 1184/1184/1118 1183/1183/1117 1181/1181/1115
f 1184/1184/1118 1181/1181/1115 1186/1186/1120
f 1184/1184/1118 1186/1186/1120 1187/1187/1121
f 1184/1184/1118 1187/1187/1121 1185/1185/1119
f 1188/1188/1122 992/992/928 987/987/923
f 1188/1188/1122 987/987/923 1185/1185/1119
f 1188/1188/1122 1185/1185/1119 1187/1187/1121
f 1188/1188/1122 1187/1187/1121 1189/1189/1123
f 1188/1188/1122 1189/1189/1123 993/993/929
f 1188/1188/1122 993/993/929 992/992/928
f 1190/1190/1124 1191/1191/1125 993/993/929
f 1190/1190/1124 993/993/929 1189/1189/1123
f 1190/1190/1124 1189/1189/1123 1187/1187/1121
f 1190/1190/1124 1187/1187/1121 1192/1192/1126
f 1190/1190/1124 1192/1192/1126 1193/1193/1127
f 1190/1190/1124 1193/1193/1127 1191/1191/1125
f 1194/1194/1128 998/998/934 993/993/929
f 1194/1194/1128 993/993/929 1191/1191/1125
f 1194/1194/1128 1191/1191/1125 1193/1193/1127
f 1194/1194/1128 1193/1193/1127 1195/1195/1129
f 1194/1194/1128 1195/1195/1129 999/999/935
f 1194/1194/1128 999/999/935 998/998/934
f 1196/1196/1130 1197/1197/1131 999/999/935
f 1196/1196/1130 999/999/935 1195/1195/1129
f 1196/1196/1130 1195/1195/1129 1193/1193/1127
f 1196/1196/1130 1193/1193/1127 1198/1198/1132
f 1196/1196/1130 1198/1198/1132 1199/1199/1133
f 1196/1196/1130 1199/1199/1133 1197/1197/1131
f 1200/1200/1134 1004/1004/940 999/999/935
f 1200/1200/1134 999/999/935 1197/1197/1131
f 1200/1200/1134 1197/1197/1131 1199/1199/1133
f 1200/1200/1134 1199/1199/1133 1201/1201/1135
f 1200/1200/1134 1201/1201/1135 1005/1005/941
f 1200/1200/1134 1005/1005/941 1004/1004/940
f 1202/1202/1136 1203/1203/1137 1005/1005/941
f 1202/1202/1136 1005/1005/941 1201/1201/1135
f 1202/1202/1136 1201/1201/1135 1199/1199/1133
f 1202/1202/1136 1199/1199/1133 1204/1204/1138
f 1202/1202/1136 1204/1204/1138 1205/1205/1139
f 1202/1202/1136 1205/1205/1139 1203/1203/1137
f 1206/1206/1140 1010/1010/946 1005/1005/941
f 1206/1206/1140 1005/1005/941 1203/1203/1137
f 1206/1206/1140 1203/1203/1137 1205/1205/1139
f 1206/1206/1140 1205/1205/1139 1207/1207/1141
f 1206/1206/1140 1207/1207/1141 1011/1011/947
f 1206/1206/1140 1011/1011/947 1010/1010/946
f 1208/1208/1142 1209/1209/1143 1011/1011/947
f 1208/1208/1142 1011/1011/947 1207/1207/1141
f 1208/1208/1142 1207/1207/1141 1205/1205/1139
f 1208/1208/1142 1205/1205/1139 1210/1210/1144
f 1208/1208/1142 1210/1210/1144 1211/1211/1145
f 1208/1208/1142 1211/1211/1145 1209/1209/1143
f 1212/1212/1146 1016/1016/952 1011/1011/947
f 1212/1212/1146 1011/1011/947 1209/1209/1143
f 1212/1212/1146 1209/1209/1143 1211/1211/1145
f 1212/1212/1146 1211/1211/1145 1213/1213/1147
f 1212/1212/1146 1213/1213/1147 1017/1017/953
f 1212/1212/1146 1017/1017/953 1016/1016/952
f 1214/1214/1148 1215/1215/1149 1017/1017/953
f 1214/1214/1148 1017/1017/953 1213/1213/1147
f 1214/1214/1148 1213/1213/1147 1211/1211/1145
f 1214/1214/1148 1211/1211/1145 1216/1216/1150
f 1214/1214/1148 1216/1216/1150 1217/1217/1151
f 1214/1214/1148 1217/1217/1151 1215/1215/1149
f 1218/1218/1152 1022/1022/958 1017/1017/953
f 1218/1218/1152 1017/1017/953 1215/1215/1149
f 1218/1218/1152 1215/1215/1149 1217/1217/1151
f 1218/1218/1152 1217/1217/1151 1219/1219/1153
f 1218/1218/1152 1219/1219/1153 1023/1023/959
f 1218/1218/1152 1023/1023/959 1022/1022/958
f 1220/1220/1154 1221/1221/1155 1023/1023/959
f 1220/1220/1154 1023/1023/959 1219/1219/1153
f 1220/1220/1154 1219/1219/1153 1217/1217/1151
f 1220/1220/1154 1217/1217/1151 1222/1222/1156
f 1220/1220/1154 1222/1222/1156 1223/1223/1157
f 1220/1220/1154 1223/1223/1157 1221/1221/1155
f 1224/1224/1158 1028/1028/964 1023/1023/959
f 1224/1224/1158 1023/1023/959 1221/1221/1155
f 1224/1224/1158 1221/1221/1155 1223/1223/1157
f 1224/1224/1158 1223/1223/1157 1225/1225/1159
f 1224/1224/1158 1225/1225/1159 1029/1029/965
f 1224/1224/1158 1029/1029/965 1028/1028/964
f 1226/1226/1160 1227/1227/1161 1029/1029/965
f 1226/1226/1160 1029/1029/965 1225/1225/1159
f 1226/1226/1160 1225/1225/1159 1223/1223/1157
f 1226/1226/1160 1223/1223/1157 1228/1228/1162
f 1226/1226/1160 1228/1228/1162 1229/1229/1163
f 1226/1226/1160 1229/1229/1163 1227/1227/1161
f 1230/1230/1164 1034/1034/970 1029/1029/965
f 1230/1230/1164 1029/1029/965 1227/1227/1161
f 1230/1230/1164 1227/1227/1161 1229/1229/1163
f 1230/1230/1164 1229/1229/1163 1231/1231/1165
f 1230/1230/1164 1231/1231/1165 1035/1035/971
f 1230/1230/1164 1035/1035/971 1034/1034/970
f 1232/1232/1166 1233/1233/1167 1035/1035/971
f 1232/1232/1166 1035/1035/971 1231/1231/1165
f 1232/1232/1166 1231/1231/1165 1229/1229/1163
f 1232/1232/1166 1229/1229/1163 1234/1234/1168
f 1232/1232/1166 1234/1234/1168 1235/1235/1169
f 1232/1232/1166 1235/1235/1169 1233/1233/1167
f 1236/1236/1170 1040/1040/976 1035/1035/971
f 1236/1236/1170 1035/1035/971 1233/1233/1167
f 1236/1236/1170 1233/1233/1167 1235/1235/1169
f 1236/1236/1170 1235/1235/1169 1237/1237/1171
f 1236/1236/1170 1237/1237/1171 1041/1041/977
f 1236/1236/1170 1041/1041/977 1040/1040/976
f 1238/1238/1172 1239/1239/1173 1041/1041/977
f 1238/1238/1172 1041/1041/977 1237/1237/1171
f 1238/1238/1172 1237/1237/1171 1235/1235/1169
f 1238/1238/1172 1235/1235/1169 1240/1240/1174
f 1238/1238/1172 1240/1240/1174 1241/1241/1175
f 1238/1238/1172 1241/1241/1175 1239/1239/1173
f 1242/1242/1176 1046/1046/982 1041/1041/977
f 1242/1242/1176 1041/1041/977 1239/1239/1173
f 1242/1242/1176 1239/1239/1173 1241/1241/1175
f 1242/1242/1176 1241/1241/1175 1243/1243/1177
f 1242/1242/1176 1243/1243/1177 1047/1047/983
f 1242/1242/1176 1047/1047/983 1046/1046/982
f 1244/1244/1178 1245/1245/1179 1047/1047/983
f 1244/1244/1178 1047/1047/983 1243/1243/1177
f 1244/1244/1178 1243/1243/1177 1241/1241/1175
f 1244/1244/1178 1241/1241/1175 1246/1246/1180
f 1244/1244/1178 1246/1246/1180 1247/1247/1181
f 1244/1244/1178 1247/1247/1181 1245/1245/1179
f 1248/1248/1182 1052/1052/988 1047/1047/983
f 1248/1248/1182 1047/1047/983 1245/1245/1179
f 1248/1248/1182 1245/1245/1179 1247/1247/1181
f 1248/1248/1182 1247/1247/1181 1249/1249/1183
f 1248/1248/1182 1249/1249/1183 1053/1053/989
f 1248/1248/1182 1053/1053/989 1052/1052/988
f 1250/1250/1184 1251/1251/1185 1053/1053/989
f 1250/1250/1184 1053/1053/989 1249/1249/1183
f 1250/1250/1184 1249/1249/1183 1247/1247/1181
f 1250/1250/1184 1247/1247/1181 1252/1252/1186
f 1250/1250/1184 1252/1252/1186 1253/1253/1187
f 1250/1250/1184 1253/1253/1187 1251/1251/1185
f 1254/1254/1188 1058/1058/994 1053/1053/989
f 1254/1254/1188 1053/1053/989 1251/1251/1185
f 1254/1254/1188 1251/1251/1185 1253/1253/1187
f 1254/1254/1188 1253/1253/1187 1255/1255/1189
f 1254/1254/1188 1255/1255/1189 1059/1059/995
f 1254/1254/1188 1059/1059/995 1058/1058/994
f 1256/1256/1190 1257/1257/1191 1059/1059/995
f 1256/1256/1190 1059/1059/995 1255/1255/1189
f 1256/1256/1190 1255/1255/1189 1253/1253/1187
f 1256/1256/1190 1253/1253/1187 1258/1258/1192
f 1256/1256/1190 1258/1258/1192 1259/1259/1193
f 1256/1256/1190 1259/1259/1193 1257/1257/1191
f 1260/1260/1194 1064/1064/1000 1059/1059/995
f 1260/1260/1194 1059/1059/995 1257/1257/1191
f 1260/1260/1194 1257/1257/1191 1259/1259/1193
f 1260/1260/1194 1259/1259/1193 1261/1261/1195
f 1260/1260/1194 1261/1261/1195 1065/1065/1001
f 1260/1260/1194 1065/1065/1001 1064/1064/1000
f 1262/1262/1196 1263/1263/1197 1065/1065/1001
f 1262/1262/1196 1065/1065/1001 1261/1261/1195
f 1262/1262/1196 1261/1261/1195 1259/1259/1193
f 1262/1262/1196 1259/1259/1193 1264/1264/1198
f 1262/1262/1196 1264/1264/1198 1265/1265/1199
f 1262/1262/1196 1265/1265/1199 1263/1263/1197
f 1266/1266/1200 1070/1070/1006 1065/1065/1001
f 1266/1266/1200 1065/1065/1001 1263/1263/1197
f 1266/1266/1200 1263/1263/1197 1265/1265/1199
f 1266/1266/1200 1265/1265/1199 1267/1267/1201
f 1266/1266/1200 1267/1267/1201 1071/1071/1007
f 1266/1266/1200 1071/1071/1007 1070/1070/1006
f 1268/1268/1202 1269/1269/1203 1071/1071/1007
f 1268/1268/1202 1071/1071/1007 1267/1267/1201
f 1268/1268/1202 1267/1267/1201 1265/1265/1199
f 1268/1268/1202 1265/1265/1199 1270/1270/1204
f 1268/1268/1202 1270/1270/1204 1271/1271/1205
f 1268/1268/1202 1271/1271/1205 1269/1269/1203
f 1272/1272/1206 1076/1076/1012 1071/1071/1007
f 1272/1272/1206 1071/1071/1007 1269/1269/1203
f 1272/1272/1206 1269/1269/1203 1271/1271/1205
f 1272/1272/1206 1271/1271/1205 1273/1273/1207
f 1272/1272/1206 1273/1273/1207 1077/1077/1013
f 1272/1272/1206 1077/1077/1013 1076/1076/1012
f 1274/1274/1208 1275/1275/1209 1077/1077/1013
f 1274/1274/1208 1077/1077/1013 1273/1273/1207
f 1274/1274/1208 1273/1273/1207 1271/1271/1205
f 1274/1274/1208 1271/1271/1205 1276/1276/1210
f 1274/1274/1208 1276/1276/1210 1277/1277/1211
f 1274/1274/1208 1277/1277/1211 1275/1275/1209
f 1278/1278/1212 1082/1082/1018 1077/1077/1013
f 1278/1278/1212 1077/1077/1013 1275/1275/1209
f 1278/1278/1212 1275/1275/1209 1277/1277/1211
f 1278/1278/1212 1277/1277/1211 1279/1279/1213
f 1278/1278/1212 1279/1279/1213 1083/1083/1019
f 1278/1278/1212 1083/1083/1019 1082/1082/1018
f 1280/1280/1214 1281/1281/1215 1083/1083/1019
f 1280/1280/1214 1083/1083/1019 1279/1279/1213
f 1280/1280/1214 1279/1279/1213 1277/1277/1211
f 1280/1280/1214 1277/1277/1211 1282/1282/1216
f 1280/1280/1214 1282/1282/1216 1283/1283/1217
f 1280/1280/1214 1283/1283/1217 1281/1281/1215
f 1284/1284/1218 1088/1088/1024 1083/1083/1019
f 1284/1284/1218 1083/1083/1019 1281/1281/1215
f 1284/1284/1218 1281/1281/1215 1283/1283/1217
f 1284/1284/1218 1283/1283/1217 1285/1285/1219
f 1284/1284/1218 1285/1285/1219 1089/1089/1025
f 1284/1284/1218 1089/1089/1025 1088/1088/1024
f 1286/1286/1220 1287/1287/1221 1089/1089/1025
f 1286/1286/1220 1089/1089/1025 1285/1285/1219
f 1286/1286/1220 1285/1285/1219 1283/1283/1217
f 1286/1286/1220 1283/1283/1217 1288/1288/1222
f 1286/1286/1220 1288/1288/1222 1289/1289/1223
f 1286/1286/1220 1289/1289/1223 1287/1287/1221
f 1290/1290/1224 1094/1094/1030 1089/1089/1025
f 1290/1290/1224 1089/1089/1025 1287/1287/1221
f 1290/1290/1224 1287/1287/1221 1289/1289/1223
f 1290/1290/1224 1289/1289/1223 1291/1291/1225
f 1290/1290/1224 1291/1291/1225 1095/1095/1031
f 1290/1290/1224 1095/1095/1031 1094/1094/1030
f 1292/1292/1226 1293/1293/1227 1095/1095/1031
f 1292/1292/1226 1095/1095/1031 1291/1291/1225
f 1292/1292/1226 1291/1291/1225 1289/1289/1223
f 1292/1292/1226 1289/1289/1223 1294/1294/1228
f 1292/1292/1226 1294/1294/1228 1295/1295/1229
f 1292/1292/1226 1295/1295/1229 1293/1293/1227
f 1296/1296/1230 1100/1100/1036 1095/1095/1031
f 1296/1296/1230 1095/1095/1031 1293/1293/1227
f 1296/1296/1230 1293/1293/1227 1295/1295/1229
f 1296/1296/1230 1295/1295/1229 1297/1297/1231
f 1296/1296/1230 1297/1297/1231 1101/1101/1037
f 1296/1296/1230 1101/1101/1037 1100/1100/1036
f 1298/1298/1232 1299/1299/1233 1101/1101/1037
f 1298/1298/1232 1101/1101/1037 1297/1297/1231
f 1298/1298/1232 1297/1297/1231 1295/1295/1229
f 1298/1298/1232 1295/1295/1229 1300/1300/1234
f 1298/1298/1232 1300/1300/1234 1301/1301/1235
f 1298/1298/1232 1301/1301/1235 1299/1299/1233
f 1302/1302/1236 1106/1106/1042 1101/1101/1037
f 1302/1302/1236 1101/1101/1037 1299/1299/1233
f 1302/1302/1236 1299/1299/1233 1301/1301/1235
f 1302/1302/1236 1301/1301/1235 1303/1303/1237
f 1302/1302/1236 1303/1303/1237 1107/1107/1043
f 1302/1302/1236 1107/1107/1043 1106/1106/1042
f 1304/1304/1238 1305/1305/1239 1107/1107/1043
f 1304/1304/1238 1107/1107/1043 1303/1303/1237
f 1304/1304/1238 1303/1303/1237 1301/1301/1235
f 1304/1304/1238 1301/1301/1235 1306/1306/1240
f 1304/1304/1238 1306/1306/1240 1307/1307/1241
f 1304/1304/1238 1307/1307/1241 1305/1305/1239
f 1308/1308/1242 1112/1112/1048 1107/1107/1043
f 1308/1308/1242 1107/1107/1043 1305/1305/1239
f 1308/1308/1242 1305/1305/1239 1307/1307/1241
f 1308/1308/1242 1307/1307/1241 1309/1309/1243
f 1308/1308/1242 1309/1309/1243 1113/1113/1049
f 1308/1308/1242 1113/1113/1049 1112/1112/1048
f 1310/1310/1244 1311/1311/1245 1113/1113/1049
f 1310/1310/1244 1113/1113/1049 1309/1309/1243
f 1310/1310/1244 1309/1309/1243 1307/1307/1241
f 1310/1310/1244 1307/1307/1241 1312/1312/1246
f 1310/1310/1244 1312/1312/1246 1313/1313/1247
f 1310/1310/1244 1313/1313/1247 1311/1311/1245
f 1314/1314/1248 1118/1118/1054 1113/1113/1049
f 1314/1314/1248 1113/1113/1049 1311/1311/1245
f 1314/1314/1248 1311/1311/1245 1313/1313/1247
f 1314/1314/1248 1313/1313/1247 1315/1315/1249
f 1314/1314/1248 1315/1315/1249 1119/1119/1055
f 1314/1314/1248 1119/1119/1055 1118/1118/1054
f 1316/1316/1250 1317/1317/1251 1119/1119/1055
f 1316/1316/1250 1119/1119/1055 1315/1315/1249
f 1316/1316/1250 1315/1315/1249 1313/1313/1247
f 1316/1316/1250 1313/1313/1247 1318/1318/1252
f 1316/1316/1250 1318/1318/1252 1319/1319/1253
f 1316/1316/1250 1319/1319/1253 1317/1317/1251
f 1320/1320/1254 1124/1124/1060 1119/1119/1055
f 1320/1320/1254 1119/1119/1055 1317/1317/1251
f 1320/1320/1254 1317/1317/1251 1319/1319/1253
f 1320/1320/1254 1319/1319/1253 1321/1321/1255
f 1320/1320/1254 1321/1321/1255 1125/1125/1061
f 1320/1320/1254 1125/1125/1061 1124/1124/1060
f 1322/1322/1256 1323/1323/1257 1125/1125/1061
f 1322/1322/1256 1125/1125/1061 1321/1321/1255
f 1322/1322/1256 1321/1321/1255 1319/1319/1253
f 1322/1322/1256 1319/1319/1253 1324/1324/1258
f 1322/1322/1256 1324/1324/1258 1325/1325/1259
f 1322/1322/1256 1325/1325/1259 1323/1323/1257
f 1326/1326/1260 1130/1130/1066 1125/1125/1061
f 1326/1326/1260 1125/1125/1061 1323/1323/1257
f 1326/1326/1260 1323/1323/1257 1325/1325/1259
f 1326/1326/1260 1325/1325/1259 1327/1327/1261
f 1326/1326/1260 1327/1327/1261 1131/1131/1067
f 1326/1326/1260 1131/1131/1067 1130/1130/1066
f 1328/1328/1262 1329/1329/1263 1131/1131/1067
f 1328/1328/1262 1131/1131/1067 1327/1327/1261
f 1328/1328/1262 1327/1327/1261 1325/1325/1259
f 1328/1328/1262 1325/1325/1259 1330/1330/1264
f 1328/1328/1262 1330/1330/1264 1331/1331/1265
f 1328/1328/1262 1331/1331/1265 1329/1329/1263
f 1332/1332/1266 1136/1136/1072 1131/1131/1067
f 1332/1332/1266 1131/1131/1067 1329/1329/1263
f 1332/1332/1266 1329/1329/1263 1331/1331/1265
f 1332/1332/1266 1331/1331/1265 1333/1333/1267
f 1332/1332/1266 1333/1333/1267 1137/1137/1073
f 1332/1332/1266 1137/1137/1073 1136/1136/1072
f 1334/1334/1268 1335/1335/1269 1137/1137/1073
f 1334/1334/1268 1137/1137/1073 1333/1333/1267
f 1334/1334/1268 1333/1333/1267 1331/1331/1265
f 1334/1334/1268 1331/1331/1265 1336/1336/1270
f 1334/1334/1268 1336/1336/1270 1337/1337/1271
f 1334/1334/1268 1337/1337/1271 1335/1335/1269
f 1338/1338/1272 1142/1142/1078 1137/1137/1073
f 1338/1338/1272 1137/1137/1073 1335/1335/1269
f 1338/1338/1272 1335/1335/1269 1337/1337/1271
f 1338/1338/1272 1337/1337/1271 1339/1339/1273
f 1338/1338/1272 1339/1339/1273 1143/1143/1079
f 1338/1338/1272 1143/1143/1079 1142/1142/1078
f 1340/1340/1274 1341/1341/1275 1143/1143/1079
f 1340/1340/1274 1143/1143/1079 1339/1339/1273
f 1340/1340/1274 1339/1339/1273 1337/1337/1271
f 1340/1340/1274 1337/1337/1271 1342/1342/1276
f 1340/1340/1274 1342/1342/1276 1343/1343/1277
f 1340/1340/1274 1343/1343/1277 1341/1341/1275
f 1344/1344/1278 1148/1148/1084 1143/1143/1079
f 1344/1344/1278 1143/1143/1079 1341/1341/1275
f 1344/1344/1278 1341/1341/1275 1343/1343/1277
f 1344/1344/1278 1343/1343/1277 1345/1345/1279
f 1344/1344/1278 1345/1345/1279 1149/1149/1085
f 1344/1344/1278 1149/1149/1085 1148/1148/1084
f 1346/1346/1280 1347/1347/1281 1149/1149/1085
f 1346/1346/1280 1149/1149/1085 1345/1345/1279
f 1346/1346/1280 1345/1345/1279 1343/1343/1277
f 1346/1346/1280 1343/1343/1277 1348/1348/1282
f 1346/1346/1280 1348/1348/1282 1349/1349/1283
f 1346/1346/1280 1349/1349/1283 1347/1347/1281
f 1350/1350/1284 1154/1154/1090 1149/1149/1085
f 1350/1350/1284 1149/1149/1085 1347/1347/1281
f 1350/1350/1284 1347/1347/1281 1349/1349/1283
f 1350/1350/1284 1349/1349/1283 1351/1351/1285
f 1350/1350/1284 1351/1351/1285 1155/1155/1091
f 1350/1350/1284 1155/1155/1091 1154/1154/1090
f 1352/1352/1286 1353/1353/1287 1155/1155/1091
f 1352/1352/1286 1155/1155/1091 1351/1351/1285
f 1352/1352/1286 1351/1351/1285 1349/1349/1283
f 1352/1352/1286 1349/1349/1283 1354/1354/1288
f 1352/1352/1286 1354/1354/1288 1355/1355/1101
f 1352/1352/1286 1355/1355/1101 1353/1353/1287
f 1356/1356/1289 1160/1160/1096 1155/1155/1091
f 1356/1356/1289 1155/1155/1091 1353/1353/1287
f 1356/1356/1289 1353/1353/1287 1355/1355/1101
f 1356/1356/1289 1355/1355/1101 1357/1357/1290
f 1356/1356/1289 1357/1357/1290 1161/1161/909
f 1356/1356/1289 1161/1161/909 1160/1160/1096
f 1358/1358/1291 1359/1359/1292 1167/1167/1101
f 1358/1358/1291 1167/1167/1101 1360/1360/1293
f 1358/1358/1291 1360/1360/1293 1361/1361/1294
f 1358/1358/1291 1361/1361/1294 1362/1362/1295
f 1358/1358/1291 1362/1362/1295 1363/1363/1296
f 1358/1358/1291 1363/1363/1296 1359/1359/1292
f 1364/1364/1297 1168/1168/1102 1167/1167/1101
f 1364/1364/1297 1167/1167/1101 1359/1359/1292
f 1364/1364/1297 1359/1359/1292 1363/1363/1296
f 1364/1364/1297 1363/1363/1296 1365/1365/1298
f 1364/1364/1297 1365/1365/1298 1169/1169/1103
f 1364/1364/1297 1169/1169/1103 1168/1168/1102
f 1366/1366/1299 1367/1367/1300 1169/1169/1103
f 1366/1366/1299 1169/1169/1103 1365/1365/1298
f 1366/1366/1299 1365/1365/1298 1363/1363/1296
f 1366/1366/1299 1363/1363/1296 1368/1368/1301
f 1366/1366/1299 1368/1368/1301 1369/1369/1302
f 1366/1366/1299 1369/1369/1302 1367/1367/1300
f 1370/1370/1303 1174/1174/1108 1169/1169/1103
f 1370/1370/1303 1169/1169/1103 1367/1367/1300
f 1370/1370/1303 1367/1367/1300 1369/1369/1302
f 1370/1370/1303 1369/1369/1302 1371/1371/1304
f 1370/1370/1303 1371/1371/1304 1175/1175/1109
f 1370/1370/1303 1175/1175/1109 1174/1174/1108
f 1372/1372/1305 1373/1373/1306 1175/1175/1109
f 1372/1372/1305 1175/1175/1109 1371/1371/1304
f 1372/1372/1305 1371/1371/1304 1369/1369/1302
f 1372/1372/1305 1369/1369/1302 1374/1374/1307
f 1372/1372/1305 1374/1374/1307 1375/1375/1308
f 1372/1372/1305 1375/1375/1308 1373/1373/1306
f 1376/1376/1309 1180/1180/1114 1175/1175/1109
f 1376/1376/1309 1175/1175/1109 1373/1373/1306
f 1376/1376/1309 1373/1373/1306 1375/1375/1308
f 1376/1376/1309 1375/1375/1308 1377/1377/1310
f 1376/1376/1309 1377/1377/1310 1181/1181/1115
f 1376/1376/1309 1181/1181/1115 1180/1180/1114
f 1378/1378/1311 1379/1379/1312 1181/1181/1115
f 1378/1378/1311 1181/1181/1115 1377/1377/1310
f 1378/1378/1311 1377/1377/1310 1375/1375/1308
f 1378/1378/1311 1375/1375/1308 1380/1380/1313
f 1378/1378/1311 1380/1380/1313 1381/1381/1314
f 1378/1378/1311 1381/1381/1314 1379/1379/1312
f 1382/1382/1315 1186/1186/1120 1181/1181/1115
f 1382/1382/1315 1181/1181/1115 1379/1379/1312
f 1382/1382/1315 1379/1379/1312 1381/1381/1314
f 1382/1382/1315 1381/1381/1314 1383/1383/1316
f 1382/1382/1315 1383/1383/1316 1187/1187/1121
f 1382/1382/1315 1187/1187/1121 1186/1186/1120
f 1384/1384/1317 1385/1385/1318 1187/1187/1121
f 1384/1384/1317 1187/1187/1121 1383/1383/1316
f 1384/1384/1317 1383/1383/1316 1381/1381/1314
f 1384/1384/1317 1381/1381/1314 1386/1386/1319
f 1384/1384/1317 1386/1386/1319 1387/1387/1320
f 1384/1384/1317 1387/1387/1320 1385/1385/1318
f 1388/1388/1321 1192/1192/1126 1187/1187/1121
f 1388/1388/1321 1187/1187/1121 1385/1385/1318
f 1388/1388/1321 1385/1385/1318 1387/1387/1320
f 1388/1388/1321 1387/1387/1320 1389/1389/1322
f 1388/1388/1321 1389/1389/1322 1193/1193/1127
f 1388/1388/1321 1193/1193/1127 1192/1192/1126
f 1390/1390/1323 1391/1391/1324 1193/1193/1127
f 1390/1390/1323 1193/1193/1127 1389/1389/1322
f 1390/1390/1323 1389/1389/1322 1387/1387/1320
f 1390/1390/1323 1387/1387/1320 1392/1392/1325
f 1390/1390/1323 1392/1392/1325 1393/1393/1326
f 1390/1390/1323 1393/1393/1326 1391/1391/1324
f 1394/1394/1327 1198/1198/1132 1193/1193/1127
f 1394/1394/1327 1193/1193/1127 1391/1391/1324
f 1394/1394/1327 1391/1391/1324 1393/1393/1326
f 1394/1394/1327 1393/1393/1326 1395/1395/1328
f 1394/1394/1327 1395/1395/1328 1199/1199/1133
f 1394/1394/1327 1199/1199/1133 1198/1198/1132
f 1396/1396/1329 1397/1397/1330 1199/1199/1133
f 1396/1396/1329 1199/1199/1133 1395/1395/1328
f 1396/1396/1329 1395/1395/1328 1393/1393/1326
f 1396/1396/1329 1393/1393/1326 1398/1398/1331
f 1396/1396/1329 1398/1398/1331 1399/1399/1332
f 1396/1396/1329 1399/1399/1332 1397/1397/1330
f 1400/1400/1333 1204/1204/1138 1199/1199/1133
f 1400/1400/1333 1199/1199/1133 1397/1397/1330
f 1400/1400/1333 1397/1397/1330 1399/1399/1332
f 1400/1400/1333 1399/1399/1332 1401/1401/1334
f 1400/1400/1333 1401/1401/1334 1205/1205/1139
f 1400/1400/1333 1205/1205/1139 1204/1204/1138
f 1402/1402/1335 1403/1403/1336 1205/1205/1139
f 1402/1402/1335 1205/1205/1139 1401/1401/1334
f 1402/1402/1335 1401/1401/1334 1399/1399/1332
f 1402/1402/1335 1399/1399/1332 1404/1404/1337
f 1402/1402/1335 1404/1404/1337 1405/1405/1338
f 1402/1402/1335 1405/1405/1338 1403/1403/1336
f 1406/1406/1339 1210/1210/1144 1205/1205/1139
f 1406/1406/1339 1205/1205/1139 1403/1403/1336
f 1406/1406/1339 1403/1403/1336 1405/1405/1338
f 1406/1406/1339 1405/1405/1338 1407/1407/1340
f 1406/1406/1339 1407/1407/1340 1211/1211/1145
f 1406/1406/1339 1211/1211/1145 1210/1210/1144
f 1408/1408/1341 1409/1409/1342 1211/1211/1145
f 1408/1408/1341 1211/1211/1145 1407/1407/1340
f 1408/1408/1341 1407/1407/1340 1405/1405/1338
f 1408/1408/1341 1405/1405/1338 1410/1410/1343
f 1408/1408/1341 1410/1410/1343 1411/1411/1344
f 1408/1408/1341 1411/1411/1344 1409/1409/1342
f 1412/1412/1345 1216/1216/1150 1211/1211/1145
f 1412/1412/1345 1211/1211/1145 1409/1409/1342
f 1412/1412/1345 1409/1409/1342 1411/1411/1344
f 1412/1412/1345 1411/1411/1344 1413/1413/1346
f 1412/1412/1345 1413/1413/1346 1217/1217/1151
f 1412/1412/1345 1217/1217/1151 1216/1216/1150
f 1414/1414/1347 1415/1415/1348 1217/1217/1151
f 1414/1414/1347 1217/1217/1151 1413/1413/1346
f 1414/1414/1347 1413/1413/1346 1411/1411/1344
f 1414/1414/1347 1411/1411/1344 1416/1416/1349
f 1414/1414/1347 1416/1416/1349 1417/1417/1350
f 1414/1414/1347 1417/1417/1350 1415/1415/1348
f 1418/1418/1351 1222/1222/1156 1217/1217/1151
f 1418/1418/1351 1217/1217/1151 1415/1415/1348
f 1418/1418/1351 1415/1415/1348 1417/1417/1350
f 1418/1418/1351 1417/1417/1350 1419/1419/1352
f 1418/1418/1351 1419/1419/1352 1223/1223/1157
f 1418/1418/1351 1223/1223/1157 1222/1222/1156
f 1420/1420/1353 1421/1421/1354 1223/1223/1157
f 1420/1420/1353 1223/1223/1157 1419/1419/1352
f 1420/1420/1353 1419/1419/1352 1417/1417/1350
f 1420/1420/1353 1417/1417/1350 1422/1422/1355
f 1420/1420/1353 1422/1422/1355 1423/1423/1356
f 1420/1420/1353 1423/1423/1356 1421/1421/1354
f 1424/1424/1357 1228/1228/1162 1223/1223/1157
f 1424/1424/1357 1223/1223/1157 1421/1421/1354
f 1424/1424/1357 1421/1421/1354 1423/1423/1356
f 1424/1424/1357 1423/1423/1356 1425/1425/1358
f 1424/1424/1357 1425/1425/1358 1229/1229/1163
f 1424/1424/1357 1229/1229/1163 1228/1228/1162
f 1426/1426/1359 1427/1427/1360 1229/1229/1163
f 1426/1426/1359 1229/1229/1163 1425/1425/1358
f 1426/1426/1359 1425/1425/1358 1423/1423/1356
f 1426/1426/1359 1423/1423/1356 1428/1428/1361
f 1426/1426/1359 1428/1428/1361 1429/1429/1362
f 1426/1426/1359 1429/1429/1362 1427/1427/1360
f 1430/1430/1363 1234/1234/1168 1229/1229/1163
f 1430/1430/1363 1229/1229/1163 1427/1427/1360
f 1430/1430/1363 1427/1427/1360 1429/1429/1362
f 1430/1430/1363 1429/1429/1362 1431/1431/1364
f 1430/1430/1363 1431/1431/1364 1235/1235/1169
f 1430/1430/1363 1235/1235/1169 1234/1234/1168
f 1432/1432/1365 1433/1433/1366 1235/1235/1169
f 1432/1432/1365 1235/1235/1169 1431/1431/1364
f 1432/1432/1365 1431/1431/1364 1429/1429/1362
f 1432/1432/1365 1429/1429/1362 1434/1434/1367
f 1432/1432/1365 1434/1434/1367 1435/1435/1368
f 1432/1432/1365 1435/1435/1368 1433/1433/1366
f 1436/1436/1369 1240/1240/1174 1235/1235/1169
f 1436/1436/1369 1235/1235/1169 1433/1433/1366
f 1436/1436/1369 1433/1433/1366 1435/1435/1368
f 1436/1436/1369 1435/1435/1368 1437/1437/1370
f 1436/1436/1369 1437/1437/1370 1241/1241/1175
f 1436/1436/1369 1241/1241/1175 1240/1240/1174
f 1438/1438/1371 1439/1439/1372 1241/1241/1175
f 1438/1438/1371 1241/1241/1175 1437/1437/1370
f 1438/1438/1371 1437/1437/1370 1435/1435/1368
f 1438/1438/1371 1435/1435/1368 1440/1440/1373
f 1438/1438/1371 1440/1440/1373 1441/1441/1374
f 1438/1438/1371 1441/1441/1374 1439/1439/1372
f 1442/1442/1375 1246/1246/1180 1241/1241/1175
f 1442/1442/1375 1241/1241/1175 1439/1439/1372
f 1442/1442/1375 1439/1439/1372 1441/1441/1374
f 1442/1442/1375 1441/1441/1374 1443/1443/1376
f 1442/1442/1375 1443/1443/1376 1247/1247/1181
f 1442/1442/1375 1247/1247/1181 1246/1246/1180
f 1444/1444/1377 1445/1445/1378 1247/1247/1181
f 1444/1444/1377 1247/1247/1181 1443/1443/1376
f 1444/1444/1377 1443/1443/1376 1441/1441/1374
f 1444/1444/1377 1441/1441/1374 1446/1446/1379
f 1444/1444/1377 1446/1446/1379 1447/1447/1380
f 1444/1444/1377 1447/1447/1380 1445/1445/1378
f 1448/1448/1381 1252/1252/1186 1247/1247/1181
f 1448/1448/1381 1247/1247/1181 1445/1445/1378
f 1448/1448/1381 1445/1445/1378 1447/1447/1380
f 1448/1448/1381 1447/1447/1380 1449/1449/1382
f 1448/1448/1381 1449/1449/1382 1253/1253/1187
f 1448/1448/1381 1253/1253/1187 1252/1252/1186
f 1450/1450/1383 1451/1451/1384 1253/1253/1187
f 1450/1450/1383 1253/1253/1187 1449/1449/1382
f 1450/1450/1383 1449/1449/1382 1447/1447/1380
f 1450/1450/1383 1447/1447/1380 1452/1452/1385
f 1450/1450/1383 1452/1452/1385 1453/1453/1386
f 1450/1450/1383 1453/1453/1386 1451/1451/1384
f 1454/1454/1387 1258/1258/1192 1253/1253/1187
f 1454/1454/1387 1253/1253/1187 1451/1451/1384
f 1454/1454/1387 1451/1451/1384 1453/1453/1386
f 1454/1454/1387 1453/1453/1386 1455/1455/1388
f 1454/1454/1387 1455/1455/1388 1259/1259/1193
f 1454/1454/1387 1259/1259/1193 1258/1258/1192
f 1456/1456/1389 1457/1457/1390 1259/1259/1193
f 1456/1456/1389 1259/1259/1193 1455/1455/1388
f 1456/1456/1389 1455/1455/1388 1453/1453/1386
f 1456/1456/1389 1453/1453/1386 1458/1458/1391
f 1456/1456/1389 1458/1458/1391 1459/1459/1392
f 1456/1456/1389 1459/1459/1392 1457/1457/1390
f 1460/1460/1393 1264/1264/1198 1259/1259/1193
f 1460/1460/1393 1259/1259/1193 1457/1457/1390
f 1460/1460/1393 1457/1457/1390 1459/1459/1392
f 1460/1460/1393 1459/1459/1392 1461/1461/1394
f 1460/1460/1393 1461/1461/1394 1265/1265/1199
f 1460/1460/1393 1265/1265/1199 1264/1264/1198
f 1462/1462/1395 1463/1463/1396 1265/1265/1199
f 1462/1462/1395 1265/1265/1199 1461/1461/1394
f 1462/1462/1395 1461/1461/1394 1459/1459/1392
f 1462/1462/1395 1459/1459/1392 1464/1464/1397
f 1462/1462/1395 1464/1464/1397 1465/1465/1398
f 1462/1462/1395 1465/1465/1398 1463/1463/1396
f 1466/1466/1399 1270/1270/1204 1265/1265/1199
f 1466/1466/1399 1265/1265/1199 1463/1463/1396
f 1466/1466/1399 1463/1463/1396 1465/1465/1398
f 1466/1466/1399 1465/1465/1398 1467/1467/1400
f 1466/1466/1399 1467/1467/1400 1271/1271/1205
f 1466/1466/1399 1271/1271/1205 1270/1270/1204
f 1468/1468/1401 1469/1469/1402 1271/1271/1205
f 1468/1468/1401 1271/1271/1205 1467/1467/1400
f 1468/1468/1401 1467/1467/1400 1465/1465/1398
f 1468/1468/1401 1465/1465/1398 1470/1470/1403
f 1468/1468/1401 1470/1470/1403 1471/1471/1404
f 1468/1468/1401 1471/1471/1404 1469/1469/1402
f 1472/1472/1405 1276/1276/1210 1271/1271/1205
f 1472/1472/1405 1271/1271/1205 1469/1469/1402
f 1472/1472/1405 1469/1469/1402 1471/1471/1404
f 1472/1472/1405 1471/1471/1404 1473/1473/1406
f 1472/1472/1405 1473/1473/1406 1277/1277/1211
f 1472/1472/1405 1277/1277/1211 1276/1276/1210
f 1474/1474/1407 1475/1475/1408 1277/1277/1211
f 1474/1474/1407 1277/1277/1211 1473/1473/1406
f 1474/1474/1407 1473/1473/1406 1471/1471/1404
f 1474/1474/1407 1471/1471/1404 1476/1476/1409
f 1474/1474/1407 1476/1476/1409 1477/1477/1410
f 1474/1474/1407 1477/1477/1410 1475/1475/1408
f 1478/1478/1411 1282/1282/1216 1277/1277/1211
f 1478/1478/1411 1277/1277/1211 1475/1475/1408
f 1478/1478/1411 1475/1475/1408 1477/1477/1410
f 1478/1478/1411 1477/1477/1410 1479/1479/1412
f 1478/1478/1411 1479/1479/1412 1283/1283/1217
f 1478/1478/1411 1283/1283/1217 1282/1282/1216
f 1480/1480/1413 1481/1481/1414 1283/1283/1217
f 1480/1480/1413 1283/1283/1217 1479/1479/1412
f 1480/1480/1413 1479/1479/1412 1477/1477/1410
f 1480/1480/1413 1477/1477/1410 1482/1482/1415
f 1480/1480/1413 1482/1482/1415 1483/1483/1416
f 1480/1480/1413 1483/1483/1416 1481/1481/1414
f 1484/1484/1417 1288/1288/1222 1283/1283/1217
f 1484/1484/1417 1283/1283/1217 1481/1481/1414
f 1484/1484/1417 1481/1481/1414 1483/1483/1416
f 1484/1484/1417 1483/1483/1416 1485/1485/1418
f 1484/1484/1417 1485/1485/1418 1289/1289/1223
f 1484/1484/1417 1289/1289/1223 1288/1288/1222
f 1486/1486/1419 1487/1487/1420 1289/1289/1223
f 1486/1486/1419 1289/1289/1223 1485/1485/1418
f 1486/1486/1419 1485/1485/1418 1483/1483/1416
f 1486/1486/1419 1483/1483/1416 1488/1488/1421
f 1486/1486/1419 1488/1488/1421 1489/1489/1422
f 1486/1486/1419 1489/1489/1422 1487/1487/1420
f 1490/1490/1423 1294/1294/1228 1289/1289/1223
f 1490/1490/1423 1289/1289/1223 1487/1487/1420
f 1490/1490/1423 1487/1487/1420 1489/1489/1422
f 1490/1490/1423 1489/1489/1422 1491/1491/1424
f 1490/1490/1423 1491/1491/1424 1295/1295/1229
f 1490/1490/1423 1295/1295/1229 1294/1294/1228
f 1492/1492/1425 1493/1493/1426 1295/1295/1229
f 1492/1492/1425 1295/1295/1229 1491/1491/1424
f 1492/1492/1425 1491/1491/1424 1489/1489/1422
f 1492/1492/1425 1489/1489/1422 1494/1494/1427
f 1492/1492/1425 1494/1494/1427 1495/1495/1428
f 1492/1492/1425 1495/1495/1428 1493/1493/1426
f 1496/1496/1429 1300/1300/1234 1295/1295/1229
f 1496/1496/1429 1295/1295/1229 1493/1493/1426
f 1496/1496/1429 1493/1493/1426 1495/1495/1428
f 1496/1496/1429 1495/1495/1428 1497/1497/1430
f 1496/1496/1429 1497/1497/1430 1301/1301/1235
f 1496/1496/1429 1301/1301/1235 1300/1300/1234
f 1498/1498/1431 1499/1499/1432 1301/1301/1235
f 1498/1498/1431 1301/1301/1235 1497/1497/1430
f 1498/1498/1431 1497/1497/1430 1495/1495/1428
f 1498/1498/1431 1495/1495/1428 1500/1500/1433
f 1498/1498/1431 1500/1500/1433 1501/1501/1434
f 1498/1498/1431 1501/1501/1434 1499/1499/1432
f 1502/1502/1435 1306/1306/1240 1301/1301/1235
f 1502/1502/1435 1301/1301/1235 1499/1499/1432
f 1502/1502/1435 1499/1499/1432 1501/1501/1434
f 1502/1502/1435 1501/1501/1434 1503/1503/1436
f 1502/1502/1435 1503/1503/1436 1307/1307/1241
f 1502/1502/1435 1307/1307/1241 1306/1306/1240
f 1504/1504/1437 1505/1505/1438 1307/1307/1241
f 1504/1504/1437 1307/1307/1241 1503/1503/1436
f 1504/1504/1437 1503/1503/1436 1501/1501/1434
f 1504/1504/1437 1501/1501/1434 1506/1506/1439
f 1504/1504/1437 1506/1506/1439 1507/1507/1440
f 1504/1504/1437 1507/1507/1440 1505/1505/1438
f 1508/1508/1441 1312/1312/1246 1307/1307/1241
f 1508/1508/1441 1307/1307/1241 1505/1505/1438
f 1508/1508/1441 1505/1505/1438 1507/1507/1440
f 1508/1508/1441 1507/1507/1440 1509/1509/1442
f 1508/1508/1441 1509/1509/1442 1313/1313/1247
f 1508/1508/1441 1313/1313/1247 1312/1312/1246
f 1510/1510/1443 1511/1511/1444 1313/1313/1247
f 1510/1510/1443 1313/1313/1247 1509/1509/1442
f 1510/1510/1443 1509/1509/1442 1507/1507/1440
f 1510/1510/1443 1507/1507/1440 1512/1512/1445
f 1510/1510/1443 1512/1512/1445 1513/1513/1446
f 1510/1510/1443 1513/1513/1446 1511/1511/1444
f 1514/1514/1447 1318/1318/1252 1313/1313/1247
f 1514/1514/1447 1313/1313/1247 1511/1511/1444
f 1514/1514/1447 1511/1511/1444 1513/1513/1446
f 1514/1514/1447 1513/1513/1446 1515/1515/1448
f 1514/1514/1447 1515/1515/1448 1319/1319/1253
f 1514/1514/1447 1319/1319/1253 1318/1318/1252
f 1516/1516/1449 1517/1517/1450 1319/1319/1253
f 1516/1516/1449 1319/1319/1253 1515/1515/1448
f 1516/1516/1449 1515/1515/1448 1513/1513/1446
f 1516/1516/1449 1513/1513/1446 1518/1518/1451
f 1516/1516/1449 1518/1518/1451 1519/1519/1452
f 1516/1516/1449 1519/1519/1452 1517/1517/1450
f 1520/1520/1453 1324/1324/1258 1319/1319/1253
f 1520/1520/1453 1319/1319/1253 1517/1517/1450
f 1520/1520/1453 1517/1517/1450 1519/1519/1452
f 1520/1520/1453 1519/1519/1452 1521/1521/1454
f 1520/1520/1453 1521/1521/1454 1325/1325/1259
f 1520/1520/1453 1325/1325/1259 1324/1324/1258
f 1522/1522/1455 1523/1523/1456 1325/1325/1259
f 1522/1522/1455 1325/1325/1259 1521/1521/1454
f 1522/1522/1455 1521/1521/1454 1519/1519/1452
f 1522/1522/1455 1519/1519/1452 1524/1524/1457
f 1522/1522/1455 1524/1524/1457 1525/1525/1458
f 1522/1522/1455 1525/1525/1458 1523/1523/1456
f 1526/1526/1459 1330/1330/1264 1325/1325/1259
f 1526/1526/1459 1325/1325/1259 1523/1523/1456
f 1526/1526/1459 1523/1523/1456 1525/1525/1458
f 1526/1526/1459 1525/1525/1458 1527/1527/1460
f 1526/1526/1459 1527/1527/1460 1331/1331/1265
f 1526/1526/1459 1331/1331/1265 1330/1330/1264
f 1528/1528/1461 1529/1529/1462 1331/1331/1265
f 1528/1528/1461 1331/1331/1265 1527/1527/1460
f 1528/1528/1461 1527/1527/1460 1525/1525/1458
f 1528/1528/1461 1525/1525/1458 1530/1530/1463
f 1528/1528/1461 1530/1530/1463 1531/1531/1464
f 1528/1528/1461 1531/1531/1464 1529/1529/1462
f 1532/1532/1465 1336/1336/1270 1331/1331/1265
f 1532/1532/1465 1331/1331/1265 1529/1529/1462
f 1532/1532/1465 1529/1529/1462 1531/1531/1464
f 1532/1532/1465 1531/1531/1464 1533/1533/1466
f 1532/1532/1465 1533/1533/1466 1337/1337/1271
f 1532/1532/1465 1337/1337/1271 1336/1336/1270
f 1534/1534/1467 1535/1535/1468 1337/1337/1271
f 1534/1534/1467 1337/1337/1271 1533/1533/1466
f 1534/1534/1467 1533/1533/1466 1531/1531/1464
f 1534/1534/1467 1531/1531/1464 1536/1536/1469
f 1534/1534/1467 1536/1536/1469 1537/1537/1470
f 1534/1534/1467 1537/1537/1470 1535/1535/1468
f 1538/1538/1471 1342/1342/1276 1337/1337/1271
f 1538/1538/1471 1337/1337/1271 1535/1535/1468
f 1538/1538/1471 1535/1535/1468 1537/1537/1470
f 1538/1538/1471 1537/1537/1470 1539/1539/1472
f 1538/1538/1471 1539/1539/1472 1343/1343/1277
f 1538/1538/1471 1343/1343/1277 1342/1342/1276
f 1540/1540/1473 1541/1541/1474 1343/1343/1277
f 1540/1540/1473 1343/1343/1277 1539/1539/1472
f 1540/1540/1473 1539/1539/1472 1537/1537/1470
f 1540/1540/1473 1537/1537/1470 1542/1542/1475
f 1540/1540/1473 1542/1542/1475 1543/1543/1476
f 1540/1540/1473 1543/1543/1476 1541/1541/1474
f 1544/1544/1477 1348/1348/1282 1343/1343/1277
f 1544/1544/1477 1343/1343/1277 1541/1541/1474
f 1544/1544/1477 1541/1541/1474 1543/1543/1476
f 1544/1544/1477 1543/1543/1476 1545/1545/1478
f 1544/1544/1477 1545/1545/1478 1349/1349/1283
f 1544/1544/1477 1349/1349/1283 1348/1348/1282
f 1546/1546/1479 1547/1547/1480 1349/1349/1283
f 1546/1546/1479 1349/1349/1283 1545/1545/1478
f 1546/1546/1479 1545/1545/1478 1543/1543/1476
f 1546/1546/1479 1543/1543/1476 1548/1548/1481
f 1546/1546/1479 1548/1548/1481 1549/1549/1294
f 1546/1546/1479 1549/1549/1294 1547/1547/1480
f 1550/1550/1482 1354/1354/1288 1349/1349/1283
f 1550/1550/1482 1349/1349/1283 1547/1547/1480
f 1550/1550/1482 1547/1547/1480 1549/1549/1294
f 1550/1550/1482 1549/1549/1294 1551/1551/1483
f 1550/1550/1482 1551/1551/1483 1355/1355/1101
f 1550/1550/1482 1355/1355/1101 1354/1354/1288
f 1552/1552/1484 1553/1553/1485 1361/1361/1294
f 1552/1552/1484 1361/1361/1294 1554/1554/1486
f 1552/1552/1484 1554/1554/1486 1555/1555/1487
f 1552/1552/1484 1555/1555/1487 1556/1556/1488
f 1552/1552/1484 1556/1556/1488 1557/1557/1489
f 1552/1552/1484 1557/1557/1489 1553/1553/1485
f 1558/1558/1490 1362/1362/1295 1361/1361/1294
f 1558/1558/1490 1361/1361/1294 1553/1553/1485
f 1558/1558/1490 1553/1553/1485 1557/1557/1489
f 1558/1558/1490 1557/1557/1489 1559/1559/1491
f 1558/1558/1490 1559/1559/1491 1363/1363/1296
f 1558/1558/1490 1363/1363/1296 1362/1362/1295
f 1560/1560/1492 1561/1561/1493 1363/1363/1296
f 1560/1560/1492 1363/1363/1296 1559/1559/1491
f 1560/1560/1492 1559/1559/1491 1557/1557/1489
f 1560/1560/1492 1557/1557/1489 1562/1562/1494
f 1560/1560/1492 1562/1562/1494 1563/1563/1495
f 1560/1560/1492 1563/1563/1495 1561/1561/1493
f 1564/1564/1496 1368/1368/1301 1363/1363/1296
f 1564/1564/1496 1363/1363/1296 1561/1561/1493
f 1564/1564/1496 1561/1561/1493 1563/1563/1495
f 1564/1564/1496 1563/1563/1495 1565/1565/1497
f 1564/1564/1496 1565/1565/1497 1369/1369/1302
f 1564/1564/1496 1369/1369/1302 1368/1368/1301
f 1566/1566/1498 1567/1567/1499 1369/1369/1302
f 1566/1566/1498 1369/1369/1302 1565/1565/1497
f 1566/1566/1498 1565/1565/1497 1563/1563/1495
f 1566/1566/1498 1563/1563/1495 1568/1568/1500
f 1566/1566/1498 1568/1568/1500 1569/1569/1501
f 1566/1566/1498 1569/1569/1501 1567/1567/1499
f 1570/1570/1502 1374/1374/1307 1369/1369/1302
f 1570/1570/1502 1369/1369/1302 1567/1567/1499
f 1570/1570/1502 1567/1567/1499 1569/1569/1501
f 1570/1570/1502 1569/1569/1501 1571/1571/1503
f 1570/1570/1502 1571/1571/1503 1375/1375/1308
f 1570/1570/1502 1375/1375/1308 1374/1374/1307
f 1572/1572/1504 1573/1573/1505 1375/1375/1308
f 1572/1572/1504 1375/1375/1308 1571/1571/1503
f 1572/1572/1504 1571/1571/1503 1569/1569/1501
f 1572/1572/1504 1569/1569/1501 1574/1574/1506
f 1572/1572/1504 1574/1574/1506 1575/1575/1507
f 1572/1572/1504 1575/1575/1507 1573/1573/1505
f 1576/1576/1508 1380/1380/1313 1375/1375/1308
f 1576/1576/1508 1375/1375/1308 1573/1573/1505
f 1576/1576/1508 1573/1573/1505 1575/1575/1507
f 1576/1576/1508 1575/1575/1507 1577/1577/1509
f 1576/1576/1508 1577/1577/1509 1381/1381/1314
f 1576/1576/1508 1381/1381/1314 1380/1380/1313
f 1578/1578/1510 1579/1579/1511 1381/1381/1314
f 1578/1578/1510 1381/1381/1314 1577/1577/1509
f 1578/1578/1510 1577/1577/1509 1575/1575/1507
f 1578/1578/1510 1575/1575/1507 1580/1580/1512
f 1578/1578/1510 1580/1580/1512 1581/1581/1513
f 1578/1578/1510 1581/1581/1513 1579/1579/1511
f 1582/1582/1514 1386/1386/1319 1381/1381/1314
f 1582/1582/1514 1381/1381/1314 1579/1579/1511
f 1582/1582/1514 1579/1579/1511 1581/1581/1513
f 1582/1582/1514 1581/1581/1513 1583/1583/1515
f 1582/1582/1514 1583/1583/1515 1387/1387/1320
f 1582/1582/1514 1387/1387/1320 1386/1386/1319
f 1584/1584/1516 1585/1585/1517 1387/1387/1320
f 1584/1584/1516 1387/1387/1320 1583/1583/1515
f 1584/1584/1516 1583/1583/1515 1581/1581/1513
f 1584/1584/1516 1581/1581/1513 1586/1586/1518
f 1584/1584/1516 1586/1586/1518 1587/1587/1519
f 1584/1584/1516 1587/1587/1519 1585/1585/1517
f 1588/1588/1520 1392/1392/1325 1387/1387/1320
f 1588/1588/1520 1387/1387/1320 1585/1585/1517
f 1588/1588/1520 1585/1585/1517 1587/1587/1519
f 1588/1588/1520 1587/1587/1519 1589/1589/1521
f 1588/1588/1520 1589/1589/1521 1393/1393/1326
f 1588/1588/1520 1393/1393/1326 1392/1392/1325
f 1590/1590/1522 1591/1591/1523 1393/1393/1326
f 1590/1590/1522 1393/1393/1326 1589/1589/1521
f 1590/1590/1522 1589/1589/1521 1587/1587/1519
f 1590/1590/1522 1587/1587/1519 1592/1592/1524
f 1590/1590/1522 1592/1592/1524 1593/1593/1525
f 1590/1590/1522 1593/1593/1525 1591/1591/1523
f 1594/1594/1526 1398/1398/1331 1393/1393/1326
f 1594/1594/1526 1393/1393/1326 1591/1591/1523
f 1594/1594/1526 1591/1591/1523 1593/1593/1525
f 1594/1594/1526 1593/1593/1525 1595/1595/1527
f 1594/1594/1526 1595/1595/1527 1399/1399/1332
f 1594/1594/1526 1399/1399/1332 1398/1398/1331
f 1596/1596/1528 1597/1597/1529 1399/1399/1332
f 1596/1596/1528 1399/1399/1332 1595/1595/1527
f 1596/1596/1528 1595/1595/1527 1593/1593/1525
f 1596/1596/1528 1593/1593/1525 1598/1598/1530
f 1596/1596/1528 1598/1598/1530 1599/1599/1531
f 1596/1596/1528 1599/1599/1531 1597/1597/1529
f 1600/1600/1532 1404/1404/1337 1399/1399/1332
f 1600/1600/1532 1399/1399/1332 1597/1597/1529
f 1600/1600/1532 1597/1597/1529 1599/1599/1531
f 1600/1600/1532 1599/1599/1531 1601/1601/1533
f 1600/1600/1532 1601/1601/1533 1405/1405/1338
f 1600/1600/1532 1405/1405/1338 1404/1404/1337
f 1602/1602/1534 1603/1603/1535 1405/1405/1338
f 1602/1602/1534 1405/1405/1338 1601/1601/1533
f 1602/1602/1534 1601/1601/1533 1599/1599/1531
f 1602/1602/1534 1599/1599/1531 1604/1604/1536
f 1602/1602/1534 1604/1604/1536 1605/1605/1537
f 1602/1602/1534 1605/1605/1537 1603/1603/1535
f 1606/1606/1538 1410/1410/1343 1405/1405/1338
f 1606/1606/1538 1405/1405/1338 1603/1603/1535
f 1606/1606/1538 1603/1603/1535 1605/1605/1537
f 1606/1606/1538 1605/1605/1537 1607/1607/1539
f 1606/1606/1538 1607/1607/1539 1411/1411/1344
f 1606/1606/1538 1411/1411/1344 1410/1410/1343
f 1608/1608/1540 1609/1609/1541 1411/1411/1344
f 1608/1608/1540 1411/1411/1344 1607/1607/1539
f 1608/1608/1540 1607/1607/1539 1605/1605/1537
f 1608/1608/1540 1605/1605/1537 1610/1610/1542
f 1608/1608/1540 1610/1610/1542 1611/1611/1543
f 1608/1608/1540 1611/1611/1543 1609/1609/1541
f 1612/1612/1544 1416/1416/1349 1411/1411/1344
f 1612/1612/1544 1411/1411/1344 1609/1609/1541
f 1612/1612/1544 1609/1609/1541 1611/1611/1543
f 1612/1612/1544 1611/1611/1543 1613/1613/1545
f 1612/1612/1544 1613/1613/1545 1417/1417/1350
f 1612/1612/1544 1417/1417/1350 1416/1416/1349
f 1614/1614/1546 1615/1615/1547 1417/1417/1350
f 1614/1614/1546 1417/1417/1350 1613/1613/1545
f 1614/1614/1546 1613/1613/1545 1611/1611/1543
f 1614/1614/1546 1611/1611/1543 1616/1616/1548
f 1614/1614/1546 1616/1616/1548 1617/1617/1549
f 1614/1614/1546 1617/1617/1549 1615/1615/1547
f 1618/1618/1550 1422/1422/1355 1417/1417/1350
f 1618/1618/1550 1417/1417/1350 1615/1615/1547
f 1618/1618/1550 1615/1615/1547 1617/1617/1549
f 1618/1618/1550 1617/1617/1549 1619/1619/1551
f 1618/1618/1550 1619/1619/1551 1423/1423/1356
f 1618/1618/1550 1423/1423/1356 1422/1422/1355
f 1620/1620/1552 1621/1621/1553 1423/1423/1356
f 1620/1620/1552 1423/1423/1356 1619/1619/1551
f 1620/1620/1552 1619/1619/1551 1617/1617/1549
f 1620/1620/1552 1617/1617/1549 1622/1622/1554
f 1620/1620/1552 1622/1622/1554 1623/1623/1555
f 1620/1620/1552 1623/1623/1555 1621/1621/1553
f 1624/1624/1556 1428/1428/1361 1423/1423/1356
f 1624/1624/1556 1423/1423/1356 1621/1621/1553
f 1624/1624/1556 1621/1621/1553 1623/1623/1555
f 1624/1624/1556 1623/1623/1555 1625/1625/1557
f 1624/1624/1556 1625/1625/1557 1429/1429/1362
f 1624/1624/1556 1429/1429/1362 1428/1428/1361
f 1626/1626/1558 1627/1627/1559 1429/1429/1362
f 1626/1626/1558 1429/1429/1362 1625/1625/1557
f 1626/1626/1558 1625/1625/1557 1623/1623/1555
f 1626/1626/1558 1623/1623/1555 1628/1628/1560
f 1626/1626/1558 1628/1628/1560 1629/1629/1561
f 1626/1626/1558 1629/1629/1561 1627/1627/1559
f 1630/1630/1562 1434/1434/1367 1429/1429/1362
f 1630/1630/1562 1429/1429/1362 1627/1627/1559
f 1630/1630/1562 1627/1627/1559 1629/1629/1561
f 1630/1630/1562 1629/1629/1561 1631/1631/1563
f 1630/1630/1562 1631/1631/1563 1435/1435/1368
f 1630/1630/1562 1435/1435/1368 1434/1434/1367
f 1632/1632/1564 1633/1633/1565 1435/1435/1368
f 1632/1632/1564 1435/1435/1368 1631/1631/1563
f 1632/1632/1564 1631/1631/1563 1629/1629/1561
f 1632/1632/1564 1629/1629/1561 1634/1634/1566
f 1632/1632/1564 1634/1634/1566 1635/1635/1567
f 1632/1632/1564 1635/1635/1567 1633/1633/1565
f 1636/1636/1568 1440/1440/1373 1435/1435/1368
f 1636/1636/1568 1435/1435/1368 1633/1633/1565
f 1636/1636/1568 1633/1633/1565 1635/1635/1567
f 1636/1636/1568 1635/1635/1567 1637/1637/1569
f 1636/1636/1568 1637/1637/1569 1441/1441/1374
f 1636/1636/1568 1441/1441/1374 1440/1440/1373
f 1638/1638/1570 1639/1639/1571 1441/1441/1374
f 1638/1638/1570 1441/1441/1374 1637/1637/1569
f 1638/1638/1570 1637/1637/1569 1635/1635/1567
f 1638/1638/1570 1635/1635/1567 1640/1640/1572
f 1638/1638/1570 1640/1640/1572 1641/1641/1573
f 1638/1638/1570 1641/1641/1573 1639/1639/1571
f 1642/1642/1574 1446/1446/1379 1441/1441/1374
f 1642/1642/1574 1441/1441/1374 1639/1639/1571
f 1642/1642/1574 1639/1639/1571 1641/1641/1573
f 1642/1642/1574 1641/1641/1573 1643/1643/1575
f 1642/1642/1574 1643/1643/1575 1447/1447/1380
f 1642/1642/1574 1447/1447/1380 1446/1446/1379
f 1644/1644/1576 1645/1645/1577 1447/1447/1380
f 1644/1644/1576 1447/1447/1380 1643/1643/1575
f 1644/1644/1576 1643/1643/1575 1641/1641/1573
f 1644/1644/1576 1641/1641/1573 1646/1646/1578
f 1644/1644/1576 1646/1646/1578 1647/1647/1579
f 1644/1644/1576 1647/1647/1579 1645/1645/1577
f 1648/1648/1580 1452/1452/1385 1447/1447/1380
f 1648/1648/1580 1447/1447/1380 1645/1645/1577
f 1648/1648/1580 1645/1645/1577 1647/1647/1579
f 1648/1648/1580 1647/1647/1579 1649/1649/1581
f 1648/1648/1580 1649/1649/1581 1453/1453/1386
f 1648/1648/1580 1453/1453/1386 1452/1452/1385
f 1650/1650/1582 1651/1651/1583 1453/1453/1386
f 1650/1650/1582 1453/1453/1386 1649/1649/1581
f 1650/1650/1582 1649/1649/1581 1647/1647/1579
f 1650/1650/1582 1647/1647/1579 1652/1652/1584
f 1650/1650/1582 1652/1652/1584 1653/1653/1585
f 1650/1650/1582 1653/1653/1585 1651/1651/1583
f 1654/1654/1586 1458/1458/1391 1453/1453/1386
f 1654/1654/1586 1453/1453/1386 1651/1651/1583
f 1654/1654/1586 1651/1651/1583 1653/1653/1585
f 1654/1654/1586 1653/1653/1585 1655/1655/1587
f 1654/1654/1586 1655/1655/1587 1459/1459/1392
f 1654/1654/1586 1459/1459/1392 1458/1458/1391
f 1656/1656/1588 1657/1657/1589 1459/1459/1392
f 1656/1656/1588 1459/1459/1392 1655/1655/1587
f 1656/1656/1588 1655/1655/1587 1653/1653/1585
f 1656/1656/1588 1653/1653/1585 1658/1658/1590
f 1656/1656/1588 1658/1658/1590 1659/1659/1591
f 1656/1656/1588 1659/1659/1591 1657/1657/1589
f 1660/1660/1592 1464/1464/1397 1459/1459/1392
f 1660/1660/1592 1459/1459/1392 1657/1657/1589
f 1660/1660/1592 1657/1657/1589 1659/1659/1591
f 1660/1660/1592 1659/1659/1591 1661/1661/1593
f 1660/1660/1592 1661/1661/1593 1465/1465/1398
f 1660/1660/1592 1465/1465/1398 1464/1464/1397
f 1662/1662/1594 1663/1663/1595 1465/1465/1398
f 1662/1662/1594 1465/1465/1398 1661/1661/1593
f 1662/1662/1594 1661/1661/1593 1659/1659/1591
f 1662/1662/1594 1659/1659/1591 1664/1664/1596
f 1662/1662/1594 1664/1664/1596 1665/1665/1597
f 1662/1662/1594 1665/1665/1597 1663/1663/1595
f 1666/1666/1598 1470/1470/1403 1465/1465/1398
f 1666/1666/1598 1465/1465/1398 1663/1663/1595
f 1666/1666/1598 1663/1663/1595 1665/1665/1597
f 1666/1666/1598 1665/1665/1597 1667/1667/1599
f 1666/1666/1598 1667/1667/1599 1471/1471/1404
f 1666/1666/1598 1471/1471/1404 1470/1470/1403
f 1668/1668/1600 1669/1669/1601 1471/1471/1404
f 1668/1668/1600 1471/1471/1404 1667/1667/1599
f 1668/1668/1600 1667/1667/1599 1665/1665/1597
f 1668/1668/1600 1665/1665/1597 1670/1670/1602
f 1668/1668/1600 1670/1670/1602 1671/1671/1603
f 1668/1668/1600 1671/1671/1603 1669/1669/1601
f 1672/1672/1604 1476/1476/1409 1471/1471/1404
f 1672/1672/1604 1471/1471/1404 1669/1669/1601
f 1672/1672/1604 1669/1669/1601 1671/1671/1603
f 1672/1672/1604 1671/1671/1603 1673/1673/1605
f 1672/1672/1604 1673/1673/1605 1477/1477/1410
f 1672/1672/1604 1477/1477/1410 1476/1476/1409
f 1674/1674/1606 1675/1675/1607 1477/1477/1410
f 1674/1674/1606 1477/1477/1410 1673/1673/1605
f 1674/1674/1606 1673/1673/1605 1671/1671/1603
f 1674/1674/1606 1671/1671/1603 1676/1676/1608
f 1674/1674/1606 1676/1676/1608 1677/1677/1609
f 1674/1674/1606 1677/1677/1609 1675/1675/1607
f 1678/1678/1610 1482/1482/1415 1477/1477/1410
f 1678/1678/1610 1477/1477/1410 1675/1675/1607
f 1678/1678/1610 1675/1675/1607 1677/1677/1609
f 1678/1678/1610 1677/1677/1609 1679/1679/1611
f 1678/1678/1610 1679/1679/1611 1483/1483/1416
f 1678/1678/1610 1483/1483/1416 1482/1482/1415
f 1680/1680/1612 1681/1681/1613 1483/1483/1416
f 1680/1680/1612 1483/1483/1416 1679/1679/1611
f 1680/1680/1612 1679/1679/1611 1677/1677/1609
f 1680/1680/1612 1677/1677/1609 1682/1682/1614
f 1680/1680/1612 1682/1682/1614 1683/1683/1615
f 1680/1680/1612 1683/1683/1615 1681/1681/1613
f 1684/1684/1616 1488/1488/1421 1483/1483/1416
f 1684/1684/1616 1483/1483/1416 1681/1681/1613
f 1684/1684/1616 1681/1681/1613 1683/1683/1615
f 1684/1684/1616 1683/1683/1615 1685/1685/1617
f 1684/1684/1616 1685/1685/1617 1489/1489/1422
f 1684/1684/1616 1489/1489/1422 1488/1488/1421
f 1686/1686/1618 1687/1687/1619 1489/1489/1422
f 1686/1686/1618 1489/1489/1422 1685/1685/1617
f 1686/1686/1618 1685/1685/1617 1683/1683/1615
f 1686/1686/1618 1683/1683/1615 1688/1688/1620
f 1686/1686/1618 1688/1688/1620 1689/1689/1621
f 1686/1686/1618 1689/1689/1621 1687/1687/1619
f 1690/1690/1622 1494/1494/1427 1489/1489/1422
f 1690/1690/1622 1489/1489/1422 1687/1687/1619
f 1690/1690/1622 1687/1687/1619 1689/1689/1621
f 1690/1690/1622 1689/1689/1621 1691/1691/1623
f 1690/1690/1622 1691/1691/1623 1495/1495/1428
f 1690/1690/1622 1495/1495/1428 1494/1494/1427
f 1692/1692/1624 1693/1693/1625 1495/1495/1428
f 1692/1692/1624 1495/1495/1428 1691/1691/1623
f 1692/1692/1624 1691/1691/1623 1689/1689/1621
f 1692/1692/1624 1689/1689/1621 1694/1694/1626
f 1692/1692/1624 1694/1694/1626 1695/1695/1627
f 1692/1692/1624 1695/1695/1627 1693/1693/1625
f 1696/1696/1628 1500/1500/1433 1495/1495/1428
f 1696/1696/1628 1495/1495/1428 1693/1693/1625
f 1696/1696/1628 1693/1693/1625 1695/1695/1627
f 1696/1696/1628 1695/1695/1627 1697/1697/1629
f 1696/1696/1628 1697/1697/1629 1501/1501/1434
f 1696/1696/1628 1501/1501/1434 1500/1500/1433
f 1698/1698/1630 1699/1699/1631 1501/1501/1434
f 1698/1698/1630 1501/1501/1434 1697/1697/1629
f 1698/1698/1630 1697/1697/1629 1695/1695/1627
f 1698/1698/1630 1695/1695/1627 1700/1700/1632
f 1698/1698/1630 1700/1700/1632 1701/1701/1633
f 1698/1698/1630 1701/1701/1633 1699/1699/1631
f 1702/1702/1634 1506/1506/1439 1501/1501/1434
f 1702/1702/1634 1501/1501/1434 1699/1699/1631
f 1702/1702/1634 1699/1699/1631 1701/1701/1633
f 1702/1702/1634 1701/1701/1633 1703/1703/1635
f 1702/1702/1634 1703/1703/1635 1507/1507/1440
f 1702/1702/1634 1507/1507/1440 1506/1506/1439
f 1704/1704/1636 1705/1705/1637 1507/1507/1440
f 1704/1704/1636 1507/1507/1440 1703/1703/1635
f 1704/1704/1636 1703/1703/1635 1701/1701/1633
f 1704/1704/1636 1701/1701/1633 1706/1706/1638
f 1704/1704/1636 1706/1706/1638 1707/1707/1639
f 1704/1704/1636 1707/1707/1639 1705/1705/1637
f 1708/1708/1640 1512/1512/1445 1507/1507/1440
f 1708/1708/1640 1507/1507/1440 1705/1705/1637
f 1708/1708/1640 1705/1705/1637 1707/1707/1639
f 1708/1708/1640 1707/1707/1639 1709/1709/1641
f 1708/1708/1640 1709/1709/1641 1513/1513/1446
f 1708/1708/1640 1513/1513/1446 1512/1512/1445
f 1710/1710/1642 1711/1711/1643 1513/1513/1446
f 1710/1710/1642 1513/1513/1446 1709/1709/1641
f 1710/1710/1642 1709/1709/1641 1707/1707/1639
f 1710/1710/1642 1707/1707/1639 1712/1712/1644
f 1710/1710/1642 1712/1712/1644 1713/1713/1645
f 1710/1710/1642 1713/1713/1645 1711/1711/1643
f 1714/1714/1646 1518/1518/1451 1513/1513/1446
f 1714/1714/1646 1513/1513/1446 1711/1711/1643
f 1714/1714/1646 1711/1711/1643 1713/1713/1645
f 1714/1714/1646 1713/1713/1645 1715/1715/1647
f 1714/1714/1646 1715/1715/1647 1519/1519/1452
f 1714/1714/1646 1519/1519/1452 1518/1518/1451
f 1716/1716/1648 1717/1717/1649 1519/1519/1452
f 1716/1716/1648 1519/1519/1452 1715/1715/1647
f 1716/1716/1648 1715/1715/1647 1713/1713/1645
f 1716/1716/1648 1713/1713/1645 1718/1718/1650
f 1716/1716/1648 1718/1718/1650 1719/1719/1651
f 1716/1716/1648 1719/1719/1651 1717/1717/1649
f 1720/1720/1652 1524/1524/1457 1519/1519/1452
f 1720/1720/1652 1519/1519/1452 1717/1717/1649
f 1720/1720/1652 1717/1717/1649 1719/1719/1651
f 1720/1720/1652 1719/1719/1651 1721/1721/1653
f 1720/1720/1652 1721/1721/1653 1525/1525/1458
f 1720/1720/1652 1525/1525/1458 1524/1524/1457
f 1722/1722/1654 1723/1723/1655 1525/1525/1458
f 1722/1722/1654 1525/1525/1458 1721/1721/1653
f 1722/1722/1654 1721/1721/1653 1719/1719/1651
f 1722/1722/1654 1719/1719/1651 1724/1724/1656
f 1722/1722/1654 1724/1724/1656 1725/1725/1657
f 1722/1722/1654 1725/1725/1657 1723/1723/1655
f 1726/1726/1658 1530/1530/1463 1525/1525/1458
f 1726/1726/1658 1525/1525/1458 1723/1723/1655
f 1726/1726/1658 1723/1723/1655 1725/1725/1657
f 1726/1726/1658 1725/1725/1657 1727/1727/1659
f 1726/1726/1658 1727/1727/1659 1531/1531/1464
f 1726/1726/1658 1531/1531/1464 1530/1530/1463
f 1728/1728/1660 1729/1729/1661 1531/1531/1464
f 1728/1728/1660 1531/1531/1464 1727/1727/1659
f 1728/1728/1660 1727/1727/1659 1725/1725/1657
f 1728/1728/1660 1725/1725/1657 1730/1730/1662
f 1728/1728/1660 1730/1730/1662 1731/1731/1663
f 1728/1728/1660 1731/1731/1663 1729/1729/1661
f 1732/1732/1664 1536/1536/1469 1531/1531/1464
f 1732/1732/1664 1531/1531/1464 1729/1729/1661
f 1732/1732/1664 1729/1729/1661 1731/1731/1663
f 1732/1732/1664 1731/1731/1663 1733/1733/1665
f 1732/1732/1664 1733/1733/1665 1537/1537/1470
f 1732/1732/1664 1537/1537/1470 1536/1536/1469
f 1734/1734/1666 1735/1735/1667 1537/1537/1470
f 1734/1734/1666 1537/1537/1470 1733/1733/1665
f 1734/1734/1666 1733/1733/1665 1731/1731/1663
f 1734/1734/1666 1731/1731/1663 1736/1736/1668
f 1734/1734/1666 1736/1736/1668 1737/1737/1669
f 1734/1734/1666 1737/1737/1669 1735/1735/1667
f 1738/1738/1670 1542/1542/1475 1537/1537/1470
f 1738/1738/1670 1537/1537/1470 1735/1735/1667
f 1738/1738/1670 1735/1735/1667 1737/1737/1669
f 1738/1738/1670 1737/1737/1669 1739/1739/1671
f 1738/1738/1670 1739/1739/1671 1543/1543/1476
f 1738/1738/1670 1543/1543/1476 1542/1542/1475
f 1740/1740/1672 1741/1741/1673 1543/1543/1476
f 1740/1740/1672 1543/1543/1476 1739/1739/1671
f 1740/1740/1672 1739/1739/1671 1737/1737/1669
f 1740/1740/1672 1737/1737/1669 1742/1742/1674
f 1740/1740/1672 1742/1742/1674 1743/1743/1487
f 1740/1740/1672 1743/1743/1487 1741/1741/1673
f 1744/1744/1675 1548/1548/1481 1543/1543/1476
f 1744/1744/1675 1543/1543/1476 1741/1741/1673
f 1744/1744/1675 1741/1741/1673 1743/1743/1487
f 1744/1744/1675 1743/1743/1487 1745/1745/1486
f 1744/1744/1675 1745/1745/1486 1549/1549/1294
f 1744/1744/1675 1549/1549/1294 1548/1548/1481
f 1746/1746/1676 1747/1747/1677 1555/1555/1487
f 1746/1746/1676 1555/1555/1487 1748/1748/1678
f 1746/1746/1676 1748/1748/1678 1749/1749/1679
f 1746/1746/1676 1749/1749/1679 1750/1750/1680
f 1746/1746/1676 1750/1750/1680 1751/1751/1681
f 1746/1746/1676 1751/1751/1681 1747/1747/1677
f 1752/1752/1682 1556/1556/1488 1555/1555/1487
f 1752/1752/1682 1555/1555/1487 1747/1747/1677
f 1752/1752/1682 1747/1747/1677 1751/1751/1681
f 1752/1752/1682 1751/1751/1681 1753/1753/1683
f 1752/1752/1682 1753/1753/1683 1557/1557/1489
f 1752/1752/1682 1557/1557/1489 1556/1556/1488
f 1754/1754/1684 1755/1755/1685 1557/1557/1489
f 1754/1754/1684 1557/1557/1489 1753/1753/1683
f 1754/1754/1684 1753/1753/1683 1751/1751/1681
f 1754/1754/1684 1751/1751/1681 1756/1756/1686
f 1754/1754/1684 1756/1756/1686 1757/1757/1687
f 1754/1754/1684 1757/1757/1687 1755/1755/1685
f 1758/1758/1688 1562/1562/1494 1557/1557/1489
f 1758/1758/1688 1557/1557/1489 1755/1755/1685
f 1758/1758/1688 1755/1755/1685 1757/1757/1687
f 1758/1758/1688 1757/1757/1687 1759/1759/1689
f 1758/1758/1688 1759/1759/1689 1563/1563/1495
f 1758/1758/1688 1563/1563/1495 1562/1562/1494
f 1760/1760/1690 1761/1761/1691 1563/1563/1495
f 1760/1760/1690 1563/1563/1495 1759/1759/1689
f 1760/1760/1690 1759/1759/1689 1757/1757/1687
f 1760/1760/1690 1757/1757/1687 1762/1762/1692
f 1760/1760/1690 1762/1762/1692 1763/1763/1693
f 1760/1760/1690 1763/1763/1693 1761/1761/1691
f 1764/1764/1694 1568/1568/1500 1563/1563/1495
f 1764/1764/1694 1563/1563/1495 1761/1761/1691
f 1764/1764/1694 1761/1761/1691 1763/1763/1693
f 1764/1764/1694 1763/1763/1693 1765/1765/1695
f 1764/1764/1694 1765/1765/1695 1569/1569/1501
f 1764/1764/1694 1569/1569/1501 1568/1568/1500
f 1766/1766/1696 1767/1767/1697 1569/1569/1501
f 1766/1766/1696 1569/1569/1501 1765/1765/1695
f 1766/1766/1696 1765/1765/1695 1763/1763/1693
f 1766/1766/1696 1763/1763/1693 1768/1768/1698
f 1766/1766/1696 1768/1768/1698 1769/1769/1699
f 1766/1766/1696 1769/1769/1699 1767/1767/1697
f 1770/1770/1700 1574/1574/1506 1569/1569/1501
f 1770/1770/1700 1569/1569/1501 1767/1767/1697
f 1770/1770/1700 1767/1767/1697 1769/1769/1699
f 1770/1770/1700 1769/1769/1699 1771/1771/1701
f 1770/1770/1700 1771/1771/1701 1575/1575/1507
f 1770/1770/1700 1575/1575/1507 1574/1574/1506
f 1772/1772/1702 1773/1773/1703 1575/1575/1507
f 1772/1772/1702 1575/1575/1507 1771/1771/1701
f 1772/1772/1702 1771/1771/1701 1769/1769/1699
f 1772/1772/1702 1769/1769/1699 1774/1774/1704
f 1772/1772/1702 1774/1774/1704 1775/1775/1705
f 1772/1772/1702 1775/1775/1705 1773/1773/1703
f 1776/1776/1706 1580/1580/1512 1575/1575/1507
f 1776/1776/1706 1575/1575/1507 1773/1773/1703
f 1776/1776/1706 1773/1773/1703 1775/1775/1705
f 1776/1776/1706 1775/1775/1705 1777/1777/1707
f 1776/1776/1706 1777/1777/1707 1581/1581/1513
f 1776/1776/1706 1581/1581/1513 1580/1580/1512
f 1778/1778/1708 1779/1779/1709 1581/1581/1513
f 1778/1778/1708 1581/1581/1513 1777/1777/1707
f 1778/1778/1708 1777/1777/1707 1775/1775/1705
f 1778/1778/1708 1775/1775/1705 1780/1780/1710
f 1778/1778/1708 1780/1780/1710 1781/1781/1711
f 1778/1778/1708 1781/1781/1711 1779/1779/1709
f 1782/1782/1712 1586/1586/1518 1581/1581/1513
f 1782/1782/1712 1581/1581/1513 1779/1779/1709
f 1782/1782/1712 1779/1779/1709 1781/1781/1711
f 1782/1782/1712 1781/1781/1711 1783/1783/1713
f 1782/1782/1712 1783/1783/1713 1587/1587/1519
f 1782/1782/1712 1587/1587/1519 1586/1586/1518
f 1784/1784/1714 1785/1785/1715 1587/1587/1519
f 1784/1784/1714 1587/1587/1519 1783/1783/1713
f 1784/1784/1714 1783/1783/1713 1781/1781/1711
f 1784/1784/1714 1781/1781/1711 1786/1786/1716
f 1784/1784/1714 1786/1786/1716 1787/1787/1717
f 1784/1784/1714 1787/1787/1717 1785/1785/1715
f 1788/1788/1718 1592/1592/1524 1587/1587/1519
f 1788/1788/1718 1587/1587/1519 1785/1785/1715
f 1788/1788/1718 1785/1785/1715 1787/1787/1717
f 1788/1788/1718 1787/1787/1717 1789/1789/1719
f 1788/1788/1718 1789/1789/1719 1593/1593/1525
f 1788/1788/1718 1593/1593/1525 1592/1592/1524
f 1790/1790/1720 1791/1791/1721 1593/1593/1525
f 1790/1790/1720 1593/1593/1525 1789/1789/1719
f 1790/1790/1720 1789/1789/1719 1787/1787/1717
f 1790/1790/1720 1787/1787/1717 1792/1792/1722
f 1790/1790/1720 1792/1792/1722 1793/1793/1723
f 1790/1790/1720 1793/1793/1723 1791/1791/1721
f 1794/1794/1724 1598/1598/1530 1593/1593/1525
f 1794/1794/1724 1593/1593/1525 1791/1791/1721
f 1794/1794/1724 1791/1791/1721 1793/1793/1723
f 1794/1794/1724 1793/1793/1723 1795/1795/1725
f 1794/1794/1724 1795/1795/1725 1599/1599/1531
f 1794/1794/1724 1599/1599/1531 1598/1598/1530
f 1796/1796/1726 1797/1797/1727 1599/1599/1531
f 1796/1796/1726 1599/1599/1531 1795/1795/1725
f 1796/1796/1726 1795/1795/1725 1793/1793/1723
f 1796/1796/1726 1793/1793/1723 1798/1798/1728
f 1796/1796/1726 1798/1798/1728 1799/1799/1729
f 1796/1796/1726 1799/1799/1729 1797/1797/1727
f 1800/1800/1730 1604/1604/1536 1599/1599/1531
f 1800/1800/1730 1599/1599/1531 1797/1797/1727
f 1800/1800/1730 1797/1797/1727 1799/1799/1729
f 1800/1800/1730 1799/1799/1729 1801/1801/1731
f 1800/1800/1730 1801/1801/1731 1605/1605/1537
f 1800/1800/1730 1605/1605/1537 1604/1604/1536
f 1802/1802/1732 1803/1803/1733 1605/1605/1537
f 1802/1802/1732 1605/1605/1537 1801/1801/1731
f 1802/1802/1732 1801/1801/1731 1799/1799/1729
f 1802/1802/1732 1799/1799/1729 1804/1804/1734
f 1802/1802/1732 1804/1804/1734 1805/1805/1735
f 1802/1802/1732 1805/1805/1735 1803/1803/1733
f 1806/1806/1736 1610/1610/1542 1605/1605/1537
f 1806/1806/1736 1605/1605/1537 1803/1803/1733
f 1806/1806/1736 1803/1803/1733 1805/1805/1735
f 1806/1806/1736 1805/1805/1735 1807/1807/1737
f 1806/1806/1736 1807/1807/1737 1611/1611/1543
f 1806/1806/1736 1611/1611/1543 1610/1610/1542
f 1808/1808/1738 1809/1809/1739 1611/1611/1543
f 1808/1808/1738 1611/1611/1543 1807/1807/1737
f 1808/1808/1738 1807/1807/1737 1805/1805/1735
f 1808/1808/1738 1805/1805/1735 1810/1810/1740
f 1808/1808/1738 1810/1810/1740 1811/1811/1741
f 1808/1808/1738 1811/1811/1741 1809/1809/1739
f 1812/1812/1742 1616/1616/1548 1611/1611/1543
f 1812/1812/1742 1611/1611/1543 1809/1809/1739
f 1812/1812/1742 1809/1809/1739 1811/1811/1741
f 1812/1812/1742 1811/1811/1741 1813/1813/1743
f 1812/1812/1742 1813/1813/1743 1617/1617/1549
f 1812/1812/1742 1617/1617/1549 1616/1616/1548
f 1814/1814/1744 1815/1815/1745 1617/1617/1549
f 1814/1814/1744 1617/1617/1549 1813/1813/1743
f 1814/1814/1744 1813/1813/1743 1811/1811/1741
f 1814/1814/1744 1811/1811/1741 1816/1816/1746
f 1814/1814/1744 1816/1816/1746 1817/1817/1747
f 1814/1814/1744 1817/1817/1747 1815/1815/1745
f 1818/1818/1748 1622/1622/1554 1617/1617/1549
f 1818/1818/1748 1617/1617/1549 1815/1815/1745
f 1818/1818/1748 1815/1815/1745 1817/1817/1747
f 1818/1818/1748 1817/1817/1747 1819/1819/1749
f 1818/1818/1748 1819/1819/1749 1623/1623/1555
f 1818/1818/1748 1623/1623/1555 1622/1622/1554
f 1820/1820/1750 1821/1821/1751 1623/1623/1555
f 1820/1820/1750 1623/1623/1555 1819/1819/1749
f 1820/1820/1750 1819/1819/1749 1817/1817/1747
f 1820/1820/1750 1817/1817/1747 1822/1822/1752
f 1820/1820/1750 1822/1822/1752 1823/1823/1753
f 1820/1820/1750 1823/1823/1753 1821/1821/1751
f 1824/1824/1754 1628/1628/1560 1623/1623/1555
f 1824/1824/1754 1623/1623/1555 1821/1821/1751
f 1824/1824/1754 1821/1821/1751 1823/1823/1753
f 1824/1824/1754 1823/1823/1753 1825/1825/1755
f 1824/1824/1754 1825/1825/1755 1629/1629/1561
f 1824/1824/1754 1629/1629/1561 1628/1628/1560
f 1826/1826/1756 1827/1827/1757 1629/1629/1561
f 1826/1826/1756 1629/1629/1561 1825/1825/1755
f 1826/1826/1756 1825/1825/1755 1823/1823/1753
f 1826/1826/1756 1823/1823/1753 1828/1828/1758
f 1826/1826/1756 1828/1828/1758 1829/1829/1759
f 1826/1826/1756 1829/1829/1759 1827/1827/1757
f 1830/1830/1760 1634/1634/1566 1629/1629/1561
f 1830/1830/1760 1629/1629/1561 1827/1827/1757
f 1830/1830/1760 1827/1827/1757 1829/1829/1759
f 1830/1830/1760 1829/1829/1759 1831/1831/1761
f 1830/1830/1760 1831/1831/1761 1635/1635/1567
f 1830/1830/1760 1635/1635/1567 1634/1634/1566
f 1832/1832/1762 1833/1833/1763 1635/1635/1567
f 1832/1832/1762 1635/1635/1567 1831/1831/1761
f 1832/1832/1762 1831/1831/1761 1829/1829/1759
f 1832/1832/1762 1829/1829/1759 1834/1834/1764
f 1832/1832/1762 1834/1834/1764 1835/1835/1765
f 1832/1832/1762 1835/1835/1765 1833/1833/1763
f 1836/1836/1766 1640/1640/1572 1635/1635/1567
f 1836/1836/1766 1635/1635/1567 1833/1833/1763
f 1836/1836/1766 1833/1833/1763 1835/1835/1765
f 1836/1836/1766 1835/1835/1765 1837/1837/1767
f 1836/1836/1766 1837/1837/1767 1641/1641/1573
f 1836/1836/1766 1641/1641/1573 1640/1640/1572
f 1838/1838/1768 1839/1839/1769 1641/1641/1573
f 1838/1838/1768 1641/1641/1573 1837/1837/1767
f 1838/1838/1768 1837/1837/1767 1835/1835/1765
f 1838/1838/1768 1835/1835/1765 1840/1840/1770
f 1838/1838/1768 1840/1840/1770 1841/1841/1771
f 1838/1838/1768 1841/1841/1771 1839/1839/1769
f 1842/1842/1772 1646/1646/1578 1641/1641/1573
f 1842/1842/1772 1641/1641/1573 1839/1839/1769
f 1842/1842/1772 1839/1839/1769 1841/1841/1771
f 1842/1842/1772 1841/1841/1771 1843/1843/1773
f 1842/1842/1772 1843/1843/1773 1647/1647/1579
f 1842/1842/1772 1647/1647/1579 1646/1646/1578
f 1844/1844/1774 1845/1845/1775 1647/1647/1579
f 1844/1844/1774 1647/1647/1579 1843/1843/1773
f 1844/1844/1774 1843/1843/1773 1841/1841/1771
f 1844/1844/1774 1841/1841/1771 1846/1846/1776
f 1844/1844/1774 1846/1846/1776 1847/1847/1777
f 1844/1844/1774 1847/1847/1777 1845/1845/1775
f 1848/1848/1778 1652/1652/1584 1647/1647/1579
f 1848/1848/1778 1647/1647/1579 1845/1845/1775
f 1848/1848/1778 1845/1845/1775 1847/1847/1777
f 1848/1848/1778 1847/1847/1777 1849/1849/1779
f 1848/1848/1778 1849/1849/1779 1653/1653/1585
f 1848/1848/1778 1653/1653/1585 1652/1652/1584
f 1850/1850/1780 1851/1851/1781 1653/1653/1585
f 1850/1850/1780 1653/1653/1585 1849/1849/1779
f 1850/1850/1780 1849/1849/1779 1847/1847/1777
f 1850/1850/1780 1847/1847/1777 1852/1852/1782
f 1850/1850/1780 1852/1852/1782 1853/1853/1783
f 1850/1850/1780 1853/1853/1783 1851/1851/1781
f 1854/1854/1784 1658/1658/1590 1653/1653/1585
f 1854/1854/1784 1653/1653/1585 1851/1851/1781
f 1854/1854/1784 1851/1851/1781 1853/1853/1783
f 1854/1854/1784 1853/1853/1783 1855/1855/1785
f 1854/1854/1784 1855/1855/1785 1659/1659/1591
f 1854/1854/1784 1659/1659/1591 1658/1658/1590
f 1856/1856/1786 1857/1857/1787 1659/1659/1591
f 1856/1856/1786 1659/1659/1591 1855/1855/1785
f 1856/1856/1786 1855/1855/1785 1853/1853/1783
f 1856/1856/1786 1853/1853/1783 1858/1858/1788
f 1856/1856/1786 1858/1858/1788 1859/1859/1789
f 1856/1856/1786 1859/1859/1789 1857/1857/1787
f 1860/1860/1790 1664/1664/1596 1659/1659/1591
f 1860/1860/1790 1659/1659/1591 1857/1857/1787
f 1860/1860/1790 1857/1857/1787 1859/1859/1789
f 1860/1860/1790 1859/1859/1789 1861/1861/1791
f 1860/1860/1790 1861/1861/1791 1665/1665/1597
f 1860/1860/1790 1665/1665/1597 1664/1664/1596
f 1862/1862/1792 1863/1863/1793 1665/1665/1597
f 1862/1862/1792 1665/1665/1597 1861/1861/1791
f 1862/1862/1792 1861/1861/1791 1859/1859/1789
f 1862/1862/1792 1859/1859/1789 1864/1864/1794
f 1862/1862/1792 1864/1864/1794 1865/1865/1795
f 1862/1862/1792 1865/1865/1795 1863/1863/1793
f 1866/1866/1796 1670/1670/1602 1665/1665/1597
f 1866/1866/1796 1665/1665/1597 1863/1863/1793
f 1866/1866/1796 1863/1863/1793 1865/1865/1795
f 1866/1866/1796 1865/1865/1795 1867/1867/1797
f 1866/1866/1796 1867/1867/1797 1671/1671/1603
f 1866/1866/1796 1671/1671/1603 1670/1670/1602
f 1868/1868/1798 1869/1869/1799 1671/1671/1603
f 1868/1868/1798 1671/1671/1603 1867/1867/1797
f 1868/1868/1798 1867/1867/1797 1865/1865/1795
f 1868/1868/1798 1865/1865/1795 1870/1870/1800
f 1868/1868/1798 1870/1870/1800 1871/1871/1801
f 1868/1868/1798 1871/1871/1801 1869/1869/1799
f 1872/1872/1802 1676/1676/1608 1671/1671/1603
f 1872/1872/1802 1671/1671/1603 1869/1869/1799
f 1872/1872/1802 1869/1869/1799 1871/1871/1801
f 1872/1872/1802 1871/1871/1801 1873/1873/1803
f 1872/1872/1802 1873/1873/1803 1677/1677/1609
f 1872/1872/1802 1677/1677/1609 1676/1676/1608
f 1874/1874/1804 1875/1875/1805 1677/1677/1609
f 1874/1874/1804 1677/1677/1609 1873/1873/1803
f 1874/1874/1804 1873/1873/1803 1871/1871/1801
f 1874/1874/1804 1871/1871/1801 1876/1876/1806
f 1874/1874/1804 1876/1876/1806 1877/1877/1807
f 1874/1874/1804 1877/1877/1807 1875/1875/1805
f 1878/1878/1808 1682/1682/1614 1677/1677/1609
f 1878/1878/1808 1677/1677/1609 1875/1875/1805
f 1878/1878/1808 1875/1875/1805 1877/1877/1807
f 1878/1878/1808 1877/1877/1807 1879/1879/1809
f 1878/1878/1808 1879/1879/1809 1683/1683/1615
f 1878/1878/1808 1683/1683/1615 1682/1682/1614
f 1880/1880/1810 1881/1881/1811 1683/1683/1615
f 1880/1880/1810 1683/1683/1615 1879/1879/1809
f 1880/1880/1810 1879/1879/1809 1877/1877/1807
f 1880/1880/1810 1877/1877/1807 1882/1882/1812
f 1880/1880/1810 1882/1882/1812 1883/1883/1813
f 1880/1880/1810 1883/1883/1813 1881/1881/1811
f 1884/1884/1814 1688/1688/1620 1683/1683/1615
f 1884/1884/1814 1683/1683/1615 1881/1881/1811
f 1884/1884/1814 1881/1881/1811 1883/1883/1813
f 1884/1884/1814 1883/1883/1813 1885/1885/1815
f 1884/1884/1814 1885/1885/1815 1689/1689/1621
f 1884/1884/1814 1689/1689/1621 1688/1688/1620
f 1886/1886/1816 1887/1887/1817 1689/1689/1621
f 1886/1886/1816 1689/1689/1621 1885/1885/1815
f 1886/1886/1816 1885/1885/1815 1883/1883/1813
f 1886/1886/1816 1883/1883/1813 1888/1888/1818
f 1886/1886/1816 1888/1888/1818 1889/1889/1819
f 1886/1886/1816 1889/1889/1819 1887/1887/1817
f 1890/1890/1820 1694/1694/1626 1689/1689/1621
f 1890/1890/1820 1689/1689/1621 1887/1887/1817
f 1890/1890/1820 1887/1887/1817 1889/1889/1819
f 1890/1890/1820 1889/1889/1819 1891/1891/1821
f 1890/1890/1820 1891/1891/1821 1695/1695/1627
f 1890/1890/1820 1695/1695/1627 1694/1694/1626
f 1892/1892/1822 1893/1893/1823 1695/1695/1627
f 1892/1892/1822 1695/1695/1627 1891/1891/1821
f 1892/1892/1822 1891/1891/1821 1889/1889/1819
f 1892/1892/1822 1889/1889/1819 1894/1894/1824
f 1892/1892/1822 1894/1894/1824 1895/1895/1825
f 1892/1892/1822 1895/1895/1825 1893/1893/1823
f 1896/1896/1826 1700/1700/1632 1695/1695/1627
f 1896/1896/1826 1695/1695/1627 1893/1893/1823
f 1896/1896/1826 1893/1893/1823 1895/1895/1825
f 1896/1896/1826 1895/1895/1825 1897/1897/1827
f 1896/1896/1826 1897/1897/1827 1701/1701/1633
f 1896/1896/1826 1701/1701/1633 1700/1700/1632
f 1898/1898/1828 1899/1899/1829 1701/1701/1633
f 1898/1898/1828 1701/1701/1633 1897/1897/1827
f 1898/1898/1828 1897/1897/1827 1895/1895/1825
f 1898/1898/1828 1895/1895/1825 1900/1900/1830
f 1898/1898/1828 1900/1900/1830 1901/1901/1831
f 1898/1898/1828 1901/1901/1831 1899/1899/1829
f 1902/1902/1832 1706/1706/1638 1701/1701/1633
f 1902/1902/1832 1701/1701/1633 1899/1899/1829
f 1902/1902/1832 1899/1899/1829 1901/1901/1831
f 1902/1902/1832 1901/1901/1831 1903/1903/1833
f 1902/1902/1832 1903/1903/1833 1707/1707/1639
f 1902/1902/1832 1707/1707/1639 1706/1706/1638
f 1904/1904/1834 1905/1905/1835 1707/1707/1639
f 1904/1904/1834 1707/1707/1639 1903/1903/1833
f 1904/1904/1834 1903/1903/1833 1901/1901/1831
f 1904/1904/1834 1901/1901/1831 1906/1906/1836
f 1904/1904/1834 1906/1906/1836 1907/1907/1837
f 1904/1904/1834 1907/1907/1837 1905/1905/1835
f 1908/1908/1838 1712/1712/1644 1707/1707/1639
f 1908/1908/1838 1707/1707/1639 1905/1905/1835
f 1908/1908/1838 1905/1905/1835 1907/1907/1837
f 1908/1908/1838 1907/1907/1837 1909/1909/1839
f 1908/1908/1838 1909/1909/1839 1713/1713/1645
f 1908/1908/1838 1713/1713/1645 1712/1712/1644
f 1910/1910/1840 1911/1911/1841 1713/1713/1645
f 1910/1910/1840 1713/1713/1645 1909/1909/1839
f 1910/1910/1840 1909/1909/1839 1907/1907/1837
f 1910/1910/1840 1907/1907/1837 1912/1912/1842
f 1910/1910/1840 1912/1912/1842 1913/1913/1843
f 1910/1910/1840 1913/1913/1843 1911/1911/1841
f 1914/1914/1844 1718/1718/1650 1713/1713/1645
f 1914/1914/1844 1713/1713/1645 1911/1911/1841
f 1914/1914/1844 1911/1911/1841 1913/1913/1843
f 1914/1914/1844 1913/1913/1843 1915/1915/1845
f 1914/1914/1844 1915/1915/1845 1719/1719/1651
f 1914/1914/1844 1719/1719/1651 1718/1718/1650
f 1916/1916/1846 1917/1917/1847 1719/1719/1651
f 1916/1916/1846 1719/1719/1651 1915/1915/1845
f 1916/1916/1846 1915/1915/1845 1913/1913/1843
f 1916/1916/1846 1913/1913/1843 1918/1918/1848
f 1916/1916/1846 1918/1918/1848 1919/1919/1849
f 1916/1916/1846 1919/1919/1849 1917/1917/1847
f 1920/1920/1850 1724/1724/1656 1719/1719/1651
f 1920/1920/1850 1719/1719/1651 1917/1917/1847
f 1920/1920/1850 1917/1917/1847 1919/1919/1849
f 1920/1920/1850 1919/1919/1849 1921/1921/1851
f 1920/1920/1850 1921/1921/1851 1725/1725/1657
f 1920/1920/1850 1725/1725/1657 1724/1724/1656
f 1922/1922/1852 1923/1923/1853 1725/1725/1657
f 1922/1922/1852 1725/1725/1657 1921/1921/1851
f 1922/1922/1852 1921/1921/1851 1919/1919/1849
f 1922/1922/1852 1919/1919/1849 1924/1924/1854
f 1922/1922/1852 1924/1924/1854 1925/1925/1855
f 1922/1922/1852 1925/1925/1855 1923/1923/1853
f 1926/1926/1856 1730/1730/1662 1725/1725/1657
f 1926/1926/1856 1725/1725/1657 1923/1923/1853
f 1926/1926/1856 1923/1923/1853 1925/1925/1855
f 1926/1926/1856 1925/1925/1855 1927/1927/1857
f 1926/1926/1856 1927/1927/1857 1731/1731/1663
f 1926/1926/1856 1731/1731/1663 1730/1730/1662
f 1928/1928/1858 1929/1929/1859 1731/1731/1663
f 1928/1928/1858 1731/1731/1663 1927/1927/1857
f 1928/1928/1858 1927/1927/1857 1925/1925/1855
f 1928/1928/1858 1925/1925/1855 1930/1930/1860
f 1928/1928/1858 1930/1930/1860 1931/1931/1861
f 1928/1928/1858 1931/1931/1861 1929/1929/1859
f 1932/1932/1862 1736/1736/1668 1731/1731/1663
f 1932/1932/1862 1731/1731/1663 1929/1929/1859
f 1932/1932/1862 1929/1929/1859 1931/1931/1861
f 1932/1932/1862 1931/1931/1861 1933/1933/1863
f 1932/1932/1862 1933/1933/1863 1737/1737/1669
f 1932/1932/1862 1737/1737/1669 1736/1736/1668
f 1934/1934/1864 1935/1935/1865 1737/1737/1669
f 1934/1934/1864 1737/1737/1669 1933/1933/1863
f 1934/1934/1864 1933/1933/1863 1931/1931/1861
f 1934/1934/1864 1931/1931/1861 1936/1936/1866
f 1934/1934/1864 1936/1936/1866 1937/1937/1679
f 1934/1934/1864 1937/1937/1679 1935/1935/1865
f 1938/1938/1867 1742/1742/1674 1737/1737/1669
f 1938/1938/1867 1737/1737/1669 1935/1935/1865
f 1938/1938/1867 1935/1935/1865 1937/1937/1679
f 1938/1938/1867 1937/1937/1679 1939/1939/1868
f 1938/1938/1867 1939/1939/1868 1743/1743/1487
f 1938/1938/1867 1743/1743/1487 1742/1742/1674
f 1940/1940/1869 1941/1941/1870 1749/1749/1679
f 1940/1940/1869 1749/1749/1679 1942/1942/1871
f 1940/1940/1869 1942/1942/1871 1943/1943/1872
f 1940/1940/1869 1943/1943/1872 1944/1944/1873
f 1940/1940/1869 1944/1944/1873 1945/1945/1874
f 1940/1940/1869 1945/1945/1874 1941/1941/1870
f 1946/1946/1875 1750/1750/1680 1749/1749/1679
f 1946/1946/1875 1749/1749/1679 1941/1941/1870
f 1946/1946/1875 1941/1941/1870 1945/1945/1874
f 1946/1946/1875 1945/1945/1874 1947/1947/1876
f 1946/1946/1875 1947/1947/1876 1751/1751/1681
f 1946/1946/1875 1751/1751/1681 1750/1750/1680
f 1948/1948/1877 1949/1949/1878 1751/1751/1681
f 1948/1948/1877 1751/1751/1681 1947/1947/1876
f 1948/1948/1877 1947/1947/1876 1945/1945/1874
f 1948/1948/1877 1945/1945/1874 1950/1950/1879
f 1948/1948/1877 1950/1950/1879 1951/1951/1880
f 1948/1948/1877 1951/1951/1880 1949/1949/1878
f 1952/1952/1881 1756/1756/1686 1751/1751/1681
f 1952/1952/1881 1751/1751/1681 1949/1949/1878
f 1952/1952/1881 1949/1949/1878 1951/1951/1880
f 1952/1952/1881 1951/1951/1880 1953/1953/1882
f 1952/1952/1881 1953/1953/1882 1757/1757/1687
f 1952/1952/1881 1757/1757/1687 1756/1756/1686
f 1954/1954/1883 1955/1955/1884 1757/1757/1687
f 1954/1954/1883 1757/1757/1687 1953/1953/1882
f 1954/1954/1883 1953/1953/1882 1951/1951/1880
f 1954/1954/1883 1951/1951/1880 1956/1956/1885
f 1954/1954/1883 1956/1956/1885 1957/1957/1886
f 1954/1954/1883 1957/1957/1886 1955/1955/1884
f 1958/1958/1887 1762/1762/1692 1757/1757/1687
f 1958/1958/1887 1757/1757/1687 1955/1955/1884
f 1958/1958/1887 1955/1955/1884 1957/1957/1886
f 1958/1958/1887 1957/1957/1886 1959/1959/1888
f 1958/1958/1887 1959/1959/1888 1763/1763/1693
f 1958/1958/1887 1763/1763/1693 1762/1762/1692
f 1960/1960/1889 1961/1961/1890 1763/1763/1693
f 1960/1960/1889 1763/1763/1693 1959/1959/1888
f 1960/1960/1889 1959/1959/1888 1957/1957/1886
f 1960/1960/1889 1957/1957/1886 1962/1962/1891
f 1960/1960/1889 1962/1962/1891 1963/1963/1892
f 1960/1960/1889 1963/1963/1892 1961/1961/1890
f 1964/1964/1893 1768/1768/1698 1763/1763/1693
f 1964/1964/1893 1763/1763/1693 1961/1961/1890
f 1964/1964/1893 1961/1961/1890 1963/1963/1892
f 1964/1964/1893 1963/1963/1892 1965/1965/1894
f 1964/1964/1893 1965/1965/1894 1769/1769/1699
f 1964/1964/1893 1769/1769/1699 1768/1768/1698
f 1966/1966/1895 1967/1967/1896 1769/1769/1699
f 1966/1966/1895 1769/1769/1699 1965/1965/1894
f 1966/1966/1895 1965/1965/1894 1963/1963/1892
f 1966/1966/1895 1963/1963/1892 1968/1968/1897
f 1966/1966/1895 1968/1968/1897 1969/1969/1898
f 1966/1966/1895 1969/1969/1898 1967/1967/1896
f 1970/1970/1899 1774/1774/1704 1769/1769/1699
f 1970/1970/1899 1769/1769/1699 1967/1967/1896
f 1970/1970/1899 1967/1967/1896 1969/1969/1898
f 1970/1970/1899 1969/1969/1898 1971/1971/1900
f 1970/1970/1899 1971/1971/1900 1775/1775/1705
f 1970/1970/1899 1775/1775/1705 1774/1774/1704
f 1972/1972/1901 1973/1973/1902 1775/1775/1705
f 1972/1972/1901 1775/1775/1705 1971/1971/1900
f 1972/1972/1901 1971/1971/1900 1969/1969/1898
f 1972/1972/1901 1969/1969/1898 1974/1974/1903
f 1972/1972/1901 1974/1974/1903 1975/1975/1904
f 1972/1972/1901 1975/1975/1904 1973/1973/1902
f 1976/1976/1905 1780/1780/1710 1775/1775/1705
f 1976/1976/1905 1775/1775/1705 1973/1973/1902
f 1976/1976/1905 1973/1973/1902 1975/1975/1904
f 1976/1976/1905 1975/1975/1904 1977/1977/1906
f 1976/1976/1905 1977/1977/1906 1781/1781/1711
f 1976/1976/1905 1781/1781/1711 1780/1780/1710
f 1978/1978/1907 1979/1979/1908 1781/1781/1711
f 1978/1978/1907 1781/1781/1711 1977/1977/1906
f 1978/1978/1907 1977/1977/1906 1975/1975/1904
f 1978/1978/1907 1975/1975/1904 1980/1980/1909
f 1978/1978/1907 1980/1980/1909 1981/1981/1910
f 1978/1978/1907 1981/1981/1910 1979/1979/1908
f 1982/1982/1911 1786/1786/1716 1781/1781/1711
f 1982/1982/1911 1781/1781/1711 1979/1979/1908
f 1982/1982/1911 1979/1979/1908 1981/1981/1910
f 1982/1982/1911 1981/1981/1910 1983/1983/1912
f 1982/1982/1911 1983/1983/1912 1787/1787/1717
f 1982/1982/1911 1787/1787/1717 1786/1786/1716
f 1984/1984/1913 1985/1985/1914 1787/1787/1717
f 1984/1984/1913 1787/1787/1717 1983/1983/1912
f 1984/1984/1913 1983/1983/1912 1981/1981/1910
f 1984/1984/1913 1981/1981/1910 1986/1986/1915
f 1984/1984/1913 1986/1986/1915 1987/1987/1916
f 1984/1984/1913 1987/1987/1916 1985/1985/1914
f 1988/1988/1917 1792/1792/1722 1787/1787/1717
f 1988/1988/1917 1787/1787/1717 1985/1985/1914
f 1988/1988/1917 1985/1985/1914 1987/1987/1916
f 1988/1988/1917 1987/1987/1916 1989/1989/1918
f 1988/1988/1917 1989/1989/1918 1793/1793/1723
f 1988/1988/1917 1793/1793/1723 1792/1792/1722
f 1990/1990/1919 1991/1991/1920 1793/1793/1723
f 1990/1990/1919 1793/1793/1723 1989/1989/1918
f 1990/1990/1919 1989/1989/1918 1987/1987/1916
f 1990/1990/1919 1987/1987/1916 1992/1992/1921
f 1990/1990/1919 1992/1992/1921 1993/1993/1922
f 1990/1990/1919 1993/1993/1922 1991/1991/1920
f 1994/1994/1923 1798/1798/1728 1793/1793/1723
f 1994/1994/1923 1793/1793/1723 1991/1991/1920
f 1994/1994/1923 1991/1991/1920 1993/1993/1922
f 1994/1994/1923 1993/1993/1922 1995/1995/1924
f 1994/1994/1923 1995/1995/1924 1799/1799/1729
f 1994/1994/1923 1799/1799/1729 1798/1798/1728
f 1996/1996/1925 1997/1997/1926 1799/1799/1729
f 1996/1996/1925 1799/1799/1729 1995/1995/1924
f 1996/1996/1925 1995/1995/1924 1993/1993/1922
f 1996/1996/1925 1993/1993/1922 1998/1998/1927
f 1996/1996/1925 1998/1998/1927 1999/1999/1928
f 1996/1996/1925 1999/1999/1928 1997/1997/1926
f 2000/2000/1929 1804/1804/1734 1799/1799/1729
f 2000/2000/1929 1799/1799/1729 1997/1997/1926
f 2000/2000/1929 1997/1997/1926 1999/1999/1928
f 2000/2000/1929 1999/1999/1928 2001/2001/1930
f 2000/2000/1929 2001/2001/1930 1805/1805/1735
f 2000/2000/1929 1805/1805/1735 1804/1804/1734
f 2002/2002/1931 2003/2003/1932 1805/1805/1735
f 2002/2002/1931 1805/1805/1735 2001/2001/1930
f 2002/2002/1931 2001/2001/1930 1999/1999/1928
f 2002/2002/1931 1999/1999/1928 2004/2004/1933
f 2002/2002/1931 2004/2004/1933 2005/2005/1934
f 2002/2002/1931 2005/2005/1934 2003/2003/1932
f 2006/2006/1935 1810/1810/1740 1805/1805/1735
f 2006/2006/1935 1805/1805/1735 2003/2003/1932
f 2006/2006/1935 2003/2003/1932 2005/2005/1934
f 2006/2006/1935 2005/2005/1934 2007/2007/1936
f 2006/2006/1935 2007/2007/1936 1811/1811/1741
f 2006/2006/1935 1811/1811/1741 1810/1810/1740
f 2008/2008/1937 2009/2009/1938 1811/1811/1741
f 2008/2008/1937 1811/1811/1741 2007/2007/1936
f 2008/2008/1937 2007/2007/1936 2005/2005/1934
f 2008/2008/1937 2005/2005/1934 2010/2010/1939
f 2008/2008/1937 2010/2010/1939 2011/2011/1940
f 2008/2008/1937 2011/2011/1940 2009/2009/1938
f 2012/2012/1941 1816/1816/1746 1811/1811/1741
f 2012/2012/1941 1811/1811/1741 2009/2009/1938
f 2012/2012/1941 2009/2009/1938 2011/2011/1940
f 2012/2012/1941 2011/2011/1940 2013/2013/1942
f 2012/2012/1941 2013/2013/1942 1817/1817/1747
f 2012/2012/1941 1817/1817/1747 1816/1816/1746
f 2014/2014/1943 2015/2015/1944 1817/1817/1747
f 2014/2014/1943 1817/1817/1747 2013/2013/1942
f 2014/2014/1943 2013/2013/1942 2011/2011/1940
f 2014/2014/1943 2011/2011/1940 2016/2016/1945
f 2014/2014/1943 2016/2016/1945 2017/2017/1946
f 2014/2014/1943 2017/2017/1946 2015/2015/1944
f 2018/2018/1947 1822/1822/1752 1817/1817/1747
f 2018/2018/1947 1817/1817/1747 2015/2015/1944
f 2018/2018/1947 2015/2015/1944 2017/2017/1946
f 2018/2018/1947 2017/2017/1946 2019/2019/1948
f 2018/2018/1947 2019/2019/1948 1823/1823/1753
f 2018/2018/1947 1823/1823/1753 1822/1822/1752
f 2020/2020/1949 2021/2021/1950 1823/1823/1753
f 2020/2020/1949 1823/1823/1753 2019/2019/1948
f 2020/2020/1949 2019/2019/1948 2017/2017/1946
f 2020/2020/1949 2017/2017/1946 2022/2022/1951
f 2020/2020/1949 2022/2022/1951 2023/2023/1952
f 2020/2020/1949 2023/2023/1952 2021/2021/1950
f 2024/2024/1953 1828/1828/1758 1823/1823/1753
f 2024/2024/1953 1823/1823/1753 2021/2021/1950
f 2024/2024/1953 2021/2021/1950 2023/2023/1952
f 2024/2024/1953 2023/2023/1952 2025/2025/1954
f 2024/2024/1953 2025/2025/1954 1829/1829/1759
f 2024/2024/1953 1829/1829/1759 1828/1828/1758
f 2026/2026/1955 2027/2027/1956 1829/1829/1759
f 2026/2026/1955 1829/1829/1759 2025/2025/1954
f 2026/2026/1955 2025/2025/1954 2023/2023/1952
f 2026/2026/1955 2023/2023/1952 2028/2028/1957
f 2026/2026/1955 2028/2028/1957 2029/2029/1958
f 2026/2026/1955 2029/2029/1958 2027/2027/1956
f 2030/2030/1959 1834/1834/1764 1829/1829/1759
f 2030/2030/1959 1829/1829/1759 2027/2027/1956
f 2030/2030/1959 2027/2027/1956 2029/2029/1958
f 2030/2030/1959 2029/2029/1958 2031/2031/1960
f 2030/2030/1959 2031/2031/1960 1835/1835/1765
f 2030/2030/1959 1835/1835/1765 1834/1834/1764
f 2032/2032/1961 2033/2033/1962 1835/1835/1765
f 2032/2032/1961 1835/1835/1765 2031/2031/1960
f 2032/2032/1961 2031/2031/1960 2029/2029/1958
f 2032/2032/1961 2029/2029/1958 2034/2034/1963
f 2032/2032/1961 2034/2034/1963 2035/2035/1964
f 2032/2032/1961 2035/2035/1964 2033/2033/1962
f 2036/2036/1965 1840/1840/1770 1835/1835/1765
f 2036/2036/1965 1835/1835/1765 2033/2033/1962
f 2036/2036/1965 2033/2033/1962 2035/2035/1964
f 2036/2036/1965 2035/2035/1964 2037/2037/1966
f 2036/2036/1965 2037/2037/1966 1841/1841/1771
f 2036/2036/1965 1841/1841/1771 1840/1840/1770
f 2038/2038/1967 2039/2039/1968 1841/1841/1771
f 2038/2038/1967 1841/1841/1771 2037/2037/1966
f 2038/2038/1967 2037/2037/1966 2035/2035/1964
f 2038/2038/1967 2035/2035/1964 2040/2040/1969
f 2038/2038/1967 2040/2040/1969 2041/2041/1970
f 2038/2038/1967 2041/2041/1970 2039/2039/1968
f 2042/2042/1971 1846/1846/1776 1841/1841/1771
f 2042/2042/1971 1841/1841/1771 2039/2039/1968
f 2042/2042/1971 2039/2039/1968 2041/2041/1970
f 2042/2042/1971 2041/2041/1970 2043/2043/1972
f 2042/2042/1971 2043/2043/1972 1847/1847/1777
f 2042/2042/1971 1847/1847/1777 1846/1846/1776
f 2044/2044/1973 2045/2045/1974 1847/1847/1777
f 2044/2044/1973 1847/1847/1777 2043/2043/1972
f 2044/2044/1973 2043/2043/1972 2041/2041/1970
f 2044/2044/1973 2041/2041/1970 2046/2046/1975
f 2044/2044/1973 2046/2046/1975 2047/2047/1976
f 2044/2044/1973 2047/2047/1976 2045/2045/1974
f 2048/2048/1977 1852/1852/1782 1847/1847/1777
f 2048/2048/1977 1847/1847/1777 2045/2045/1974
f 2048/2048/1977 2045/2045/1974 2047/2047/1976
f 2048/2048/1977 2047/2047/1976 2049/2049/1978
f 2048/2048/1977 2049/2049/1978 1853/1853/1783
f 2048/2048/1977 1853/1853/1783 1852/1852/1782
f 2050/2050/1979 2051/2051/1980 1853/1853/1783
f 2050/2050/1979 1853/1853/1783 2049/2049/1978
f 2050/2050/1979 2049/2049/1978 2047/2047/1976
f 2050/2050/1979 2047/2047/1976 2052/2052/1981
f 2050/2050/1979 2052/2052/1981 2053/2053/1982
f 2050/2050/1979 2053/2053/1982 2051/2051/1980
f 2054/2054/1983 1858/1858/1788 1853/1853/1783
f 2054/2054/1983 1853/1853/1783 2051/2051/1980
f 2054/2054/1983 2051/2051/1980 2053/2053/1982
f 2054/2054/1983 2053/2053/1982 2055/2055/1984
f 2054/2054/1983 2055/2055/1984 1859/1859/1789
f 2054/2054/1983 1859/1859/1789 1858/1858/1788
f 2056/2056/1985 2057/2057/1986 1859/1859/1789
f 2056/2056/1985 1859/1859/1789 2055/2055/1984
f 2056/2056/1985 2055/2055/1984 2053/2053/1982
f 2056/2056/1985 2053/2053/1982 2058/2058/1987
f 2056/2056/1985 2058/2058/1987 2059/2059/1988
f 2056/2056/1985 2059/2059/1988 2057/2057/1986
f 2060/2060/1989 1864/1864/1794 1859/1859/1789
f 2060/2060/1989 1859/1859/1789 2057/2057/1986
f 2060/2060/1989 2057/2057/1986 2059/2059/1988
f 2060/2060/1989 2059/2059/1988 2061/2061/1990
f 2060/2060/1989 2061/2061/1990 1865/1865/1795
f 2060/2060/1989 1865/1865/1795 1864/1864/1794
f 2062/2062/1991 2063/2063/1992 1865/1865/1795
f 2062/2062/1991 1865/1865/1795 2061/2061/1990
f 2062/2062/1991 2061/2061/1990 2059/2059/1988
f 2062/2062/1991 2059/2059/1988 2064/2064/1993
f 2062/2062/1991 2064/2064/1993 2065/2065/1994
f 2062/2062/1991 2065/2065/1994 2063/2063/1992
f 2066/2066/1995 1870/1870/1800 1865/1865/1795
f 2066/2066/1995 1865/1865/1795 2063/2063/1992
f 2066/2066/1995 2063/2063/1992 2065/2065/1994
f 2066/2066/1995 2065/2065/1994 2067/2067/1996
f 2066/2066/1995 2067/2067/1996 1871/1871/1801
f 2066/2066/1995 1871/1871/1801 1870/1870/1800
f 2068/2068/1997 2069/2069/1998 1871/1871/1801
f 2068/2068/1997 1871/1871/1801 2067/2067/1996
f 2068/2068/1997 2067/2067/1996 2065/2065/1994
f 2068/2068/1997 2065/2065/1994 2070/2070/1999
f 2068/2068/1997 2070/2070/1999 2071/2071/2000
f 2068/2068/1997 2071/2071/2000 2069/2069/1998
f 2072/2072/2001 1876/1876/1806 1871/1871/1801
f 2072/2072/2001 1871/1871/1801 2069/2069/1998
f 2072/2072/2001 2069/2069/1998 2071/2071/2000
f 2072/2072/2001 2071/2071/2000 2073/2073/2002
f 2072/2072/2001 2073/2073/2002 1877/1877/1807
f 2072/2072/2001 1877/1877/1807 1876/1876/1806
f 2074/2074/2003 2075/2075/2004 1877/1877/1807
f 2074/2074/2003 1877/1877/1807 2073/2073/2002
f 2074/2074/2003 2073/2073/2002 2071/2071/2000
f 2074/2074/2003 2071/2071/2000 2076/2076/2005
f 2074/2074/2003 2076/2076/2005 2077/2077/2006
f 2074/2074/2003 2077/2077/2006 2075/2075/2004
f 2078/2078/2007 1882/1882/1812 1877/1877/1807
f 2078/2078/2007 1877/1877/1807 2075/2075/2004
f 2078/2078/2007 2075/2075/2004 2077/2077/2006
f 2078/2078/2007 2077/2077/2006 2079/2079/2008
f 2078/2078/2007 2079/2079/2008 1883/1883/1813
f 2078/2078/2007 1883/1883/1813 1882/1882/1812
f 2080/2080/2009 2081/2081/2010 1883/1883/1813
f 2080/2080/2009 1883/1883/1813 2079/2079/2008
f 2080/2080/2009 2079/2079/2008 2077/2077/2006
f 2080/2080/2009 2077/2077/2006 2082/2082/2011
f 2080/2080/2009 2082/2082/2011 2083/2083/2012
f 2080/2080/2009 2083/2083/2012 2081/2081/2010
f 2084/2084/2013 1888/1888/1818 1883/1883/1813
f 2084/2084/2013 1883/1883/1813 2081/2081/2010
f 2084/2084/2013 2081/2081/2010 2083/2083/2012
f 2084/2084/2013 2083/2083/2012 2085/2085/2014
f 2084/2084/2013 2085/2085/2014 1889/1889/1819
f 2084/2084/2013 1889/1889/1819 1888/1888/1818
f 2086/2086/2015 2087/2087/2016 1889/1889/1819
f 2086/2086/2015 1889/1889/1819 2085/2085/2014
f 2086/2086/2015 2085/2085/2014 2083/2083/2012
f 2086/2086/2015 2083/2083/2012 2088/2088/2017
f 2086/2086/2015 2088/2088/2017 2089/2089/2018
f 2086/2086/2015 2089/2089/2018 2087/2087/2016
f 2090/2090/2019 1894/1894/1824 1889/1889/1819
f 2090/2090/2019 1889/1889/1819 2087/2087/2016
f 2090/2090/2019 2087/2087/2016 2089/2089/2018
f 2090/2090/2019 2089/2089/2018 2091/2091/2020
f 2090/2090/2019 2091/2091/2020 1895/1895/1825
f 2090/2090/2019 1895/1895/1825 1894/1894/1824
f 2092/2092/2021 2093/2093/2022 1895/1895/1825
f 2092/2092/2021 1895/1895/1825 2091/2091/2020
f 2092/2092/2021 2091/2091/2020 2089/2089/2018
f 2092/2092/2021 2089/2089/2018 2094/2094/2023
f 2092/2092/2021 2094/2094/2023 2095/2095/2024
f 2092/2092/2021 2095/2095/2024 2093/2093/2022
f 2096/2096/2025 1900/1900/1830 1895/1895/1825
f 2096/2096/2025 1895/1895/1825 2093/2093/2022
f 2096/2096/2025 2093/2093/2022 2095/2095/2024
f 2096/2096/2025 2095/2095/2024 2097/2097/2026
f 2096/2096/2025 2097/2097/2026 1901/1901/1831
f 2096/2096/2025 1901/1901/1831 1900/1900/1830
f 2098/2098/2027 2099/2099/2028 1901/1901/1831
f 2098/2098/2027 1901/1901/1831 2097/2097/2026
f 2098/2098/2027 2097/2097/2026 2095/2095/2024
f 2098/2098/2027 2095/2095/2024 2100/2100/2029
f 2098/2098/2027 2100/2100/2029 2101/2101/2030
f 2098/2098/2027 2101/2101/2030 2099/2099/2028
f 2102/2102/2031 1906/1906/1836 1901/1901/1831
f 2102/2102/2031 1901/1901/1831 2099/2099/2028
f 2102/2102/2031 2099/2099/2028 2101/2101/2030
f 2102/2102/2031 2101/2101/2030 2103/2103/2032
f 2102/2102/2031 2103/2103/2032 1907/1907/1837
f 2102/2102/2031 1907/1907/1837 1906/1906/1836
f 2104/2104/2033 2105/2105/2034 1907/1907/1837
f 2104/2104/2033 1907/1907/1837 2103/2103/2032
f 2104/2104/2033 2103/2103/2032 2101/2101/2030
f 2104/2104/2033 2101/2101/2030 2106/2106/2035
f 2104/2104/2033 2106/2106/2035 2107/2107/2036
f 2104/2104/2033 2107/2107/2036 2105/2105/2034
f 2108/2108/2037 1912/1912/1842 1907/1907/1837
f 2108/2108/2037 1907/1907/1837 2105/2105/2034
f 2108/2108/2037 2105/2105/2034 2107/2107/2036
f 2108/2108/2037 2107/2107/2036 2109/2109/2038
f 2108/2108/2037 2109/2109/2038 1913/1913/1843
f 2108/2108/2037 1913/1913/1843 1912/1912/1842
f 2110/2110/2039 2111/2111/2040 1913/1913/1843
f 2110/2110/2039 1913/1913/1843 2109/2109/2038
f 2110/2110/2039 2109/2109/2038 2107/2107/2036
f 2110/2110/2039 2107/2107/2036 2112/2112/2041
f 2110/2110/2039 2112/2112/2041 2113/2113/2042
f 2110/2110/2039 2113/2113/2042 2111/2111/2040
f 2114/2114/2043 1918/1918/1848 1913/1913/1843
f 2114/2114/2043 1913/1913/1843 2111/2111/2040
f 2114/2114/2043 2111/2111/2040 2113/2113/2042
f 2114/2114/2043 2113/2113/2042 2115/2115/2044
f 2114/2114/2043 2115/2115/2044 1919/1919/1849
f 2114/2114/2043 1919/1919/1849 1918/1918/1848
f 2116/2116/2045 2117/2117/2046 1919/1919/1849
f 2116/2116/2045 1919/1919/1849 2115/2115/2044
f 2116/2116/2045 2115/2115/2044 2113/2113/2042
f 2116/2116/2045 2113/2113/2042 2118/2118/2047
f 2116/2116/2045 2118/2118/2047 2119/2119/2048
f 2116/2116/2045 2119/2119/2048 2117/2117/2046
f 2120/2120/2049 1924/1924/1854 1919/1919/1849
f 2120/2120/2049 1919/1919/1849 2117/2117/2046
f 2120/2120/2049 2117/2117/2046 2119/2119/2048
f 2120/2120/2049 2119/2119/2048 2121/2121/2050
f 2120/2120/2049 2121/2121/2050 1925/1925/1855
f 2120/2120/2049 1925/1925/1855 1924/1924/1854
f 2122/2122/2051 2123/2123/2052 1925/1925/1855
f 2122/2122/2051 1925/1925/1855 2121/2121/2050
f 2122/2122/2051 2121/2121/2050 2119/2119/2048
f 2122/2122/2051 2119/2119/2048 2124/2124/2053
f 2122/2122/2051 2124/2124/2053 2125/2125/2054
f 2122/2122/2051 2125/2125/2054 2123/2123/2052
f 2126/2126/2055 1930/1930/1860 1925/1925/1855
f 2126/2126/2055 1925/1925/1855 2123/2123/2052
f 2126/2126/2055 2123/2123/2052 2125/2125/2054
f 2126/2126/2055 2125/2125/2054 2127/2127/2056
f 2126/2126/2055 2127/2127/2056 1931/1931/1861
f 2126/2126/2055 1931/1931/1861 1930/1930/1860
f 2128/2128/2057 2129/2129/2058 1931/1931/1861
f 2128/2128/2057 1931/1931/1861 2127/2127/2056
f 2128/2128/2057 2127/2127/2056 2125/2125/2054
f 2128/2128/2057 2125/2125/2054 2130/2130/2059
f 2128/2128/2057 2130/2130/2059 2131/2131/1872
f 2128/2128/2057 2131/2131/1872 2129/2129/2058
f 2132/2132/2060 1936/1936/1866 1931/1931/1861
f 2132/2132/2060 1931/1931/1861 2129/2129/2058
f 2132/2132/2060 2129/2129/2058 2131/2131/1872
f 2132/2132/2060 2131/2131/1872 2133/2133/1871
f 2132/2132/2060 2133/2133/1871 1937/1937/1679
f 2132/2132/2060 1937/1937/1679 1936/1936/1866
f 2134/2134/2061 2135/2135/2062 1943/1943/1872
f 2134/2134/2061 1943/1943/1872 2136/2136/2063
f 2134/2134/2061 2136/2136/2063 2137/2137/2064
f 2134/2134/2061 2137/2137/2064 2138/2138/2065
f 2134/2134/2061 2138/2138/2065 2139/2139/2066
f 2134/2134/2061 2139/2139/2066 2135/2135/2062
f 2140/2140/2067 1944/1944/1873 1943/1943/1872
f 2140/2140/2067 1943/1943/1872 2135/2135/2062
f 2140/2140/2067 2135/2135/2062 2139/2139/2066
f 2140/2140/2067 2139/2139/2066 2141/2141/2068
f 2140/2140/2067 2141/2141/2068 1945/1945/1874
f 2140/2140/2067 1945/1945/1874 1944/1944/1873
f 2142/2142/2069 2143/2143/2070 1945/1945/1874
f 2142/2142/2069 1945/1945/1874 2141/2141/2068
f 2142/2142/2069 2141/2141/2068 2139/2139/2066
f 2142/2142/2069 2139/2139/2066 2144/2144/2071
f 2142/2142/2069 2144/2144/2071 2145/2145/2072
f 2142/2142/2069 2145/2145/2072 2143/2143/2070
f 2146/2146/2073 1950/1950/1879 1945/1945/1874
f 2146/2146/2073 1945/1945/1874 2143/2143/2070
f 2146/2146/2073 2143/2143/2070 2145/2145/2072
f 2146/2146/2073 2145/2145/2072 2147/2147/2074
f 2146/2146/2073 2147/2147/2074 1951/1951/1880
f 2146/2146/2073 1951/1951/1880 1950/1950/1879
f 2148/2148/2075 2149/2149/2076 1951/1951/1880
f 2148/2148/2075 1951/1951/1880 2147/2147/2074
f 2148/2148/2075 2147/2147/2074 2145/2145/2072
f 2148/2148/2075 2145/2145/2072 2150/2150/2077
f 2148/2148/2075 2150/2150/2077 2151/2151/2078
f 2148/2148/2075 2151/2151/2078 2149/2149/2076
f 2152/2152/2079 1956/1956/1885 1951/1951/1880
f 2152/2152/2079 1951/1951/1880 2149/2149/2076
f 2152/2152/2079 2149/2149/2076 2151/2151/2078
f 2152/2152/2079 2151/2151/2078 2153/2153/2080
f 2152/2152/2079 2153/2153/2080 1957/1957/1886
f 2152/2152/2079 1957/1957/1886 1956/1956/1885
f 2154/2154/2081 2155/2155/2082 1957/1957/1886
f 2154/2154/2081 1957/1957/1886 2153/2153/2080
f 2154/2154/2081 2153/2153/2080 2151/2151/2078
f 2154/2154/2081 2151/2151/2078 2156/2156/2083
f 2154/2154/2081 2156/2156/2083 2157/2157/2084
f 2154/2154/2081 2157/2157/2084 2155/2155/2082
f 2158/2158/2085 1962/1962/1891 1957/1957/1886
f 2158/2158/2085 1957/1957/1886 2155/2155/2082
f 2158/2158/2085 2155/2155/2082 2157/2157/2084
f 2158/2158/2085 2157/2157/2084 2159/2159/2086
f 2158/2158/2085 2159/2159/2086 1963/1963/1892
f 2158/2158/2085 1963/1963/1892 1962/1962/1891
f 2160/2160/2087 2161/2161/2088 1963/1963/1892
f 2160/2160/2087 1963/1963/1892 2159/2159/2086
f 2160/2160/2087 2159/2159/2086 2157/2157/2084
f 2160/2160/2087 2157/2157/2084 2162/2162/2089
f 2160/2160/2087 2162/2162/2089 2163/2163/2090
f 2160/2160/2087 2163/2163/2090 2161/2161/2088
f 2164/2164/2091 1968/1968/1897 1963/1963/1892
f 2164/2164/2091 1963/1963/1892 2161/2161/2088
f 2164/2164/2091 2161/2161/2088 2163/2163/2090
f 2164/2164/2091 2163/2163/2090 2165/2165/2092
f 2164/2164/2091 2165/2165/2092 1969/1969/1898
f 2164/2164/2091 1969/1969/1898 1968/1968/1897
f 2166/2166/2093 2167/2167/2094 1969/1969/1898
f 2166/2166/2093 1969/1969/1898 2165/2165/2092
f 2166/2166/2093 2165/2165/2092 2163/2163/2090
f 2166/2166/2093 2163/2163/2090 2168/2168/2095
f 2166/2166/2093 2168/2168/2095 2169/2169/2096
f 2166/2166/2093 2169/2169/2096 2167/2167/2094
f 2170/2170/2097 1974/1974/1903 1969/1969/1898
f 2170/2170/2097 1969/1969/1898 2167/2167/2094
f 2170/2170/2097 2167/2167/2094 2169/2169/2096
f 2170/2170/2097 2169/2169/2096 2171/2171/2098
f 2170/2170/2097 2171/2171/2098 1975/1975/1904
f 2170/2170/2097 1975/1975/1904 1974/1974/1903
f 2172/2172/2099 2173/2173/2100 1975/1975/1904
f 2172/2172/2099 1975/1975/1904 2171/2171/2098
f 2172/2172/2099 2171/2171/2098 2169/2169/2096
f 2172/2172/2099 2169/2169/2096 2174/2174/2101
f 2172/2172/2099 2174/2174/2101 2175/2175/2102
f 2172/2172/2099 2175/2175/2102 2173/2173/2100
f 2176/2176/2103 1980/1980/1909 1975/1975/1904
f 2176/2176/2103 1975/1975/1904 2173/2173/2100
f 2176/2176/2103 2173/2173/2100 2175/2175/2102
f 2176/2176/2103 2175/2175/2102 2177/2177/2104
f 2176/2176/2103 2177/2177/2104 1981/1981/1910
f 2176/2176/2103 1981/1981/1910 1980/1980/1909
f 2178/2178/2105 2179/2179/2106 1981/1981/1910
f 2178/2178/2105 1981/1981/1910 2177/2177/2104
f 2178/2178/2105 2177/2177/2104 2175/2175/2102
f 2178/2178/2105 2175/2175/2102 2180/2180/2107
f 2178/2178/2105 2180/2180/2107 2181/2181/2108
f 2178/2178/2105 2181/2181/2108 2179/2179/2106
f 2182/2182/2109 1986/1986/1915 1981/1981/1910
f 2182/2182/2109 1981/1981/1910 2179/2179/2106
f 2182/2182/2109 2179/2179/2106 2181/2181/2108
f 2182/2182/2109 2181/2181/2108 2183/2183/2110
f 2182/2182/2109 2183/2183/2110 1987/1987/1916
f 2182/2182/2109 1987/1987/1916 1986/1986/1915
f 2184/2184/2111 2185/2185/2112 1987/1987/1916
f 2184/2184/2111 1987/1987/1916 2183/2183/2110
f 2184/2184/2111 2183/2183/2110 2181/2181/2108
f 2184/2184/2111 2181/2181/2108 2186/2186/2113
f 2184/2184/2111 2186/2186/2113 2187/2187/2114
f 2184/2184/2111 2187/2187/2114 2185/2185/2112
f 2188/2188/2115 1992/1992/1921 1987/1987/1916
f 2188/2188/2115 1987/1987/1916 2185/2185/2112
f 2188/2188/2115 2185/2185/2112 2187/2187/2114
f 2188/2188/2115 2187/2187/2114 2189/2189/2116
f 2188/2188/2115 2189/2189/2116 1993/1993/1922
f 2188/2188/2115 1993/1993/1922 1992/1992/1921
f 2190/2190/2117 2191/2191/2118 1993/1993/1922
f 2190/2190/2117 1993/1993/1922 2189/2189/2116
f 2190/2190/2117 2189/2189/2116 2187/2187/2114
f 2190/2190/2117 2187/2187/2114 2192/2192/2119
f 2190/2190/2117 2192/2192/2119 2193/2193/2120
f 2190/2190/2117 2193/2193/2120 2191/2191/2118
f 2194/2194/2121 1998/1998/1927 1993/1993/1922
f 2194/2194/2121 1993/1993/1922 2191/2191/2118
f 2194/2194/2121 2191/2191/2118 2193/2193/2120
f 2194/2194/2121 2193/2193/2120 2195/2195/2122
f 2194/2194/2121 2195/2195/2122 1999/1999/1928
f 2194/2194/2121 1999/1999/1928 1998/1998/1927
f 2196/2196/2123 2197/2197/2124 1999/1999/1928
f 2196/2196/2123 1999/1999/1928 2195/2195/2122
f 2196/2196/2123 2195/2195/2122 2193/2193/2120
f 2196/2196/2123 2193/2193/2120 2198/2198/2125
f 2196/2196/2123 2198/2198/2125 2199/2199/2126
f 2196/2196/2123 2199/2199/2126 2197/2197/2124
f 2200/2200/2127 2004/2004/1933 1999/1999/1928
f 2200/2200/2127 1999/1999/1928 2197/2197/2124
f 2200/2200/2127 2197/2197/2124 2199/2199/2126
f 2200/2200/2127 2199/2199/2126 2201/2201/2128
f 2200/2200/2127 2201/2201/2128 2005/2005/1934
f 2200/2200/2127 2005/2005/1934 2004/2004/1933
f 2202/2202/2129 2203/2203/2130 2005/2005/1934
f 2202/2202/2129 2005/2005/1934 2201/2201/2128
f 2202/2202/2129 2201/2201/2128 2199/2199/2126
f 2202/2202/2129 2199/2199/2126 2204/2204/2131
f 2202/2202/2129 2204/2204/2131 2205/2205/2132
f 2202/2202/2129 2205/2205/2132 2203/2203/2130
f 2206/2206/2133 2010/2010/1939 2005/2005/1934
f 2206/2206/2133 2005/2005/1934 2203/2203/2130
f 2206/2206/2133 2203/2203/2130 2205/2205/2132
f 2206/2206/2133 2205/2205/2132 2207/2207/2134
f 2206/2206/2133 2207/2207/2134 2011/2011/1940
f 2206/2206/2133 2011/2011/1940 2010/2010/1939
f 2208/2208/2135 2209/2209/2136 2011/2011/1940
f 2208/2208/2135 2011/2011/1940 2207/2207/2134
f 2208/2208/2135 2207/2207/2134 2205/2205/2132
f 2208/2208/2135 2205/2205/2132 2210/2210/2137
f 2208/2208/2135 2210/2210/2137 2211/2211/2138
f 2208/2208/2135 2211/2211/2138 2209/2209/2136
f 2212/2212/2139 2016/2016/1945 2011/2011/1940
f 2212/2212/2139 2011/2011/1940 2209/2209/2136
f 2212/2212/2139 2209/2209/2136 2211/2211/2138
f 2212/2212/2139 2211/2211/2138 2213/2213/2140
f 2212/2212/2139 2213/2213/2140 2017/2017/1946
f 2212/2212/2139 2017/2017/1946 2016/2016/1945
f 2214/2214/2141 2215/2215/2142 2017/2017/1946
f 2214/2214/2141 2017/2017/1946 2213/2213/2140
f 2214/2214/2141 2213/2213/2140 2211/2211/2138
f 2214/2214/2141 2211/2211/2138 2216/2216/2143
f 2214/2214/2141 2216/2216/2143 2217/2217/2144
f 2214/2214/2141 2217/2217/2144 2215/2215/2142
f 2218/2218/2145 2022/2022/1951 2017/2017/1946
f 2218/2218/2145 2017/2017/1946 2215/2215/2142
f 2218/2218/2145 2215/2215/2142 2217/2217/2144
f 2218/2218/2145 2217/2217/2144 2219/2219/2146
f 2218/2218/2145 2219/2219/2146 2023/2023/1952
f 2218/2218/2145 2023/2023/1952 2022/2022/1951
f 2220/2220/2147 2221/2221/2148 2023/2023/1952
f 2220/2220/2147 2023/2023/1952 2219/2219/2146
f 2220/2220/2147 2219/2219/2146 2217/2217/2144
f 2220/2220/2147 2217/2217/2144 2222/2222/2149
f 2220/2220/2147 2222/2222/2149 2223/2223/2150
f 2220/2220/2147 2223/2223/2150 2221/2221/2148
f 2224/2224/2151 2028/2028/1957 2023/2023/1952
f 2224/2224/2151 2023/2023/1952 2221/2221/2148
f 2224/2224/2151 2221/2221/2148 2223/2223/2150
f 2224/2224/2151 2223/2223/2150 2225/2225/2152
f 2224/2224/2151 2225/2225/2152 2029/2029/1958
f 2224/2224/2151 2029/2029/1958 2028/2028/1957
f 2226/2226/2153 2227/2227/2154 2029/2029/1958
f 2226/2226/2153 2029/2029/1958 2225/2225/2152
f 2226/2226/2153 2225/2225/2152 2223/2223/2150
f 2226/2226/2153 2223/2223/2150 2228/2228/2155
f 2226/2226/2153 2228/2228/2155 2229/2229/2156
f 2226/2226/2153 2229/2229/2156 2227/2227/2154
f 2230/2230/2157 2034/2034/1963 2029/2029/1958
f 2230/2230/2157 2029/2029/1958 2227/2227/2154
f 2230/2230/2157 2227/2227/2154 2229/2229/2156
f 2230/2230/2157 2229/2229/2156 2231/2231/2158
f 2230/2230/2157 2231/2231/2158 2035/2035/1964
f 2230/2230/2157 2035/2035/1964 2034/2034/1963
f 2232/2232/2159 2233/2233/2160 2035/2035/1964
f 2232/2232/2159 2035/2035/1964 2231/2231/2158
f 2232/2232/2159 2231/2231/2158 2229/2229/2156
f 2232/2232/2159 2229/2229/2156 2234/2234/2161
f 2232/2232/2159 2234/2234/2161 2235/2235/2162
f 2232/2232/2159 2235/2235/2162 2233/2233/2160
f 2236/2236/2163 2040/2040/1969 2035/2035/1964
f 2236/2236/2163 2035/2035/1964 2233/2233/2160
f 2236/2236/2163 2233/2233/2160 2235/2235/2162
f 2236/2236/2163 2235/2235/2162 2237/2237/2164
f 2236/2236/2163 2237/2237/2164 2041/2041/1970
f 2236/2236/2163 2041/2041/1970 2040/2040/1969
f 2238/2238/2165 2239/2239/2166 2041/2041/1970
f 2238/2238/2165 2041/2041/1970 2237/2237/2164
f 2238/2238/2165 2237/2237/2164 2235/2235/2162
f 2238/2238/2165 2235/2235/2162 2240/2240/2167
f 2238/2238/2165 2240/2240/2167 2241/2241/2168
f 2238/2238/2165 2241/2241/2168 2239/2239/2166
f 2242/2242/2169 2046/2046/1975 2041/2041/1970
f 2242/2242/2169 2041/2041/1970 2239/2239/2166
f 2242/2242/2169 2239/2239/2166 2241/2241/2168
f 2242/2242/2169 2241/2241/2168 2243/2243/2170
f 2242/2242/2169 2243/2243/2170 2047/2047/1976
f 2242/2242/2169 2047/2047/1976 2046/2046/1975
f 2244/2244/2171 2245/2245/2172 2047/2047/1976
f 2244/2244/2171 2047/2047/1976 2243/2243/2170
f 2244/2244/2171 2243/2243/2170 2241/2241/2168
f 2244/2244/2171 2241/2241/2168 2246/2246/2173
f 2244/2244/2171 2246/2246/2173 2247/2247/2174
f 2244/2244/2171 2247/2247/2174 2245/2245/2172
f 2248/2248/2175 2052/2052/1981 2047/2047/1976
f 2248/2248/2175 2047/2047/1976 2245/2245/2172
f 2248/2248/2175 2245/2245/2172 2247/2247/2174
f 2248/2248/2175 2247/2247/2174 2249/2249/2176
f 2248/2248/2175 2249/2249/2176 2053/2053/1982
f 2248/2248/2175 2053/2053/1982 2052/2052/1981
f 2250/2250/2177 2251/2251/2178 2053/2053/1982
f 2250/2250/2177 2053/2053/1982 2249/2249/2176
f 2250/2250/2177 2249/2249/2176 2247/2247/2174
f 2250/2250/2177 2247/2247/2174 2252/2252/2179
f 2250/2250/2177 2252/2252/2179 2253/2253/2180
f 2250/2250/2177 2253/2253/2180 2251/2251/2178
f 2254/2254/2181 2058/2058/1987 2053/2053/1982
f 2254/2254/2181 2053/2053/1982 2251/2251/2178
f 2254/2254/2181 2251/2251/2178 2253/2253/2180
f 2254/2254/2181 2253/2253/2180 2255/2255/2182
f 2254/2254/2181 2255/2255/2182 2059/2059/1988
f 2254/2254/2181 2059/2059/1988 2058/2058/1987
f 2256/2256/2183 2257/2257/2184 2059/2059/1988
f 2256/2256/2183 2059/2059/1988 2255/2255/2182
f 2256/2256/2183 2255/2255/2182 2253/2253/2180
f 2256/2256/2183 2253/2253/2180 2258/2258/2185
f 2256/2256/2183 2258/2258/2185 2259/2259/2186
f 2256/2256/2183 2259/2259/2186 2257/2257/2184
f 2260/2260/2187 2064/2064/1993 2059/2059/1988
f 2260/2260/2187 2059/2059/1988 2257/2257/2184
f 2260/2260/2187 2257/2257/2184 2259/2259/2186
f 2260/2260/2187 2259/2259/2186 2261/2261/2188
f 2260/2260/2187 2261/2261/2188 2065/2065/1994
f 2260/2260/2187 2065/2065/1994 2064/2064/1993
f 2262/2262/2189 2263/2263/2190 2065/2065/1994
f 2262/2262/2189 2065/2065/1994 2261/2261/2188
f 2262/2262/2189 2261/2261/2188 2259/2259/2186
f 2262/2262/2189 2259/2259/2186 2264/2264/2191
f 2262/2262/2189 2264/2264/2191 2265/2265/2192
f 2262/2262/2189 2265/2265/2192 2263/2263/2190
f 2266/2266/2193 2070/2070/1999 2065/2065/1994
f 2266/2266/2193 2065/2065/1994 2263/2263/2190
f 2266/2266/2193 2263/2263/2190 2265/2265/2192
f 2266/2266/2193 2265/2265/2192 2267/2267/2194
f 2266/2266/2193 2267/2267/2194 2071/2071/2000
f 2266/2266/2193 2071/2071/2000 2070/2070/1999
f 2268/2268/2195 2269/2269/2196 2071/2071/2000
f 2268/2268/2195 2071/2071/2000 2267/2267/2194
f 2268/2268/2195 2267/2267/2194 2265/2265/2192
f 2268/2268/2195 2265/2265/2192 2270/2270/2197
f 2268/2268/2195 2270/2270/2197 2271/2271/2198
f 2268/2268/2195 2271/2271/2198 2269/2269/2196
f 2272/2272/2199 2076/2076/2005 2071/2071/2000
f 2272/2272/2199 2071/2071/2000 2269/2269/2196
f 2272/2272/2199 2269/2269/2196 2271/2271/2198
f 2272/2272/2199 2271/2271/2198 2273/2273/2200
f 2272/2272/2199 2273/2273/2200 2077/2077/2006
f 2272/2272/2199 2077/2077/2006 2076/2076/2005
f 2274/2274/2201 2275/2275/2202 2077/2077/2006
f 2274/2274/2201 2077/2077/2006 2273/2273/2200
f 2274/2274/2201 2273/2273/2200 2271/2271/2198
f 2274/2274/2201 2271/2271/2198 2276/2276/2203
f 2274/2274/2201 2276/2276/2203 2277/2277/2204
f 2274/2274/2201 2277/2277/2204 2275/2275/2202
f 2278/2278/2205 2082/2082/2011 2077/2077/2006
f 2278/2278/2205 2077/2077/2006 2275/2275/2202
f 2278/2278/2205 2275/2275/2202 2277/2277/2204
f 2278/2278/2205 2277/2277/2204 2279/2279/2206
f 2278/2278/2205 2279/2279/2206 2083/2083/2012
f 2278/2278/2205 2083/2083/2012 2082/2082/2011
f 2280/2280/2207 2281/2281/2208 2083/2083/2012
f 2280/2280/2207 2083/2083/2012 2279/2279/2206
f 2280/2280/2207 2279/2279/2206 2277/2277/2204
f 2280/2280/2207 2277/2277/2204 2282/2282/2209
f 2280/2280/2207 2282/2282/2209 2283/2283/2210
f 2280/2280/2207 2283/2283/2210 2281/2281/2208
f 2284/2284/2211 2088/2088/2017 2083/2083/2012
f 2284/2284/2211 2083/2083/2012 2281/2281/2208
f 2284/2284/2211 2281/2281/2208 2283/2283/2210
f 2284/2284/2211 2283/2283/2210 2285/2285/2212
f 2284/2284/2211 2285/2285/2212 2089/2089/2018
f 2284/2284/2211 2089/2089/2018 2088/2088/2017
f 2286/2286/2213 2287/2287/2214 2089/2089/2018
f 2286/2286/2213 2089/2089/2018 2285/2285/2212
f 2286/2286/2213 2285/2285/2212 2283/2283/2210
f 2286/2286/2213 2283/2283/2210 2288/2288/2215
f 2286/2286/2213 2288/2288/2215 2289/2289/2216
f 2286/2286/2213 2289/2289/2216 2287/2287/2214
f 2290/2290/2217 2094/2094/2023 2089/2089/2018
f 2290/2290/2217 2089/2089/2018 2287/2287/2214
f 2290/2290/2217 2287/2287/2214 2289/2289/2216
f 2290/2290/2217 2289/2289/2216 2291/2291/2218
f 2290/2290/2217 2291/2291/2218 2095/2095/2024
f 2290/2290/2217 2095/2095/2024 2094/2094/2023
f 2292/2292/2219 2293/2293/2220 2095/2095/2024
f 2292/2292/2219 2095/2095/2024 2291/2291/2218
f 2292/2292/2219 2291/2291/2218 2289/2289/2216
f 2292/2292/2219 2289/2289/2216 2294/2294/2221
f 2292/2292/2219 2294/2294/2221 2295/2295/2222
f 2292/2292/2219 2295/2295/2222 2293/2293/2220
f 2296/2296/2223 2100/2100/2029 2095/2095/2024
f 2296/2296/2223 2095/2095/2024 2293/2293/2220
f 2296/2296/2223 2293/2293/2220 2295/2295/2222
f 2296/2296/2223 2295/2295/2222 2297/2297/2224
f 2296/2296/2223 2297/2297/2224 2101/2101/2030
f 2296/2296/2223 2101/2101/2030 2100/2100/2029
f 2298/2298/2225 2299/2299/2226 2101/2101/2030
f 2298/2298/2225 2101/2101/2030 2297/2297/2224
f 2298/2298/2225 2297/2297/2224 2295/2295/2222
f 2298/2298/2225 2295/2295/2222 2300/2300/2227
f 2298/2298/2225 2300/2300/2227 2301/2301/2228
f 2298/2298/2225 2301/2301/2228 2299/2299/2226
f 2302/2302/2229 2106/2106/2035 2101/2101/2030
f 2302/2302/2229 2101/2101/2030 2299/2299/2226
f 2302/2302/2229 2299/2299/2226 2301/2301/2228
f 2302/2302/2229 2301/2301/2228 2303/2303/2230
f 2302/2302/2229 2303/2303/2230 2107/2107/2036
f 2302/2302/2229 2107/2107/2036 2106/2106/2035
f 2304/2304/2231 2305/2305/2232 2107/2107/2036
f 2304/2304/2231 2107/2107/2036 2303/2303/2230
f 2304/2304/2231 2303/2303/2230 2301/2301/2228
f 2304/2304/2231 2301/2301/2228 2306/2306/2233
f 2304/2304/2231 2306/2306/2233 2307/2307/2234
f 2304/2304/2231 2307/2307/2234 2305/2305/2232
f 2308/2308/2235 2112/2112/2041 2107/2107/2036
f 2308/2308/2235 2107/2107/2036 2305/2305/2232
f 2308/2308/2235 2305/2305/2232 2307/2307/2234
f 2308/2308/2235 2307/2307/2234 2309/2309/2236
f 2308/2308/2235 2309/2309/2236 2113/2113/2042
f 2308/2308/2235 2113/2113/2042 2112/2112/2041
f 2310/2310/2237 2311/2311/2238 2113/2113/2042
f 2310/2310/2237 2113/2113/2042 2309/2309/2236
f 2310/2310/2237 2309/2309/2236 2307/2307/2234
f 2310/2310/2237 2307/2307/2234 2312/2312/2239
f 2310/2310/2237 2312/2312/2239 2313/2313/2240
f 2310/2310/2237 2313/2313/2240 2311/2311/2238
f 2314/2314/2241 2118/2118/2047 2113/2113/2042
f 2314/2314/2241 2113/2113/2042 2311/2311/2238
f 2314/2314/2241 2311/2311/2238 2313/2313/2240
f 2314/2314/2241 2313/2313/2240 2315/2315/2242
f 2314/2314/2241 2315/2315/2242 2119/2119/2048
f 2314/2314/2241 2119/2119/2048 2118/2118/2047
f 2316/2316/2243 2317/2317/2244 2119/2119/2048
f 2316/2316/2243 2119/2119/2048 2315/2315/2242
f 2316/2316/2243 2315/2315/2242 2313/2313/2240
f 2316/2316/2243 2313/2313/2240 2318/2318/2245
f 2316/2316/2243 2318/2318/2245 2319/2319/2246
f 2316/2316/2243 2319/2319/2246 2317/2317/2244
f 2320/2320/2247 2124/2124/2053 2119/2119/2048
f 2320/2320/2247 2119/2119/2048 2317/2317/2244
f 2320/2320/2247 2317/2317/2244 2319/2319/2246
f 2320/2320/2247 2319/2319/2246 2321/2321/2248
f 2320/2320/2247 2321/2321/2248 2125/2125/2054
f 2320/2320/2247 2125/2125/2054 2124/2124/2053
f 2322/2322/2249 2323/2323/2250 2125/2125/2054
f 2322/2322/2249 2125/2125/2054 2321/2321/2248
f 2322/2322/2249 2321/2321/2248 2319/2319/2246
f 2322/2322/2249 2319/2319/2246 2324/2324/2251
f 2322/2322/2249 2324/2324/2251 2325/2325/2064
f 2322/2322/2249 2325/2325/2064 2323/2323/2250
f 2326/2326/2252 2130/2130/2059 2125/2125/2054
f 2326/2326/2252 2125/2125/2054 2323/2323/2250
f 2326/2326/2252 2323/2323/2250 2325/2325/2064
f 2326/2326/2252 2325/2325/2064 2327/2327/2063
f 2326/2326/2252 2327/2327/2063 2131/2131/1872
f 2326/2326/2252 2131/2131/1872 2130/2130/2059
f 2328/2328/2253 2329/2329/2254 2137/2137/2064
f 2328/2328/2253 2137/2137/2064 2330/2330/2255
f 2328/2328/2253 2330/2330/2255 2331/2331/2256
f 2328/2328/2253 2331/2331/2256 2332/2332/2257
f 2328/2328/2253 2332/2332/2257 2333/2333/2258
f 2328/2328/2253 2333/2333/2258 2329/2329/2254
f 2334/2334/2259 2138/2138/2065 2137/2137/2064
f 2334/2334/2259 2137/2137/2064 2329/2329/2254
f 2334/2334/2259 2329/2329/2254 2333/2333/2258
f 2334/2334/2259 2333/2333/2258 2335/2335/2260
f 2334/2334/2259 2335/2335/2260 2139/2139/2066
f 2334/2334/2259 2139/2139/2066 2138/2138/2065
f 2336/2336/2261 2337/2337/2262 2139/2139/2066
f 2336/2336/2261 2139/2139/2066 2335/2335/2260
f 2336/2336/2261 2335/2335/2260 2333/2333/2258
f 2336/2336/2261 2333/2333/2258 2338/2338/2263
f 2336/2336/2261 2338/2338/2263 2339/2339/2264
f 2336/2336/2261 2339/2339/2264 2337/2337/2262
f 2340/2340/2265 2144/2144/2071 2139/2139/2066
f 2340/2340/2265 2139/2139/2066 2337/2337/2262
f 2340/2340/2265 2337/2337/2262 2339/2339/2264
f 2340/2340/2265 2339/2339/2264 2341/2341/2266
f 2340/2340/2265 2341/2341/2266 2145/2145/2072
f 2340/2340/2265 2145/2145/2072 2144/2144/2071
f 2342/2342/2267 2343/2343/2268 2145/2145/2072
f 2342/2342/2267 2145/2145/2072 2341/2341/2266
f 2342/2342/2267 2341/2341/2266 2339/2339/2264
f 2342/2342/2267 2339/2339/2264 2344/2344/2269
f 2342/2342/2267 2344/2344/2269 2345/2345/2270
f 2342/2342/2267 2345/2345/2270 2343/2343/2268
f 2346/2346/2271 2150/2150/2077 2145/2145/2072
f 2346/2346/2271 2145/2145/2072 2343/2343/2268
f 2346/2346/2271 2343/2343/2268 2345/2345/2270
f 2346/2346/2271 2345/2345/2270 2347/2347/2272
f 2346/2346/2271 2347/2347/2272 2151/2151/2078
f 2346/2346/2271 2151/2151/2078 2150/2150/2077
f 2348/2348/2273 2349/2349/2274 2151/2151/2078
f 2348/2348/2273 2151/2151/2078 2347/2347/2272
f 2348/2348/2273 2347/2347/2272 2345/2345/2270
f 2348/2348/2273 2345/2345/2270 2350/2350/2275
f 2348/2348/2273 2350/2350/2275 2351/2351/2276
f 2348/2348/2273 2351/2351/2276 2349/2349/2274
f 2352/2352/2277 2156/2156/2083 2151/2151/2078
f 2352/2352/2277 2151/2151/2078 2349/2349/2274
f 2352/2352/2277 2349/2349/2274 2351/2351/2276
f 2352/2352/2277 2351/2351/2276 2353/2353/2278
f 2352/2352/2277 2353/2353/2278 2157/2157/2084
f 2352/2352/2277 2157/2157/2084 2156/2156/2083
f 2354/2354/2279 2355/2355/2280 2157/2157/2084
f 2354/2354/2279 2157/2157/2084 2353/2353/2278
f 2354/2354/2279 2353/2353/2278 2351/2351/2276
f 2354/2354/2279 2351/2351/2276 2356/2356/2281
f 2354/2354/2279 2356/2356/2281 2357/2357/2282
f 2354/2354/2279 2357/2357/2282 2355/2355/2280
f 2358/2358/2283 2162/2162/2089 2157/2157/2084
f 2358/2358/2283 2157/2157/2084 2355/2355/2280
f 2358/2358/2283 2355/2355/2280 2357/2357/2282
f 2358/2358/2283 2357/2357/2282 2359/2359/2284
f 2358/2358/2283 2359/2359/2284 2163/2163/2090
f 2358/2358/2283 2163/2163/2090 2162/2162/2089
f 2360/2360/2285 2361/2361/2286 2163/2163/2090
f 2360/2360/2285 2163/2163/2090 2359/2359/2284
f 2360/2360/2285 2359/2359/2284 2357/2357/2282
f 2360/2360/2285 2357/2357/2282 2362/2362/2287
f 2360/2360/2285 2362/2362/2287 2363/2363/2288
f 2360/2360/2285 2363/2363/2288 2361/2361/2286
f 2364/2364/2289 2168/2168/2095 2163/2163/2090
f 2364/2364/2289 2163/2163/2090 2361/2361/2286
f 2364/2364/2289 2361/2361/2286 2363/2363/2288
f 2364/2364/2289 2363/2363/2288 2365/2365/2290
f 2364/2364/2289 2365/2365/2290 2169/2169/2096
f 2364/2364/2289 2169/2169/2096 2168/2168/2095
f 2366/2366/2291 2367/2367/2292 2169/2169/2096
f 2366/2366/2291 2169/2169/2096 2365/2365/2290
f 2366/2366/2291 2365/2365/2290 2363/2363/2288
f 2366/2366/2291 2363/2363/2288 2368/2368/2293
f 2366/2366/2291 2368/2368/2293 2369/2369/2294
f 2366/2366/2291 2369/2369/2294 2367/2367/2292
f 2370/2370/2295 2174/2174/2101 2169/2169/2096
f 2370/2370/2295 2169/2169/2096 2367/2367/2292
f 2370/2370/2295 2367/2367/2292 2369/2369/2294
f 2370/2370/2295 2369/2369/2294 2371/2371/2296
f 2370/2370/2295 2371/2371/2296 2175/2175/2102
f 2370/2370/2295 2175/2175/2102 2174/2174/2101
f 2372/2372/2297 2373/2373/2298 2175/2175/2102
f 2372/2372/2297 2175/2175/2102 2371/2371/2296
f 2372/2372/2297 2371/2371/2296 2369/2369/2294
f 2372/2372/2297 2369/2369/2294 2374/2374/2299
f 2372/2372/2297 2374/2374/2299 2375/2375/2300
f 2372/2372/2297 2375/2375/2300 2373/2373/2298
f 2376/2376/2301 2180/2180/2107 2175/2175/2102
f 2376/2376/2301 2175/2175/2102 2373/2373/2298
f 2376/2376/2301 2373/2373/2298 2375/2375/2300
f 2376/2376/2301 2375/2375/2300 2377/2377/2302
f 2376/2376/2301 2377/2377/2302 2181/2181/2108
f 2376/2376/2301 2181/2181/2108 2180/2180/2107
f 2378/2378/2303 2379/2379/2304 2181/2181/2108
f 2378/2378/2303 2181/2181/2108 2377/2377/2302
f 2378/2378/2303 2377/2377/2302 2375/2375/2300
f 2378/2378/2303 2375/2375/2300 2380/2380/2305
f 2378/2378/2303 2380/2380/2305 2381/2381/2306
f 2378/2378/2303 2381/2381/2306 2379/2379/2304
f 2382/2382/2307 2186/2186/2113 2181/2181/2108
f 2382/2382/2307 2181/2181/2108 2379/2379/2304
f 2382/2382/2307 2379/2379/2304 2381/2381/2306
f 2382/2382/2307 2381/2381/2306 2383/2383/2308
f 2382/2382/2307 2383/2383/2308 2187/2187/2114
f 2382/2382/2307 2187/2187/2114 2186/2186/2113
f 2384/2384/2309 2385/2385/2310 2187/2187/2114
f 2384/2384/2309 2187/2187/2114 2383/2383/2308
f 2384/2384/2309 2383/2383/2308 2381/2381/2306
f 2384/2384/2309 2381/2381/2306 2386/2386/2311
f 2384/2384/2309 2386/2386/2311 2387/2387/2312
f 2384/2384/2309 2387/2387/2312 2385/2385/2310
f 2388/2388/2313 2192/2192/2119 2187/2187/2114
f 2388/2388/2313 2187/2187/2114 2385/2385/2310
f 2388/2388/2313 2385/2385/2310 2387/2387/2312
f 2388/2388/2313 2387/2387/2312 2389/2389/2314
f 2388/2388/2313 2389/2389/2314 2193/2193/2120
f 2388/2388/2313 2193/2193/2120 2192/2192/2119
f 2390/2390/2315 2391/2391/2316 2193/2193/2120
f 2390/2390/2315 2193/2193/2120 2389/2389/2314
f 2390/2390/2315 2389/2389/2314 2387/2387/2312
f 2390/2390/2315 2387/2387/2312 2392/2392/2317
f 2390/2390/2315 2392/2392/2317 2393/2393/2318
f 2390/2390/2315 2393/2393/2318 2391/2391/2316
f 2394/2394/2319 2198/2198/2125 2193/2193/2120
f 2394/2394/2319 2193/2193/2120 2391/2391/2316
f 2394/2394/2319 2391/2391/2316 2393/2393/2318
f 2394/2394/2319 2393/2393/2318 2395/2395/2320
f 2394/2394/2319 2395/2395/2320 2199/2199/2126
f 2394/2394/2319 2199/2199/2126 2198/2198/2125
f 2396/2396/2321 2397/2397/2322 2199/2199/2126
f 2396/2396/2321 2199/2199/2126 2395/2395/2320
f 2396/2396/2321 2395/2395/2320 2393/2393/2318
f 2396/2396/2321 2393/2393/2318 2398/2398/2323
f 2396/2396/2321 2398/2398/2323 2399/2399/2324
f 2396/2396/2321 2399/2399/2324 2397/2397/2322
f 2400/2400/2325 2204/2204/2131 2199/2199/2126
f 2400/2400/2325 2199/2199/2126 2397/2397/2322
f 2400/2400/2325 2397/2397/2322 2399/2399/2324
f 2400/2400/2325 2399/2399/2324 2401/2401/2326
f 2400/2400/2325 2401/2401/2326 2205/2205/2132
f 2400/2400/2325 2205/2205/2132 2204/2204/2131
f 2402/2402/2327 2403/2403/2328 2205/2205/2132
f 2402/2402/2327 2205/2205/2132 2401/2401/2326
f 2402/2402/2327 2401/2401/2326 2399/2399/2324
f 2402/2402/2327 2399/2399/2324 2404/2404/2329
f 2402/2402/2327 2404/2404/2329 2405/2405/2330
f 2402/2402/2327 2405/2405/2330 2403/2403/2328
f 2406/2406/2331 2210/2210/2137 2205/2205/2132
f 2406/2406/2331 2205/2205/2132 2403/2403/2328
f 2406/2406/2331 2403/2403/2328 2405/2405/2330
f 2406/2406/2331 2405/2405/2330 2407/2407/2332
f 2406/2406/2331 2407/2407/2332 2211/2211/2138
f 2406/2406/2331 2211/2211/2138 2210/2210/2137
f 2408/2408/2333 2409/2409/2334 2211/2211/2138
f 2408/2408/2333 2211/2211/2138 2407/2407/2332
f 2408/2408/2333 2407/2407/2332 2405/2405/2330
f 2408/2408/2333 2405/2405/2330 2410/2410/2335
f 2408/2408/2333 2410/2410/2335 2411/2411/2336
f 2408/2408/2333 2411/2411/2336 2409/2409/2334
f 2412/2412/2337 2216/2216/2143 2211/2211/2138
f 2412/2412/2337 2211/2211/2138 2409/2409/2334
f 2412/2412/2337 2409/2409/2334 2411/2411/2336
f 2412/2412/2337 2411/2411/2336 2413/2413/2338
f 2412/2412/2337 2413/2413/2338 2217/2217/2144
f 2412/2412/2337 2217/2217/2144 2216/2216/2143
f 2414/2414/2339 2415/2415/2340 2217/2217/2144
f 2414/2414/2339 2217/2217/2144 2413/2413/2338
f 2414/2414/2339 2413/2413/2338 2411/2411/2336
f 2414/2414/2339 2411/2411/2336 2416/2416/2341
f 2414/2414/2339 2416/2416/2341 2417/2417/2342
f 2414/2414/2339 2417/2417/2342 2415/2415/2340
f 2418/2418/2343 2222/2222/2149 2217/2217/2144
f 2418/2418/2343 2217/2217/2144 2415/2415/2340
f 2418/2418/2343 2415/2415/2340 2417/2417/2342
f 2418/2418/2343 2417/2417/2342 2419/2419/2344
f 2418/2418/2343 2419/2419/2344 2223/2223/2150
f 2418/2418/2343 2223/2223/2150 2222/2222/2149
f 2420/2420/2345 2421/2421/2346 2223/2223/2150
f 2420/2420/2345 2223/2223/2150 2419/2419/2344
f 2420/2420/2345 2419/2419/2344 2417/2417/2342
f 2420/2420/2345 2417/2417/2342 2422/2422/2347
f 2420/2420/2345 2422/2422/2347 2423/2423/2348
f 2420/2420/2345 2423/2423/2348 2421/2421/2346
f 2424/2424/2349 2228/2228/2155 2223/2223/2150
f 2424/2424/2349 2223/2223/2150 2421/2421/2346
f 2424/2424/2349 2421/2421/2346 2423/2423/2348
f 2424/2424/2349 2423/2423/2348 2425/2425/2350
f 2424/2424/2349 2425/2425/2350 2229/2229/2156
f 2424/2424/2349 2229/2229/2156 2228/2228/2155
f 2426/2426/2351 2427/2427/2352 2229/2229/2156
f 2426/2426/2351 2229/2229/2156 2425/2425/2350
f 2426/2426/2351 2425/2425/2350 2423/2423/2348
f 2426/2426/2351 2423/2423/2348 2428/2428/2353
f 2426/2426/2351 2428/2428/2353 2429/2429/2354
f 2426/2426/2351 2429/2429/2354 2427/2427/2352
f 2430/2430/2355 2234/2234/2161 2229/2229/2156
f 2430/2430/2355 2229/2229/2156 2427/2427/2352
f 2430/2430/2355 2427/2427/2352 2429/2429/2354
f 2430/2430/2355 2429/2429/2354 2431/2431/2356
f 2430/2430/2355 2431/2431/2356 2235/2235/2162
f 2430/2430/2355 2235/2235/2162 2234/2234/2161
f 2432/2432/2357 2433/2433/2358 2235/2235/2162
f 2432/2432/2357 2235/2235/2162 2431/2431/2356
f 2432/2432/2357 2431/2431/2356 2429/2429/2354
f 2432/2432/2357 2429/2429/2354 2434/2434/2359
f 2432/2432/2357 2434/2434/2359 2435/2435/2360
f 2432/2432/2357 2435/2435/2360 2433/2433/2358
f 2436/2436/2361 2240/2240/2167 2235/2235/2162
f 2436/2436/2361 2235/2235/2162 2433/2433/2358
f 2436/2436/2361 2433/2433/2358 2435/2435/2360
f 2436/2436/2361 2435/2435/2360 2437/2437/2362
f 2436/2436/2361 2437/2437/2362 2241/2241/2168
f 2436/2436/2361 2241/2241/2168 2240/2240/2167
f 2438/2438/2363 2439/2439/2364 2241/2241/2168
f 2438/2438/2363 2241/2241/2168 2437/2437/2362
f 2438/2438/2363 2437/2437/2362 2435/2435/2360
f 2438/2438/2363 2435/2435/2360 2440/2440/2365
f 2438/2438/2363 2440/2440/2365 2441/2441/2366
f 2438/2438/2363 2441/2441/2366 2439/2439/2364
f 2442/2442/2367 2246/2246/2173 2241/2241/2168
f 2442/2442/2367 2241/2241/2168 2439/2439/2364
f 2442/2442/2367 2439/2439/2364 2441/2441/2366
f 2442/2442/2367 2441/2441/2366 2443/2443/2368
f 2442/2442/2367 2443/2443/2368 2247/2247/2174
f 2442/2442/2367 2247/2247/2174 2246/2246/2173
f 2444/2444/2369 2445/2445/2370 2247/2247/2174
f 2444/2444/2369 2247/2247/2174 2443/2443/2368
f 2444/2444/2369 2443/2443/2368 2441/2441/2366
f 2444/2444/2369 2441/2441/2366 2446/2446/2371
f 2444/2444/2369 2446/2446/2371 2447/2447/2372
f 2444/2444/2369 2447/2447/2372 2445/2445/2370
f 2448/2448/2373 2252/2252/2179 2247/2247/2174
f 2448/2448/2373 2247/2247/2174 2445/2445/2370
f 2448/2448/2373 2445/2445/2370 2447/2447/2372
f 2448/2448/2373 2447/2447/2372 2449/2449/2374
f 2448/2448/2373 2449/2449/2374 2253/2253/2180
f 2448/2448/2373 2253/2253/2180 2252/2252/2179
f 2450/2450/2375 2451/2451/2376 2253/2253/2180
f 2450/2450/2375 2253/2253/2180 2449/2449/2374
f 2450/2450/2375 2449/2449/2374 2447/2447/2372
f 2450/2450/2375 2447/2447/2372 2452/2452/2377
f 2450/2450/2375 2452/2452/2377 2453/2453/2378
f 2450/2450/2375 2453/2453/2378 2451/2451/2376
f 2454/2454/2379 2258/2258/2185 2253/2253/2180
f 2454/2454/2379 2253/2253/2180 2451/2451/2376
f 2454/2454/2379 2451/2451/2376 2453/2453/2378
f 2454/2454/2379 2453/2453/2378 2455/2455/2380
f 2454/2454/2379 2455/2455/2380 2259/2259/2186
f 2454/2454/2379 2259/2259/2186 2258/2258/2185
f 2456/2456/2381 2457/2457/2382 2259/2259/2186
f 2456/2456/2381 2259/2259/2186 2455/2455/2380
f 2456/2456/2381 2455/2455/2380 2453/2453/2378
f 2456/2456/2381 2453/2453/2378 2458/2458/2383
f 2456/2456/2381 2458/2458/2383 2459/2459/2384
f 2456/2456/2381 2459/2459/2384 2457/2457/2382
f 2460/2460/2385 2264/2264/2191 2259/2259/2186
f 2460/2460/2385 2259/2259/2186 2457/2457/2382
f 2460/2460/2385 2457/2457/2382 2459/2459/2384
f 2460/2460/2385 2459/2459/2384 2461/2461/2386
f 2460/2460/2385 2461/2461/2386 2265/2265/2192
f 2460/2460/2385 2265/2265/2192 2264/2264/2191
f 2462/2462/2387 2463/2463/2388 2265/2265/2192
f 2462/2462/2387 2265/2265/2192 2461/2461/2386
f 2462/2462/2387 2461/2461/2386 2459/2459/2384
f 2462/2462/2387 2459/2459/2384 2464/2464/2389
f 2462/2462/2387 2464/2464/2389 2465/2465/2390
f 2462/2462/2387 2465/2465/2390 2463/2463/2388
f 2466/2466/2391 2270/2270/2197 2265/2265/2192
f 2466/2466/2391 2265/2265/2192 2463/2463/2388
f 2466/2466/2391 2463/2463/2388 2465/2465/2390
f 2466/2466/2391 2465/2465/2390 2467/2467/2392
f 2466/2466/2391 2467/2467/2392 2271/2271/2198
f 2466/2466/2391 2271/2271/2198 2270/2270/2197
f 2468/2468/2393 2469/2469/2394 2271/2271/2198
f 2468/2468/2393 2271/2271/2198 2467/2467/2392
f 2468/2468/2393 2467/2467/2392 2465/2465/2390
f 2468/2468/2393 2465/2465/2390 2470/2470/2395
f 2468/2468/2393 2470/2470/2395 2471/2471/2396
f 2468/2468/2393 2471/2471/2396 2469/2469/2394
f 2472/2472/2397 2276/2276/2203 2271/2271/2198
f 2472/2472/2397 2271/2271/2198 2469/2469/2394
f 2472/2472/2397 2469/2469/2394 2471/2471/2396
f 2472/2472/2397 2471/2471/2396 2473/2473/2398
f 2472/2472/2397 2473/2473/2398 2277/2277/2204
f 2472/2472/2397 2277/2277/2204 2276/2276/2203
f 2474/2474/2399 2475/2475/2400 2277/2277/2204
f 2474/2474/2399 2277/2277/2204 2473/2473/2398
f 2474/2474/2399 2473/2473/2398 2471/2471/2396
f 2474/2474/2399 2471/2471/2396 2476/2476/2401
f 2474/2474/2399 2476/2476/2401 2477/2477/2402
f 2474/2474/2399 2477/2477/2402 2475/2475/2400
f 2478/2478/2403 2282/2282/2209 2277/2277/2204
f 2478/2478/2403 2277/2277/2204 2475/2475/2400
f 2478/2478/2403 2475/2475/2400 2477/2477/2402
f 2478/2478/2403 2477/2477/2402 2479/2479/2404
f 2478/2478/2403 2479/2479/2404 2283/2283/2210
f 2478/2478/2403 2283/2283/2210 2282/2282/2209
f 2480/2480/2405 2481/2481/2406 2283/2283/2210
f 2480/2480/2405 2283/2283/2210 2479/2479/2404
f 2480/2480/2405 2479/2479/2404 2477/2477/2402
f 2480/2480/2405 2477/2477/2402 2482/2482/2407
f 2480/2480/2405 2482/2482/2407 2483/2483/2408
f 2480/2480/2405 2483/2483/2408 2481/2481/2406
f 2484/2484/2409 2288/2288/2215 2283/2283/2210
f 2484/2484/2409 2283/2283/2210 2481/2481/2406
f 2484/2484/2409 2481/2481/2406 2483/2483/2408
f 2484/2484/2409 2483/2483/2408 2485/2485/2410
f 2484/2484/2409 2485/2485/2410 2289/2289/2216
f 2484/2484/2409 2289/2289/2216 2288/2288/2215
f 2486/2486/2411 2487/2487/2412 2289/2289/2216
f 2486/2486/2411 2289/2289/2216 2485/2485/2410
f 2486/2486/2411 2485/2485/2410 2483/2483/2408
f 2486/2486/2411 2483/2483/2408 2488/2488/2413
f 2486/2486/2411 2488/2488/2413 2489/2489/2414
f 2486/2486/2411 2489/2489/2414 2487/2487/2412
f 2490/2490/2415 2294/2294/2221 2289/2289/2216
f 2490/2490/2415 2289/2289/2216 2487/2487/2412
f 2490/2490/2415 2487/2487/2412 2489/2489/2414
f 2490/2490/2415 2489/2489/2414 2491/2491/2416
f 2490/2490/2415 2491/2491/2416 2295/2295/2222
f 2490/2490/2415 2295/2295/2222 2294/2294/2221
f 2492/2492/2417 2493/2493/2418 2295/2295/2222
f 2492/2492/2417 2295/2295/2222 2491/2491/2416
f 2492/2492/2417 2491/2491/2416 2489/2489/2414
f 2492/2492/2417 2489/2489/2414 2494/2494/2419
f 2492/2492/2417 2494/2494/2419 2495/2495/2420
f 2492/2492/2417 2495/2495/2420 2493/2493/2418
f 2496/2496/2421 2300/2300/2227 2295/2295/2222
f 2496/2496/2421 2295/2295/2222 2493/2493/2418
f 2496/2496/2421 2493/2493/2418 2495/2495/2420
f 2496/2496/2421 2495/2495/2420 2497/2497/2422
f 2496/2496/2421 2497/2497/2422 2301/2301/2228
f 2496/2496/2421 2301/2301/2228 2300/2300/2227
f 2498/2498/2423 2499/2499/2424 2301/2301/2228
f 2498/2498/2423 2301/2301/2228 2497/2497/2422
f 2498/2498/2423 2497/2497/2422 2495/2495/2420
f 2498/2498/2423 2495/2495/2420 2500/2500/2425
f 2498/2498/2423 2500/2500/2425 2501/2501/2426
f 2498/2498/2423 2501/2501/2426 2499/2499/2424
f 2502/2502/2427 2306/2306/2233 2301/2301/2228
f 2502/2502/2427 2301/2301/2228 2499/2499/2424
f 2502/2502/2427 2499/2499/2424 2501/2501/2426
f 2502/2502/2427 2501/2501/2426 2503/2503/2428
f 2502/2502/2427 2503/2503/2428 2307/2307/2234
f 2502/2502/2427 2307/2307/2234 2306/2306/2233
f 2504/2504/2429 2505/2505/2430 2307/2307/2234
f 2504/2504/2429 2307/2307/2234 2503/2503/2428
f 2504/2504/2429 2503/2503/2428 2501/2501/2426
f 2504/2504/2429 2501/2501/2426 2506/2506/2431
f 2504/2504/2429 2506/2506/2431 2507/2507/2432
f 2504/2504/2429 2507/2507/2432 2505/2505/2430
f 2508/2508/2433 2312/2312/2239 2307/2307/2234
f 2508/2508/2433 2307/2307/2234 2505/2505/2430
f 2508/2508/2433 2505/2505/2430 2507/2507/2432
f 2508/2508/2433 2507/2507/2432 2509/2509/2434
f 2508/2508/2433 2509/2509/2434 2313/2313/2240
f 2508/2508/2433 2313/2313/2240 2312/2312/2239
f 2510/2510/2435 2511/2511/2436 2313/2313/2240
f 2510/2510/2435 2313/2313/2240 2509/2509/2434
f 2510/2510/2435 2509/2509/2434 2507/2507/2432
f 2510/2510/2435 2507/2507/2432 2512/2512/2437
f 2510/2510/2435 2512/2512/2437 2513/2513/2438
f 2510/2510/2435 2513/2513/2438 2511/2511/2436
f 2514/2514/2439 2318/2318/2245 2313/2313/2240
f 2514/2514/2439 2313/2313/2240 2511/2511/2436
f 2514/2514/2439 2511/2511/2436 2513/2513/2438
f 2514/2514/2439 2513/2513/2438 2515/2515/2440
f 2514/2514/2439 2515/2515/2440 2319/2319/2246
f 2514/2514/2439 2319/2319/2246 2318/2318/2245
f 2516/2516/2441 2517/2517/2442 2319/2319/2246
f 2516/2516/2441 2319/2319/2246 2515/2515/2440
f 2516/2516/2441 2515/2515/2440 2513/2513/2438
f 2516/2516/2441 2513/2513/2438 2518/2518/2443
f 2516/2516/2441 2518/2518/2443 2519/2519/2256
f 2516/2516/2441 2519/2519/2256 2517/2517/2442
f 2520/2520/2444 2324/2324/2251 2319/2319/2246
f 2520/2520/2444 2319/2319/2246 2517/2517/2442
f 2520/2520/2444 2517/2517/2442 2519/2519/2256
f 2520/2520/2444 2519/2519/2256 2521/2521/2445
f 2520/2520/2444 2521/2521/2445 2325/2325/2064
f 2520/2520/2444 2325/2325/2064 2324/2324/2251
f 2522/2522/2446 2523/2523/2447 2331/2331/2256
f 2522/2522/2446 2331/2331/2256 2524/2524/2448
f 2522/2522/2446 2524/2524/2448 2525/2525/2449
f 2522/2522/2446 2525/2525/2449 2526/2526/2450
f 2522/2522/2446 2526/2526/2450 2527/2527/2451
f 2522/2522/2446 2527/2527/2451 2523/2523/2447
f 2528/2528/2452 2332/2332/2257 2331/2331/2256
f 2528/2528/2452 2331/2331/2256 2523/2523/2447
f 2528/2528/2452 2523/2523/2447 2527/2527/2451
f 2528/2528/2452 2527/2527/2451 2529/2529/2453
f 2528/2528/2452 2529/2529/2453 2333/2333/2258
f 2528/2528/2452 2333/2333/2258 2332/2332/2257
f 2530/2530/2454 2531/2531/2455 2333/2333/2258
f 2530/2530/2454 2333/2333/2258 2529/2529/2453
f 2530/2530/2454 2529/2529/2453 2527/2527/2451
f 2530/2530/2454 2527/2527/2451 2532/2532/2456
f 2530/2530/2454 2532/2532/2456 2533/2533/2457
f 2530/2530/2454 2533/2533/2457 2531/2531/2455
f 2534/2534/2458 2338/2338/2263 2333/2333/2258
f 2534/2534/2458 2333/2333/2258 2531/2531/2455
f 2534/2534/2458 2531/2531/2455 2533/2533/2457
f 2534/2534/2458 2533/2533/2457 2535/2535/2459
f 2534/2534/2458 2535/2535/2459 2339/2339/2264
f 2534/2534/2458 2339/2339/2264 2338/2338/2263
f 2536/2536/2460 2537/2537/2461 2339/2339/2264
f 2536/2536/2460 2339/2339/2264 2535/2535/2459
f 2536/2536/2460 2535/2535/2459 2533/2533/2457
f 2536/2536/2460 2533/2533/2457 2538/2538/2462
f 2536/2536/2460 2538/2538/2462 2539/2539/2463
f 2536/2536/2460 2539/2539/2463 2537/2537/2461
f 2540/2540/2464 2344/2344/2269 2339/2339/2264
f 2540/2540/2464 2339/2339/2264 2537/2537/2461
f 2540/2540/2464 2537/2537/2461 2539/2539/2463
f 2540/2540/2464 2539/2539/2463 2541/2541/2465
f 2540/2540/2464 2541/2541/2465 2345/2345/2270
f 2540/2540/2464 2345/2345/2270 2344/2344/2269
f 2542/2542/2466 2543/2543/2467 2345/2345/2270
f 2542/2542/2466 2345/2345/2270 2541/2541/2465
f 2542/2542/2466 2541/2541/2465 2539/2539/2463
f 2542/2542/2466 2539/2539/2463 2544/2544/2468
f 2542/2542/2466 2544/2544/2468 2545/2545/2469
f 2542/2542/2466 2545/2545/2469 2543/2543/2467
f 2546/2546/2470 2350/2350/2275 2345/2345/2270
f 2546/2546/2470 2345/2345/2270 2543/2543/2467
f 2546/2546/2470 2543/2543/2467 2545/2545/2469
f 2546/2546/2470 2545/2545/2469 2547/2547/2471
f 2546/2546/2470 2547/2547/2471 2351/2351/2276
f 2546/2546/2470 2351/2351/2276 2350/2350/2275
f 2548/2548/2472 2549/2549/2473 2351/2351/2276
f 2548/2548/2472 2351/2351/2276 2547/2547/2471
f 2548/2548/2472 2547/2547/2471 2545/2545/2469
f 2548/2548/2472 2545/2545/2469 2550/2550/2474
f 2548/2548/2472 2550/2550/2474 2551/2551/2475
f 2548/2548/2472 2551/2551/2475 2549/2549/2473
f 2552/2552/2476 2356/2356/2281 2351/2351/2276
f 2552/2552/2476 2351/2351/2276 2549/2549/2473
f 2552/2552/2476 2549/2549/2473 2551/2551/2475
f 2552/2552/2476 2551/2551/2475 2553/2553/2477
f 2552/2552/2476 2553/2553/2477 2357/2357/2282
f 2552/2552/2476 2357/2357/2282 2356/2356/2281
f 2554/2554/2478 2555/2555/2479 2357/2357/2282
f 2554/2554/2478 2357/2357/2282 2553/2553/2477
f 2554/2554/2478 2553/2553/2477 2551/2551/2475
f 2554/2554/2478 2551/2551/2475 2556/2556/2480
f 2554/2554/2478 2556/2556/2480 2557/2557/2481
f 2554/2554/2478 2557/2557/2481 2555/2555/2479
f 2558/2558/2482 2362/2362/2287 2357/2357/2282
f 2558/2558/2482 2357/2357/2282 2555/2555/2479
f 2558/2558/2482 2555/2555/2479 2557/2557/2481
f 2558/2558/2482 2557/2557/2481 2559/2559/2483
f 2558/2558/2482 2559/2559/2483 2363/2363/2288
f 2558/2558/2482 2363/2363/2288 2362/2362/2287
f 2560/2560/2484 2561/2561/2485 2363/2363/2288
f 2560/2560/2484 2363/2363/2288 2559/2559/2483
f 2560/2560/2484 2559/2559/2483 2557/2557/2481
f 2560/2560/2484 2557/2557/2481 2562/2562/2486
f 2560/2560/2484 2562/2562/2486 2563/2563/2487
f 2560/2560/2484 2563/2563/2487 2561/2561/2485
f 2564/2564/2488 2368/2368/2293 2363/2363/2288
f 2564/2564/2488 2363/2363/2288 2561/2561/2485
f 2564/2564/2488 2561/2561/2485 2563/2563/2487
f 2564/2564/2488 2563/2563/2487 2565/2565/2489
f 2564/2564/2488 2565/2565/2489 2369/2369/2294
f 2564/2564/2488 2369/2369/2294 2368/2368/2293
f 2566/2566/2490 2567/2567/2491 2369/2369/2294
f 2566/2566/2490 2369/2369/2294 2565/2565/2489
f 2566/2566/2490 2565/2565/2489 2563/2563/2487
f 2566/2566/2490 2563/2563/2487 2568/2568/2492
f 2566/2566/2490 2568/2568/2492 2569/2569/2493
f 2566/2566/2490 2569/2569/2493 2567/2567/2491
f 2570/2570/2494 2374/2374/2299 2369/2369/2294
f 2570/2570/2494 2369/2369/2294 2567/2567/2491
f 2570/2570/2494 2567/2567/2491 2569/2569/2493
f 2570/2570/2494 2569/2569/2493 2571/2571/2495
f 2570/2570/2494 2571/2571/2495 2375/2375/2300
f 2570/2570/2494 2375/2375/2300 2374/2374/2299
f 2572/2572/2496 2573/2573/2497 2375/2375/2300
f 2572/2572/2496 2375/2375/2300 2571/2571/2495
f 2572/2572/2496 2571/2571/2495 2569/2569/2493
f 2572/2572/2496 2569/2569/2493 2574/2574/2498
f 2572/2572/2496 2574/2574/2498 2575/2575/2499
f 2572/2572/2496 2575/2575/2499 2573/2573/2497
f 2576/2576/2500 2380/2380/2305 2375/2375/2300
f 2576/2576/2500 2375/2375/2300 2573/2573/2497
f 2576/2576/2500 2573/2573/2497 2575/2575/2499
f 2576/2576/2500 2575/2575/2499 2577/2577/2501
f 2576/2576/2500 2577/2577/2501 2381/2381/2306
f 2576/2576/2500 2381/2381/2306 2380/2380/2305
f 2578/2578/2502 2579/2579/2503 2381/2381/2306
f 2578/2578/2502 2381/2381/2306 2577/2577/2501
f 2578/2578/2502 2577/2577/2501 2575/2575/2499
f 2578/2578/2502 2575/2575/2499 2580/2580/2504
f 2578/2578/2502 2580/2580/2504 2581/2581/2505
f 2578/2578/2502 2581/2581/2505 2579/2579/2503
f 2582/2582/2506 2386/2386/2311 2381/2381/2306
f 2582/2582/2506 2381/2381/2306 2579/2579/2503
f 2582/2582/2506 2579/2579/2503 2581/2581/2505
f 2582/2582/2506 2581/2581/2505 2583/2583/2507
f 2582/2582/2506 2583/2583/2507 2387/2387/2312
f 2582/2582/2506 2387/2387/2312 2386/2386/2311
f 2584/2584/2508 2585/2585/2509 2387/2387/2312
f 2584/2584/2508 2387/2387/2312 2583/2583/2507
f 2584/2584/2508 2583/2583/2507 2581/2581/2505
f 2584/2584/2508 2581/2581/2505 2586/2586/2510
f 2584/2584/2508 2586/2586/2510 2587/2587/2511
f 2584/2584/2508 2587/2587/2511 2585/2585/2509
f 2588/2588/2512 2392/2392/2317 2387/2387/2312
f 2588/2588/2512 2387/2387/2312 2585/2585/2509
f 2588/2588/2512 2585/2585/2509 2587/2587/2511
f 2588/2588/2512 2587/2587/2511 2589/2589/2513
f 2588/2588/2512 2589/2589/2513 2393/2393/2318
f 2588/2588/2512 2393/2393/2318 2392/2392/2317
f 2590/2590/2514 2591/2591/2515 2393/2393/2318
f 2590/2590/2514 2393/2393/2318 2589/2589/2513
f 2590/2590/2514 2589/2589/2513 2587/2587/2511
f 2590/2590/2514 2587/2587/2511 2592/2592/2516
f 2590/2590/2514 2592/2592/2516 2593/2593/2517
f 2590/2590/2514 2593/2593/2517 2591/2591/2515
f 2594/2594/2518 2398/2398/2323 2393/2393/2318
f 2594/2594/2518 2393/2393/2318 2591/2591/2515
f 2594/2594/2518 2591/2591/2515 2593/2593/2517
f 2594/2594/2518 2593/2593/2517 2595/2595/2519
f 2594/2594/2518 2595/2595/2519 2399/2399/2324
f 2594/2594/2518 2399/2399/2324 2398/2398/2323
f 2596/2596/2520 2597/2597/2521 2399/2399/2324
f 2596/2596/2520 2399/2399/2324 2595/2595/2519
f 2596/2596/2520 2595/2595/2519 2593/2593/2517
f 2596/2596/2520 2593/2593/2517 2598/2598/2522
f 2596/2596/2520 2598/2598/2522 2599/2599/2523
f 2596/2596/2520 2599/2599/2523 2597/2597/2521
f 2600/2600/2524 2404/2404/2329 2399/2399/2324
f 2600/2600/2524 2399/2399/2324 2597/2597/2521
f 2600/2600/2524 2597/2597/2521 2599/2599/2523
f 2600/2600/2524 2599/2599/2523 2601/2601/2525
f 2600/2600/2524 2601/2601/2525 2405/2405/2330
f 2600/2600/2524 2405/2405/2330 2404/2404/2329
f 2602/2602/2526 2603/2603/2527 2405/2405/2330
f 2602/2602/2526 2405/2405/2330 2601/2601/2525
f 2602/2602/2526 2601/2601/2525 2599/2599/2523
f 2602/2602/2526 2599/2599/2523 2604/2604/2528
f 2602/2602/2526 2604/2604/2528 2605/2605/2529
f 2602/2602/2526 2605/2605/2529 2603/2603/2527
f 2606/2606/2530 2410/2410/2335 2405/2405/2330
f 2606/2606/2530 2405/2405/2330 2603/2603/2527
f 2606/2606/2530 2603/2603/2527 2605/2605/2529
f 2606/2606/2530 2605/2605/2529 2607/2607/2531
f 2606/2606/2530 2607/2607/2531 2411/2411/2336
f 2606/2606/2530 2411/2411/2336 2410/2410/2335
f 2608/2608/2532 2609/2609/2533 2411/2411/2336
f 2608/2608/2532 2411/2411/2336 2607/2607/2531
f 2608/2608/2532 2607/2607/2531 2605/2605/2529
f 2608/2608/2532 2605/2605/2529 2610/2610/2534
f 2608/2608/2532 2610/2610/2534 2611/2611/2535
f 2608/2608/2532 2611/2611/2535 2609/2609/2533
f 2612/2612/2536 2416/2416/2341 2411/2411/2336
f 2612/2612/2536 2411/2411/2336 2609/2609/2533
f 2612/2612/2536 2609/2609/2533 2611/2611/2535
f 2612/2612/2536 2611/2611/2535 2613/2613/2537
f 2612/2612/2536 2613/2613/2537 2417/2417/2342
f 2612/2612/2536 2417/2417/2342 2416/2416/2341
f 2614/2614/2538 2615/2615/2539 2417/2417/2342
f 2614/2614/2538 2417/2417/2342 2613/2613/2537
f 2614/2614/2538 2613/2613/2537 2611/2611/2535
f 2614/2614/2538 2611/2611/2535 2616/2616/2540
f 2614/2614/2538 2616/2616/2540 2617/2617/2541
f 2614/2614/2538 2617/2617/2541 2615/2615/2539
f 2618/2618/2542 2422/2422/2347 2417/2417/2342
f 2618/2618/2542 2417/2417/2342 2615/2615/2539
f 2618/2618/2542 2615/2615/2539 2617/2617/2541
f 2618/2618/2542 2617/2617/2541 2619/2619/2543
f 2618/2618/2542 2619/2619/2543 2423/2423/2348
f 2618/2618/2542 2423/2423/2348 2422/2422/2347
f 2620/2620/2544 2621/2621/2545 2423/2423/2348
f 2620/2620/2544 2423/2423/2348 2619/2619/2543
f 2620/2620/2544 2619/2619/2543 2617/2617/2541
f 2620/2620/2544 2617/2617/2541 2622/2622/2546
f 2620/2620/2544 2622/2622/2546 2623/2623/2547
f 2620/2620/2544 2623/2623/2547 2621/2621/2545
f 2624/2624/2548 2428/2428/2353 2423/2423/2348
f 2624/2624/2548 2423/2423/2348 2621/2621/2545
f 2624/2624/2548 2621/2621/2545 2623/2623/2547
f 2624/2624/2548 2623/2623/2547 2625/2625/2549
f 2624/2624/2548 2625/2625/2549 2429/2429/2354
f 2624/2624/2548 2429/2429/2354 2428/2428/2353
f 2626/2626/2550 2627/2627/2551 2429/2429/2354
f 2626/2626/2550 2429/2429/2354 2625/2625/2549
f 2626/2626/2550 2625/2625/2549 2623/2623/2547
f 2626/2626/2550 2623/2623/2547 2628/2628/2552
f 2626/2626/2550 2628/2628/2552 2629/2629/2553
f 2626/2626/2550 2629/2629/2553 2627/2627/2551
f 2630/2630/2554 2434/2434/2359 2429/2429/2354
f 2630/2630/2554 2429/2429/2354 2627/2627/2551
f 2630/2630/2554 2627/2627/2551 2629/2629/2553
f 2630/2630/2554 2629/2629/2553 2631/2631/2555
f 2630/2630/2554 2631/2631/2555 2435/2435/2360
f 2630/2630/2554 2435/2435/2360 2434/2434/2359
f 2632/2632/2556 2633/2633/2557 2435/2435/2360
f 2632/2632/2556 2435/2435/2360 2631/2631/2555
f 2632/2632/2556 2631/2631/2555 2629/2629/2553
f 2632/2632/2556 2629/2629/2553 2634/2634/2558
f 2632/2632/2556 2634/2634/2558 2635/2635/2559
f 2632/2632/2556 2635/2635/2559 2633/2633/2557
f 2636/2636/2560 2440/2440/2365 2435/2435/2360
f 2636/2636/2560 2435/2435/2360 2633/2633/2557
f 2636/2636/2560 2633/2633/2557 2635/2635/2559
f 2636/2636/2560 2635/2635/2559 2637/2637/2561
f 2636/2636/2560 2637/2637/2561 2441/2441/2366
f 2636/2636/2560 2441/2441/2366 2440/2440/2365
f 2638/2638/2562 2639/2639/2563 2441/2441/2366
f 2638/2638/2562 2441/2441/2366 2637/2637/2561
f 2638/2638/2562 2637/2637/2561 2635/2635/2559
f 2638/2638/2562 2635/2635/2559 2640/2640/2564
f 2638/2638/2562 2640/2640/2564 2641/2641/2565
f 2638/2638/2562 2641/2641/2565 2639/2639/2563
f 2642/2642/2566 2446/2446/2371 2441/2441/2366
f 2642/2642/2566 2441/2441/2366 2639/2639/2563
f 2642/2642/2566 2639/2639/2563 2641/2641/2565
f 2642/2642/2566 2641/2641/2565 2643/2643/2567
f 2642/2642/2566 2643/2643/2567 2447/2447/2372
f 2642/2642/2566 2447/2447/2372 2446/2446/2371
f 2644/2644/2568 2645/2645/2569 2447/2447/2372
f 2644/2644/2568 2447/2447/2372 2643/2643/2567
f 2644/2644/2568 2643/2643/2567 2641/2641/2565
f 2644/2644/2568 2641/2641/2565 2646/2646/2570
f 2644/2644/2568 2646/2646/2570 2647/2647/2571
f 2644/2644/2568 2647/2647/2571 2645/2645/2569
f 2648/2648/2572 2452/2452/2377 2447/2447/2372
f 2648/2648/2572 2447/2447/2372 2645/2645/2569
f 2648/2648/2572 2645/2645/2569 2647/2647/2571
f 2648/2648/2572 2647/2647/2571 2649/2649/2573
f 2648/2648/2572 2649/2649/2573 2453/2453/2378
f 2648/2648/2572 2453/2453/2378 2452/2452/2377
f 2650/2650/2574 2651/2651/2575 2453/2453/2378
f 2650/2650/2574 2453/2453/2378 2649/2649/2573
f 2650/2650/2574 2649/2649/2573 2647/2647/2571
f 2650/2650/2574 2647/2647/2571 2652/2652/2576
f 2650/2650/2574 2652/2652/2576 2653/2653/2577
f 2650/2650/2574 2653/2653/2577 2651/2651/2575
f 2654/2654/2578 2458/2458/2383 2453/2453/2378
f 2654/2654/2578 2453/2453/2378 2651/2651/2575
f 2654/2654/2578 2651/2651/2575 2653/2653/2577
f 2654/2654/2578 2653/2653/2577 2655/2655/2579
f 2654/2654/2578 2655/2655/2579 2459/2459/2384
f 2654/2654/2578 2459/2459/2384 2458/2458/2383
f 2656/2656/2580 2657/2657/2581 2459/2459/2384
f 2656/2656/2580 2459/2459/2384 2655/2655/2579
f 2656/2656/2580 2655/2655/2579 2653/2653/2577
f 2656/2656/2580 2653/2653/2577 2658/2658/2582
f 2656/2656/2580 2658/2658/2582 2659/2659/2583
f 2656/2656/2580 2659/2659/2583 2657/2657/2581
f 2660/2660/2584 2464/2464/2389 2459/2459/2384
f 2660/2660/2584 2459/2459/2384 2657/2657/2581
f 2660/2660/2584 2657/2657/2581 2659/2659/2583
f 2660/2660/2584 2659/2659/2583 2661/2661/2585
f 2660/2660/2584 2661/2661/2585 2465/2465/2390
f 2660/2660/2584 2465/2465/2390 2464/2464/2389
f 2662/2662/2586 2663/2663/2587 2465/2465/2390
f 2662/2662/2586 2465/2465/2390 2661/2661/2585
f 2662/2662/2586 2661/2661/2585 2659/2659/2583
f 2662/2662/2586 2659/2659/2583 2664/2664/2588
f 2662/2662/2586 2664/2664/2588 2665/2665/2589
f 2662/2662/2586 2665/2665/2589 2663/2663/2587
f 2666/2666/2590 2470/2470/2395 2465/2465/2390
f 2666/2666/2590 2465/2465/2390 2663/2663/2587
f 2666/2666/2590 2663/2663/2587 2665/2665/2589
f 2666/2666/2590 2665/2665/2589 2667/2667/2591
f 2666/2666/2590 2667/2667/2591 2471/2471/2396
f 2666/2666/2590 2471/2471/2396 2470/2470/2395
f 2668/2668/2592 2669/2669/2593 2471/2471/2396
f 2668/2668/2592 2471/2471/2396 2667/2667/2591
f 2668/2668/2592 2667/2667/2591 2665/2665/2589
f 2668/2668/2592 2665/2665/2589 2670/2670/2594
f 2668/2668/2592 2670/2670/2594 2671/2671/2595
f 2668/2668/2592 2671/2671/2595 2669/2669/2593
f 2672/2672/2596 2476/2476/2401 2471/2471/2396
f 2672/2672/2596 2471/2471/2396 2669/2669/2593
f 2672/2672/2596 2669/2669/2593 2671/2671/2595
f 2672/2672/2596 2671/2671/2595 2673/2673/2597
f 2672/2672/2596 2673/2673/2597 2477/2477/2402
f 2672/2672/2596 2477/2477/2402 2476/2476/2401
f 2674/2674/2598 2675/2675/2599 2477/2477/2402
f 2674/2674/2598 2477/2477/2402 2673/2673/2597
f 2674/2674/2598 2673/2673/2597 2671/2671/2595
f 2674/2674/2598 2671/2671/2595 2676/2676/2600
f 2674/2674/2598 2676/2676/2600 2677/2677/2601
f 2674/2674/2598 2677/2677/2601 2675/2675/2599
f 2678/2678/2602 2482/2482/2407 2477/2477/2402
f 2678/2678/2602 2477/2477/2402 2675/2675/2599
f 2678/2678/2602 2675/2675/2599 2677/2677/2601
f 2678/2678/2602 2677/2677/2601 2679/2679/2603
f 2678/2678/2602 2679/2679/2603 2483/2483/2408
f 2678/2678/2602 2483/2483/2408 2482/2482/2407
f 2680/2680/2604 2681/2681/2605 2483/2483/2408
f 2680/2680/2604 2483/2483/2408 2679/2679/2603
f 2680/2680/2604 2679/2679/2603 2677/2677/2601
f 2680/2680/2604 2677/2677/2601 2682/2682/2606
f 2680/2680/2604 2682/2682/2606 2683/2683/2607
f 2680/2680/2604 2683/2683/2607 2681/2681/2605
f 2684/2684/2608 2488/2488/2413 2483/2483/2408
f 2684/2684/2608 2483/2483/2408 2681/2681/2605
f 2684/2684/2608 2681/2681/2605 2683/2683/2607
f 2684/2684/2608 2683/2683/2607 2685/2685/2609
f 2684/2684/2608 2685/2685/2609 2489/2489/2414
f 2684/2684/2608 2489/2489/2414 2488/2488/2413
f 2686/2686/2610 2687/2687/2611 2489/2489/2414
f 2686/2686/2610 2489/2489/2414 2685/2685/2609
f 2686/2686/2610 2685/2685/2609 2683/2683/2607
f 2686/2686/2610 2683/2683/2607 2688/2688/2612
f 2686/2686/2610 2688/2688/2612 2689/2689/2613
f 2686/2686/2610 2689/2689/2613 2687/2687/2611
f 2690/2690/2614 2494/2494/2419 2489/2489/2414
f 2690/2690/2614 2489/2489/2414 2687/2687/2611
f 2690/2690/2614 2687/2687/2611 2689/2689/2613
f 2690/2690/2614 2689/2689/2613 2691/2691/2615
f 2690/2690/2614 2691/2691/2615 2495/2495/2420
f 2690/2690/2614 2495/2495/2420 2494/2494/2419
f 2692/2692/2616 2693/2693/2617 2495/2495/2420
f 2692/2692/2616 2495/2495/2420 2691/2691/2615
f 2692/2692/2616 2691/2691/2615 2689/2689/2613
f 2692/2692/2616 2689/2689/2613 2694/2694/2618
f 2692/2692/2616 2694/2694/2618 2695/2695/2619
f 2692/2692/2616 2695/2695/2619 2693/2693/2617
f 2696/2696/2620 2500/2500/2425 2495/2495/2420
f 2696/2696/2620 2495/2495/2420 2693/2693/2617
f 2696/2696/2620 2693/2693/2617 2695/2695/2619
f 2696/2696/2620 2695/2695/2619 2697/2697/2621
f 2696/2696/2620 2697/2697/2621 2501/2501/2426
f 2696/2696/2620 2501/2501/2426 2500/2500/2425
f 2698/2698/2622 2699/2699/2623 2501/2501/2426
f 2698/2698/2622 2501/2501/2426 2697/2697/2621
f 2698/2698/2622 2697/2697/2621 2695/2695/2619
f 2698/2698/2622 2695/2695/2619 2700/2700/2624
f 2698/2698/2622 2700/2700/2624 2701/2701/2625
f 2698/2698/2622 2701/2701/2625 2699/2699/2623
f 2702/2702/2626 2506/2506/2431 2501/2501/2426
f 2702/2702/2626 2501/2501/2426 2699/2699/2623
f 2702/2702/2626 2699/2699/2623 2701/2701/2625
f 2702/2702/2626 2701/2701/2625 2703/2703/2627
f 2702/2702/2626 2703/2703/2627 2507/2507/2432
f 2702/2702/2626 2507/2507/2432 2506/2506/2431
f 2704/2704/2628 2705/2705/2629 2507/2507/2432
f 2704/2704/2628 2507/2507/2432 2703/2703/2627
f 2704/2704/2628 2703/2703/2627 2701/2701/2625
f 2704/2704/2628 2701/2701/2625 2706/2706/2630
f 2704/2704/2628 2706/2706/2630 2707/2707/2631
f 2704/2704/2628 2707/2707/2631 2705/2705/2629
f 2708/2708/2632 2512/2512/2437 2507/2507/2432
f 2708/2708/2632 2507/2507/2432 2705/2705/2629
f 2708/2708/2632 2705/2705/2629 2707/2707/2631
f 2708/2708/2632 2707/2707/2631 2709/2709/2633
f 2708/2708/2632 2709/2709/2633 2513/2513/2438
f 2708/2708/2632 2513/2513/2438 2512/2512/2437
f 2710/2710/2634 2711/2711/2635 2513/2513/2438
f 2710/2710/2634 2513/2513/2438 2709/2709/2633
f 2710/2710/2634 2709/2709/2633 2707/2707/2631
f 2710/2710/2634 2707/2707/2631 2712/2712/2636
f 2710/2710/2634 2712/2712/2636 2713/2713/2449
f 2710/2710/2634 2713/2713/2449 2711/2711/2635
f 2714/2714/2637 2518/2518/2443 2513/2513/2438
f 2714/2714/2637 2513/2513/2438 2711/2711/2635
f 2714/2714/2637 2711/2711/2635 2713/2713/2449
f 2714/2714/2637 2713/2713/2449 2715/2715/2448
f 2714/2714/2637 2715/2715/2448 2519/2519/2256
f 2714/2714/2637 2519/2519/2256 2518/2518/2443
f 2716/2716/2638 2717/2717/2639 2525/2525/2449
f 2716/2716/2638 2525/2525/2449 2718/2718/2640
f 2716/2716/2638 2718/2718/2640 2719/2719/2641
f 2716/2716/2638 2719/2719/2641 2720/2720/2642
f 2716/2716/2638 2720/2720/2642 2721/2721/2643
f 2716/2716/2638 2721/2721/2643 2717/2717/2639
f 2722/2722/2644 2526/2526/2450 2525/2525/2449
f 2722/2722/2644 2525/2525/2449 2717/2717/2639
f 2722/2722/2644 2717/2717/2639 2721/2721/2643
f 2722/2722/2644 2721/2721/2643 2723/2723/2645
f 2722/2722/2644 2723/2723/2645 2527/2527/2451
f 2722/2722/2644 2527/2527/2451 2526/2526/2450
f 2724/2724/2646 2725/2725/2647 2527/2527/2451
f 2724/2724/2646 2527/2527/2451 2723/2723/2645
f 2724/2724/2646 2723/2723/2645 2721/2721/2643
f 2724/2724/2646 2721/2721/2643 2726/2726/2648
f 2724/2724/2646 2726/2726/2648 2727/2727/2649
f 2724/2724/2646 2727/2727/2649 2725/2725/2647
f 2728/2728/2650 2532/2532/2456 2527/2527/2451
f 2728/2728/2650 2527/2527/2451 2725/2725/2647
f 2728/2728/2650 2725/2725/2647 2727/2727/2649
f 2728/2728/2650 2727/2727/2649 2729/2729/2651
f 2728/2728/2650 2729/2729/2651 2533/2533/2457
f 2728/2728/2650 2533/2533/2457 2532/2532/2456
f 2730/2730/2652 2731/2731/2653 2533/2533/2457
f 2730/2730/2652 2533/2533/2457 2729/2729/2651
f 2730/2730/2652 2729/2729/2651 2727/2727/2649
f 2730/2730/2652 2727/2727/2649 2732/2732/2654
f 2730/2730/2652 2732/2732/2654 2733/2733/2655
f 2730/2730/2652 2733/2733/2655 2731/2731/2653
f 2734/2734/2656 2538/2538/2462 2533/2533/2457
f 2734/2734/2656 2533/2533/2457 2731/2731/2653
f 2734/2734/2656 2731/2731/2653 2733/2733/2655
f 2734/2734/2656 2733/2733/2655 2735/2735/2657
f 2734/2734/2656 2735/2735/2657 2539/2539/2463
f 2734/2734/2656 2539/2539/2463 2538/2538/2462
f 2736/2736/2658 2737/2737/2659 2539/2539/2463
f 2736/2736/2658 2539/2539/2463 2735/2735/2657
f 2736/2736/2658 2735/2735/2657 2733/2733/2655
f 2736/2736/2658 2733/2733/2655 2738/2738/2660
f 2736/2736/2658 2738/2738/2660 2739/2739/2661
f 2736/2736/2658 2739/2739/2661 2737/2737/2659
f 2740/2740/2662 2544/2544/2468 2539/2539/2463
f 2740/2740/2662 2539/2539/2463 2737/2737/2659
f 2740/2740/2662 2737/2737/2659 2739/2739/2661
f 2740/2740/2662 2739/2739/2661 2741/2741/2663
f 2740/2740/2662 2741/2741/2663 2545/2545/2469
f 2740/2740/2662 2545/2545/2469 2544/2544/2468
f 2742/2742/2664 2743/2743/2665 2545/2545/2469
f 2742/2742/2664 2545/2545/2469 2741/2741/2663
f 2742/2742/2664 2741/2741/2663 2739/2739/2661
f 2742/2742/2664 2739/2739/2661 2744/2744/2666
f 2742/2742/2664 2744/2744/2666 2745/2745/2667
f 2742/2742/2664 2745/2745/2667 2743/2743/2665
f 2746/2746/2668 2550/2550/2474 2545/2545/2469
f 2746/2746/2668 2545/2545/2469 2743/2743/2665
f 2746/2746/2668 2743/2743/2665 2745/2745/2667
f 2746/2746/2668 2745/2745/2667 2747/2747/2669
f 2746/2746/2668 2747/2747/2669 2551/2551/2475
f 2746/2746/2668 2551/2551/2475 2550/2550/2474
f 2748/2748/2670 2749/2749/2671 2551/2551/2475
f 2748/2748/2670 2551/2551/2475 2747/2747/2669
f 2748/2748/2670 2747/2747/2669 2745/2745/2667
f 2748/2748/2670 2745/2745/2667 2750/2750/2672
f 2748/2748/2670 2750/2750/2672 2751/2751/2673
f 2748/2748/2670 2751/2751/2673 2749/2749/2671
f 2752/2752/2674 2556/2556/2480 2551/2551/2475
f 2752/2752/2674 2551/2551/2475 2749/2749/2671
f 2752/2752/2674 2749/2749/2671 2751/2751/2673
f 2752/2752/2674 2751/2751/2673 2753/2753/2675
f 2752/2752/2674 2753/2753/2675 2557/2557/2481
f 2752/2752/2674 2557/2557/2481 2556/2556/2480
f 2754/2754/2676 2755/2755/2677 2557/2557/2481
f 2754/2754/2676 2557/2557/2481 2753/2753/2675
f 2754/2754/2676 2753/2753/2675 2751/2751/2673
f 2754/2754/2676 2751/2751/2673 2756/2756/2678
f 2754/2754/2676 2756/2756/2678 2757/2757/2679
f 2754/2754/2676 2757/2757/2679 2755/2755/2677
f 2758/2758/2680 2562/2562/2486 2557/2557/2481
f 2758/2758/2680 2557/2557/2481 2755/2755/2677
f 2758/2758/2680 2755/2755/2677 2757/2757/2679
f 2758/2758/2680 2757/2757/2679 2759/2759/2681
f 2758/2758/2680 2759/2759/2681 2563/2563/2487
f 2758/2758/2680 2563/2563/2487 2562/2562/2486
f 2760/2760/2682 2761/2761/2683 2563/2563/2487
f 2760/2760/2682 2563/2563/2487 2759/2759/2681
f 2760/2760/2682 2759/2759/2681 2757/2757/2679
f 2760/2760/2682 2757/2757/2679 2762/2762/2684
f 2760/2760/2682 2762/2762/2684 2763/2763/2685
f 2760/2760/2682 2763/2763/2685 2761/2761/2683
f 2764/2764/2686 2568/2568/2492 2563/2563/2487
f 2764/2764/2686 2563/2563/2487 2761/2761/2683
f 2764/2764/2686 2761/2761/2683 2763/2763/2685
f 2764/2764/2686 2763/2763/2685 2765/2765/2687
f 2764/2764/2686 2765/2765/2687 2569/2569/2493
f 2764/2764/2686 2569/2569/2493 2568/2568/2492
f 2766/2766/2688 2767/2767/2689 2569/2569/2493
f 2766/2766/2688 2569/2569/2493 2765/2765/2687
f 2766/2766/2688 2765/2765/2687 2763/2763/2685
f 2766/2766/2688 2763/2763/2685 2768/2768/2690
f 2766/2766/2688 2768/2768/2690 2769/2769/2691
f 2766/2766/2688 2769/2769/2691 2767/2767/2689
f 2770/2770/2692 2574/2574/2498 2569/2569/2493
f 2770/2770/2692 2569/2569/2493 2767/2767/2689
f 2770/2770/2692 2767/2767/2689 2769/2769/2691
f 2770/2770/2692 2769/2769/2691 2771/2771/2693
f 2770/2770/2692 2771/2771/2693 2575/2575/2499
f 2770/2770/2692 2575/2575/2499 2574/2574/2498
f 2772/2772/2694 2773/2773/2695 2575/2575/2499
f 2772/2772/2694 2575/2575/2499 2771/2771/2693
f 2772/2772/2694 2771/2771/2693 2769/2769/2691
f 2772/2772/2694 2769/2769/2691 2774/2774/2696
f 2772/2772/2694 2774/2774/2696 2775/2775/2697
f 2772/2772/2694 2775/2775/2697 2773/2773/2695
f 2776/2776/2698 2580/2580/2504 2575/2575/2499
f 2776/2776/2698 2575/2575/2499 2773/2773/2695
f 2776/2776/2698 2773/2773/2695 2775/2775/2697
f 2776/2776/2698 2775/2775/2697 2777/2777/2699
f 2776/2776/2698 2777/2777/2699 2581/2581/2505
f 2776/2776/2698 2581/2581/2505 2580/2580/2504
f 2778/2778/2700 2779/2779/2701 2581/2581/2505
f 2778/2778/2700 2581/2581/2505 2777/2777/2699
f 2778/2778/2700 2777/2777/2699 2775/2775/2697
f 2778/2778/2700 2775/2775/2697 2780/2780/2702
f 2778/2778/2700 2780/2780/2702 2781/2781/2703
f 2778/2778/2700 2781/2781/2703 2779/2779/2701
f 2782/2782/2704 2586/2586/2510 2581/2581/2505
f 2782/2782/2704 2581/2581/2505 2779/2779/2701
f 2782/2782/2704 2779/2779/2701 2781/2781/2703
f 2782/2782/2704 2781/2781/2703 2783/2783/2705
f 2782/2782/2704 2783/2783/2705 2587/2587/2511
f 2782/2782/2704 2587/2587/2511 2586/2586/2510
f 2784/2784/2706 2785/2785/2707 2587/2587/2511
f 2784/2784/2706 2587/2587/2511 2783/2783/2705
f 2784/2784/2706 2783/2783/2705 2781/2781/2703
f 2784/2784/2706 2781/2781/2703 2786/2786/2708
f 2784/2784/2706 2786/2786/2708 2787/2787/2709
f 2784/2784/2706 2787/2787/2709 2785/2785/2707
f 2788/2788/2710 2592/2592/2516 2587/2587/2511
f 2788/2788/2710 2587/2587/2511 2785/2785/2707
f 2788/2788/2710 2785/2785/2707 2787/2787/2709
f 2788/2788/2710 2787/2787/2709 2789/2789/2711
f 2788/2788/2710 2789/2789/2711 2593/2593/2517
f 2788/2788/2710 2593/2593/2517 2592/2592/2516
f 2790/2790/2712 2791/2791/2713 2593/2593/2517
f 2790/2790/2712 2593/2593/2517 2789/2789/2711
f 2790/2790/2712 2789/2789/2711 2787/2787/2709
f 2790/2790/2712 2787/2787/2709 2792/2792/2714
f 2790/2790/2712 2792/2792/2714 2793/2793/2715
f 2790/2790/2712 2793/2793/2715 2791/2791/2713
f 2794/2794/2716 2598/2598/2522 2593/2593/2517
f 2794/2794/2716 2593/2593/2517 2791/2791/2713
f 2794/2794/2716 2791/2791/2713 2793/2793/2715
f 2794/2794/2716 2793/2793/2715 2795/2795/2717
f 2794/2794/2716 2795/2795/2717 2599/2599/2523
f 2794/2794/2716 2599/2599/2523 2598/2598/2522
f 2796/2796/2718 2797/2797/2719 2599/2599/2523
f 2796/2796/2718 2599/2599/2523 2795/2795/2717
f 2796/2796/2718 2795/2795/2717 2793/2793/2715
f 2796/2796/2718 2793/2793/2715 2798/2798/2720
f 2796/2796/2718 2798/2798/2720 2799/2799/2721
f 2796/2796/2718 2799/2799/2721 2797/2797/2719
f 2800/2800/2722 2604/2604/2528 2599/2599/2523
f 2800/2800/2722 2599/2599/2523 2797/2797/2719
f 2800/2800/2722 2797/2797/2719 2799/2799/2721
f 2800/2800/2722 2799/2799/2721 2801/2801/2723
f 2800/2800/2722 2801/2801/2723 2605/2605/2529
f 2800/2800/2722 2605/2605/2529 2604/2604/2528
f 2802/2802/2724 2803/2803/2725 2605/2605/2529
f 2802/2802/2724 2605/2605/2529 2801/2801/2723
f 2802/2802/2724 2801/2801/2723 2799/2799/2721
f 2802/2802/2724 2799/2799/2721 2804/2804/2726
f 2802/2802/2724 2804/2804/2726 2805/2805/2727
f 2802/2802/2724 2805/2805/2727 2803/2803/2725
f 2806/2806/2728 2610/2610/2534 2605/2605/2529
f 2806/2806/2728 2605/2605/2529 2803/2803/2725
f 2806/2806/2728 2803/2803/2725 2805/2805/2727
f 2806/2806/2728 2805/2805/2727 2807/2807/2729
f 2806/2806/2728 2807/2807/2729 2611/2611/2535
f 2806/2806/2728 2611/2611/2535 2610/2610/2534
f 2808/2808/2730 2809/2809/2731 2611/2611/2535
f 2808/2808/2730 2611/2611/2535 2807/2807/2729
f 2808/2808/2730 2807/2807/2729 2805/2805/2727
f 2808/2808/2730 2805/2805/2727 2810/2810/2732
f 2808/2808/2730 2810/2810/2732 2811/2811/2733
f 2808/2808/2730 2811/2811/2733 2809/2809/2731
f 2812/2812/2734 2616/2616/2540 2611/2611/2535
f 2812/2812/2734 2611/2611/2535 2809/2809/2731
f 2812/2812/2734 2809/2809/2731 2811/2811/2733
f 2812/2812/2734 2811/2811/2733 2813/2813/2735
f 2812/2812/2734 2813/2813/2735 2617/2617/2541
f 2812/2812/2734 2617/2617/2541 2616/2616/2540
f 2814/2814/2736 2815/2815/2737 2617/2617/2541
f 2814/2814/2736 2617/2617/2541 2813/2813/2735
f 2814/2814/2736 2813/2813/2735 2811/2811/2733
f 2814/2814/2736 2811/2811/2733 2816/2816/2738
f 2814/2814/2736 2816/2816/2738 2817/2817/2739
f 2814/2814/2736 2817/2817/2739 2815/2815/2737
f 2818/2818/2740 2622/2622/2546 2617/2617/2541
f 2818/2818/2740 2617/2617/2541 2815/2815/2737
f 2818/2818/2740 2815/2815/2737 2817/2817/2739
f 2818/2818/2740 2817/2817/2739 2819/2819/2741
f 2818/2818/2740 2819/2819/2741 2623/2623/2547
f 2818/2818/2740 2623/2623/2547 2622/2622/2546
f 2820/2820/2742 2821/2821/2743 2623/2623/2547
f 2820/2820/2742 2623/2623/2547 2819/2819/2741
f 2820/2820/2742 2819/2819/2741 2817/2817/2739
f 2820/2820/2742 2817/2817/2739 2822/2822/2744
f 2820/2820/2742 2822/2822/2744 2823/2823/2745
f 2820/2820/2742 2823/2823/2745 2821/2821/2743
f 2824/2824/2746 2628/2628/2552 2623/2623/2547
f 2824/2824/2746 2623/2623/2547 2821/2821/2743
f 2824/2824/2746 2821/2821/2743 2823/2823/2745
f 2824/2824/2746 2823/2823/2745 2825/2825/2747
f 2824/2824/2746 2825/2825/2747 2629/2629/2553
f 2824/2824/2746 2629/2629/2553 2628/2628/2552
f 2826/2826/2748 2827/2827/2749 2629/2629/2553
f 2826/2826/2748 2629/2629/2553 2825/2825/2747
f 2826/2826/2748 2825/2825/2747 2823/2823/2745
f 2826/2826/2748 2823/2823/2745 2828/2828/2750
f 2826/2826/2748 2828/2828/2750 2829/2829/2751
f 2826/2826/2748 2829/2829/2751 2827/2827/2749
f 2830/2830/2752 2634/2634/2558 2629/2629/2553
f 2830/2830/2752 2629/2629/2553 2827/2827/2749
f 2830/2830/2752 2827/2827/2749 2829/2829/2751
f 2830/2830/2752 2829/2829/2751 2831/2831/2753
f 2830/2830/2752 2831/2831/2753 2635/2635/2559
f 2830/2830/2752 2635/2635/2559 2634/2634/2558
f 2832/2832/2754 2833/2833/2755 2635/2635/2559
f 2832/2832/2754 2635/2635/2559 2831/2831/2753
f 2832/2832/2754 2831/2831/2753 2829/2829/2751
f 2832/2832/2754 2829/2829/2751 2834/2834/2756
f 2832/2832/2754 2834/2834/2756 2835/2835/2757
f 2832/2832/2754 2835/2835/2757 2833/2833/2755
f 2836/2836/2758 2640/2640/2564 2635/2635/2559
f 2836/2836/2758 2635/2635/2559 2833/2833/2755
f 2836/2836/2758 2833/2833/2755 2835/2835/2757
f 2836/2836/2758 2835/2835/2757 2837/2837/2759
f 2836/2836/2758 2837/2837/2759 2641/2641/2565
f 2836/2836/2758 2641/2641/2565 2640/2640/2564
f 2838/2838/2760 2839/2839/2761 2641/2641/2565
f 2838/2838/2760 2641/2641/2565 2837/2837/2759
f 2838/2838/2760 2837/2837/2759 2835/2835/2757
f 2838/2838/2760 2835/2835/2757 2840/2840/2762
f 2838/2838/2760 2840/2840/2762 2841/2841/2763
f 2838/2838/2760 2841/2841/2763 2839/2839/2761
f 2842/2842/2764 2646/2646/2570 2641/2641/2565
f 2842/2842/2764 2641/2641/2565 2839/2839/2761
f 2842/2842/2764 2839/2839/2761 2841/2841/2763
f 2842/2842/2764 2841/2841/2763 2843/2843/2765
f 2842/2842/2764 2843/2843/2765 2647/2647/2571
f 2842/2842/2764 2647/2647/2571 2646/2646/2570
f 2844/2844/2766 2845/2845/2767 2647/2647/2571
f 2844/2844/2766 2647/2647/2571 2843/2843/2765
f 2844/2844/2766 2843/2843/2765 2841/2841/2763
f 2844/2844/2766 2841/2841/2763 2846/2846/2768
f 2844/2844/2766 2846/2846/2768 2847/2847/2769
f 2844/2844/2766 2847/2847/2769 2845/2845/2767
f 2848/2848/2770 2652/2652/2576 2647/2647/2571
f 2848/2848/2770 2647/2647/2571 2845/2845/2767
f 2848/2848/2770 2845/2845/2767 2847/2847/2769
f 2848/2848/2770 2847/2847/2769 2849/2849/2771
f 2848/2848/2770 2849/2849/2771 2653/2653/2577
f 2848/2848/2770 2653/2653/2577 2652/2652/2576
f 2850/2850/2772 2851/2851/2773 2653/2653/2577
f 2850/2850/2772 2653/2653/2577 2849/2849/2771
f 2850/2850/2772 2849/2849/2771 2847/2847/2769
f 2850/2850/2772 2847/2847/2769 2852/2852/2774
f 2850/2850/2772 2852/2852/2774 2853/2853/2775
f 2850/2850/2772 2853/2853/2775 2851/2851/2773
f 2854/2854/2776 2658/2658/2582 2653/2653/2577
f 2854/2854/2776 2653/2653/2577 2851/2851/2773
f 2854/2854/2776 2851/2851/2773 2853/2853/2775
f 2854/2854/2776 2853/2853/2775 2855/2855/2777
f 2854/2854/2776 2855/2855/2777 2659/2659/2583
f 2854/2854/2776 2659/2659/2583 2658/2658/2582
f 2856/2856/2778 2857/2857/2779 2659/2659/2583
f 2856/2856/2778 2659/2659/2583 2855/2855/2777
f 2856/2856/2778 2855/2855/2777 2853/2853/2775
f 2856/2856/2778 2853/2853/2775 2858/2858/2780
f 2856/2856/2778 2858/2858/2780 2859/2859/2781
f 2856/2856/2778 2859/2859/2781 2857/2857/2779
f 2860/2860/2782 2664/2664/2588 2659/2659/2583
f 2860/2860/2782 2659/2659/2583 2857/2857/2779
f 2860/2860/2782 2857/2857/2779 2859/2859/2781
f 2860/2860/2782 2859/2859/2781 2861/2861/2783
f 2860/2860/2782 2861/2861/2783 2665/2665/2589
f 2860/2860/2782 2665/2665/2589 2664/2664/2588
f 2862/2862/2784 2863/2863/2785 2665/2665/2589
f 2862/2862/2784 2665/2665/2589 2861/2861/2783
f 2862/2862/2784 2861/2861/2783 2859/2859/2781
f 2862/2862/2784 2859/2859/2781 2864/2864/2786
f 2862/2862/2784 2864/2864/2786 2865/2865/2787
f 2862/2862/2784 2865/2865/2787 2863/2863/2785
f 2866/2866/2788 2670/2670/2594 2665/2665/2589
f 2866/2866/2788 2665/2665/2589 2863/2863/2785
f 2866/2866/2788 2863/2863/2785 2865/2865/2787
f 2866/2866/2788 2865/2865/2787 2867/2867/2789
f 2866/2866/2788 2867/2867/2789 2671/2671/2595
f 2866/2866/2788 2671/2671/2595 2670/2670/2594
f 2868/2868/2790 2869/2869/2791 2671/2671/2595
f 2868/2868/2790 2671/2671/2595 2867/2867/2789
f 2868/2868/2790 2867/2867/2789 2865/2865/2787
f 2868/2868/2790 2865/2865/2787 2870/2870/2792
f 2868/2868/2790 2870/2870/2792 2871/2871/2793
f 2868/2868/2790 2871/2871/2793 2869/2869/2791
f 2872/2872/2794 2676/2676/2600 2671/2671/2595
f 2872/2872/2794 2671/2671/2595 2869/2869/2791
f 2872/2872/2794 2869/2869/2791 2871/2871/2793
f 2872/2872/2794 2871/2871/2793 2873/2873/2795
f 2872/2872/2794 2873/2873/2795 2677/2677/2601
f 2872/2872/2794 2677/2677/2601 2676/2676/2600
f 2874/2874/2796 2875/2875/2797 2677/2677/2601
f 2874/2874/2796 2677/2677/2601 2873/2873/2795
f 2874/2874/2796 2873/2873/2795 2871/2871/2793
f 2874/2874/2796 2871/2871/2793 2876/2876/2798
f 2874/2874/2796 2876/2876/2798 2877/2877/2799
f 2874/2874/2796 2877/2877/2799 2875/2875/2797
f 2878/2878/2800 2682/2682/2606 2677/2677/2601
f 2878/2878/2800 2677/2677/2601 2875/2875/2797
f 2878/2878/2800 2875/2875/2797 2877/2877/2799
f 2878/2878/2800 2877/2877/2799 2879/2879/2801
f 2878/2878/2800 2879/2879/2801 2683/2683/2607
f 2878/2878/2800 2683/2683/2607 2682/2682/2606
f 2880/2880/2802 2881/2881/2803 2683/2683/2607
f 2880/2880/2802 2683/2683/2607 2879/2879/2801
f 2880/2880/2802 2879/2879/2801 2877/2877/2799
f 2880/2880/2802 2877/2877/2799 2882/2882/2804
f 2880/2880/2802 2882/2882/2804 2883/2883/2805
f 2880/2880/2802 2883/2883/2805 2881/2881/2803
f 2884/2884/2806 2688/2688/2612 2683/2683/2607
f 2884/2884/2806 2683/2683/2607 2881/2881/2803
f 2884/2884/2806 2881/2881/2803 2883/2883/2805
f 2884/2884/2806 2883/2883/2805 2885/2885/2807
f 2884/2884/2806 2885/2885/2807 2689/2689/2613
f 2884/2884/2806 2689/2689/2613 2688/2688/2612
f 2886/2886/2808 2887/2887/2809 2689/2689/2613
f 2886/2886/2808 2689/2689/2613 2885/2885/2807
f 2886/2886/2808 2885/2885/2807 2883/2883/2805
f 2886/2886/2808 2883/2883/2805 2888/2888/2810
f 2886/2886/2808 2888/2888/2810 2889/2889/2811
f 2886/2886/2808 2889/2889/2811 2887/2887/2809
f 2890/2890/2812 2694/2694/2618 2689/2689/2613
f 2890/2890/2812 2689/2689/2613 2887/2887/2809
f 2890/2890/2812 2887/2887/2809 2889/2889/2811
f 2890/2890/2812 2889/2889/2811 2891/2891/2813
f 2890/2890/2812 2891/2891/2813 2695/2695/2619
f 2890/2890/2812 2695/2695/2619 2694/2694/2618
f 2892/2892/2814 2893/2893/2815 2695/2695/2619
f 2892/2892/2814 2695/2695/2619 2891/2891/2813
f 2892/2892/2814 2891/2891/2813 2889/2889/2811
f 2892/2892/2814 2889/2889/2811 2894/2894/2816
f 2892/2892/2814 2894/2894/2816 2895/2895/2817
f 2892/2892/2814 2895/2895/2817 2893/2893/2815
f 2896/2896/2818 2700/2700/2624 2695/2695/2619
f 2896/2896/2818 2695/2695/2619 2893/2893/2815
f 2896/2896/2818 2893/2893/2815 2895/2895/2817
f 2896/2896/2818 2895/2895/2817 2897/2897/2819
f 2896/2896/2818 2897/2897/2819 2701/2701/2625
f 2896/2896/2818 2701/2701/2625 2700/2700/2624
f 2898/2898/2820 2899/2899/2821 2701/2701/2625
f 2898/2898/2820 2701/2701/2625 2897/2897/2819
f 2898/2898/2820 2897/2897/2819 2895/2895/2817
f 2898/2898/2820 2895/2895/2817 2900/2900/2822
f 2898/2898/2820 2900/2900/2822 2901/2901/2823
f 2898/2898/2820 2901/2901/2823 2899/2899/2821
f 2902/2902/2824 2706/2706/2630 2701/2701/2625
f 2902/2902/2824 2701/2701/2625 2899/2899/2821
f 2902/2902/2824 2899/2899/2821 2901/2901/2823
f 2902/2902/2824 2901/2901/2823 2903/2903/2825
f 2902/2902/2824 2903/2903/2825 2707/2707/2631
f 2902/2902/2824 2707/2707/2631 2706/2706/2630
f 2904/2904/2826 2905/2905/2827 2707/2707/2631
f 2904/2904/2826 2707/2707/2631 2903/2903/2825
f 2904/2904/2826 2903/2903/2825 2901/2901/2823
f 2904/2904/2826 2901/2901/2823 2906/2906/2828
f 2904/2904/2826 2906/2906/2828 2907/2907/2829
f 2904/2904/2826 2907/2907/2829 2905/2905/2827
f 2908/2908/2830 2712/2712/2636 2707/2707/2631
f 2908/2908/2830 2707/2707/2631 2905/2905/2827
f 2908/2908/2830 2905/2905/2827 2907/2907/2829
f 2908/2908/2830 2907/2907/2829 2909/2909/2640
f 2908/2908/2830 2909/2909/2640 2713/2713/2449
f 2908/2908/2830 2713/2713/2449 2712/2712/2636
f 2910/2910/2831 2911/2911/2832 2912/2912/2833
f 2910/2910/2831 2912/2912/2833 2913/2913/2834
f 2910/2910/2831 2913/2913/2834 2721/2721/2643
f 2910/2910/2831 2721/2721/2643 2720/2720/2642
f 2910/2910/2831 2720/2720/2642 2719/2719/2641
f 2910/2910/2831 2719/2719/2641 2911/2911/2832
f 2914/2914/2835 2915/2915/2836 2916/2916/2833
f 2914/2914/2835 2916/2916/2833 2917/2917/2837
f 2914/2914/2835 2917/2917/2837 2727/2727/2649
f 2914/2914/2835 2727/2727/2649 2726/2726/2648
f 2914/2914/2835 2726/2726/2648 2721/2721/2643
f 2914/2914/2835 2721/2721/2643 2915/2915/2836
f 2918/2918/2838 2919/2919/2837 2920/2920/2833
f 2918/2918/2838 2920/2920/2833 2921/2921/2839
f 2918/2918/2838 2921/2921/2839 2733/2733/2655
f 2918/2918/2838 2733/2733/2655 2732/2732/2654
f 2918/2918/2838 2732/2732/2654 2727/2727/2649
f 2918/2918/2838 2727/2727/2649 2919/2919/2837
f 2922/2922/2840 2923/2923/2839 2924/2924/2833
f 2922/2922/2840 2924/2924/2833 2925/2925/2841
f 2922/2922/2840 2925/2925/2841 2739/2739/2661
f 2922/2922/2840 2739/2739/2661 2738/2738/2660
f 2922/2922/2840 2738/2738/2660 2733/2733/2655
f 2922/2922/2840 2733/2733/2655 2923/2923/2839
f 2926/2926/2842 2927/2927/2843 2928/2928/2833
f 2926/2926/2842 2928/2928/2833 2929/2929/2844
f 2926/2926/2842 2929/2929/2844 2745/2745/2667
f 2926/2926/2842 2745/2745/2667 2744/2744/2666
f 2926/2926/2842 2744/2744/2666 2739/2739/2661
f 2926/2926/2842 2739/2739/2661 2927/2927/2843
f 2930/2930/2845 2931/2931/2844 2932/2932/2833
f 2930/2930/2845 2932/2932/2833 2933/2933/2846
f 2930/2930/2845 2933/2933/2846 2751/2751/2673
f 2930/2930/2845 2751/2751/2673 2750/2750/2672
f 2930/2930/2845 2750/2750/2672 2745/2745/2667
f 2930/2930/2845 2745/2745/2667 2931/2931/2844
f 2934/2934/2847 2935/2935/2848 2936/2936/2833
f 2934/2934/2847 2936/2936/2833 2937/2937/2849
f 2934/2934/2847 2937/2937/2849 2757/2757/2679
f 2934/2934/2847 2757/2757/2679 2756/2756/2678
f 2934/2934/2847 2756/2756/2678 2751/2751/2673
f 2934/2934/2847 2751/2751/2673 2935/2935/2848
f 2938/2938/2850 2939/2939/2849 2940/2940/2833
f 2938/2938/2850 2940/2940/2833 2941/2941/2851
f 2938/2938/2850 2941/2941/2851 2763/2763/2685
f 2938/2938/2850 2763/2763/2685 2762/2762/2684
f 2938/2938/2850 2762/2762/2684 2757/2757/2679
f 2938/2938/2850 2757/2757/2679 2939/2939/2849
f 2942/2942/2852 2943/2943/2853 2944/2944/2833
f 2942/2942/2852 2944/2944/2833 2945/2945/2854
f 2942/2942/2852 2945/2945/2854 2769/2769/2691
f 2942/2942/2852 2769/2769/2691 2768/2768/2690
f 2942/2942/2852 2768/2768/2690 2763/2763/2685
f 2942/2942/2852 2763/2763/2685 2943/2943/2853
f 2946/2946/2855 2947/2947/2854 2948/2948/2833
f 2946/2946/2855 2948/2948/2833 2949/2949/2856
f 2946/2946/2855 2949/2949/2856 2775/2775/2697
f 2946/2946/2855 2775/2775/2697 2774/2774/2696
f 2946/2946/2855 2774/2774/2696 2769/2769/2691
f 2946/2946/2855 2769/2769/2691 2947/2947/2854
f 2950/2950/2857 2951/2951/2858 2952/2952/2833
f 2950/2950/2857 2952/2952/2833 2953/2953/2859
f 2950/2950/2857 2953/2953/2859 2781/2781/2703
f 2950/2950/2857 2781/2781/2703 2780/2780/2702
f 2950/2950/2857 2780/2780/2702 2775/2775/2697
f 2950/2950/2857 2775/2775/2697 2951/2951/2858
f 2954/2954/2860 2955/2955/2861 2956/2956/2833
f 2954/2954/2860 2956/2956/2833 2957/2957/2862
f 2954/2954/2860 2957/2957/2862 2787/2787/2709
f 2954/2954/2860 2787/2787/2709 2786/2786/2708
f 2954/2954/2860 2786/2786/2708 2781/2781/2703
f 2954/2954/2860 2781/2781/2703 2955/2955/2861
f 2958/2958/2863 2959/2959/2864 2960/2960/2833
f 2958/2958/2863 2960/2960/2833 2961/2961/2865
f 2958/2958/2863 2961/2961/2865 2793/2793/2715
f 2958/2958/2863 2793/2793/2715 2792/2792/2714
f 2958/2958/2863 2792/2792/2714 2787/2787/2709
f 2958/2958/2863 2787/2787/2709 2959/2959/2864
f 2962/2962/2866 2963/2963/2865 2964/2964/2833
f 2962/2962/2866 2964/2964/2833 2965/2965/2867
f 2962/2962/2866 2965/2965/2867 2799/2799/2721
f 2962/2962/2866 2799/2799/2721 2798/2798/2720
f 2962/2962/2866 2798/2798/2720 2793/2793/2715
f 2962/2962/2866 2793/2793/2715 2963/2963/2865
f 2966/2966/2868 2967/2967/2869 2968/2968/2833
f 2966/2966/2868 2968/2968/2833 2969/2969/2870
f 2966/2966/2868 2969/2969/2870 2805/2805/2727
f 2966/2966/2868 2805/2805/2727 2804/2804/2726
f 2966/2966/2868 2804/2804/2726 2799/2799/2721
f 2966/2966/2868 2799/2799/2721 2967/2967/2869
f 2970/2970/2871 2971/2971/2870 2972/2972/2833
f 2970/2970/2871 2972/2972/2833 2973/2973/2872
f 2970/2970/2871 2973/2973/2872 2811/2811/2733
f 2970/2970/2871 2811/2811/2733 2810/2810/2732
f 2970/2970/2871 2810/2810/2732 2805/2805/2727
f 2970/2970/2871 2805/2805/2727 2971/2971/2870
f 2974/2974/2873 2975/2975/2874 2976/2976/2833
f 2974/2974/2873 2976/2976/2833 2977/2977/2875
f 2974/2974/2873 2977/2977/2875 2817/2817/2739
f 2974/2974/2873 2817/2817/2739 2816/2816/2738
f 2974/2974/2873 2816/2816/2738 2811/2811/2733
f 2974/2974/2873 2811/2811/2733 2975/2975/2874
f 2978/2978/2876 2979/2979/2875 2980/2980/2833
f 2978/2978/2876 2980/2980/2833 2981/2981/2877
f 2978/2978/2876 2981/2981/2877 2823/2823/2745
f 2978/2978/2876 2823/2823/2745 2822/2822/2744
f 2978/2978/2876 2822/2822/2744 2817/2817/2739
f 2978/2978/2876 2817/2817/2739 2979/2979/2875
f 2982/2982/2878 2983/2983/2877 2984/2984/2833
f 2982/2982/2878 2984/2984/2833 2985/2985/2879
f 2982/2982/2878 2985/2985/2879 2829/2829/2751
f 2982/2982/2878 2829/2829/2751 2828/2828/2750
f 2982/2982/2878 2828/2828/2750 2823/2823/2745
f 2982/2982/2878 2823/2823/2745 2983/2983/2877
f 2986/2986/2880 2987/2987/2879 2988/2988/2833
f 2986/2986/2880 2988/2988/2833 2989/2989/2881
f 2986/2986/2880 2989/2989/2881 2835/2835/2757
f 2986/2986/2880 2835/2835/2757 2834/2834/2756
f 2986/2986/2880 2834/2834/2756 2829/2829/2751
f 2986/2986/2880 2829/2829/2751 2987/2987/2879
f 2990/2990/2882 2991/2991/2883 2992/2992/2833
f 2990/2990/2882 2992/2992/2833 2993/2993/2884
f 2990/2990/2882 2993/2993/2884 2841/2841/2763
f 2990/2990/2882 2841/2841/2763 2840/2840/2762
f 2990/2990/2882 2840/2840/2762 2835/2835/2757
f 2990/2990/2882 2835/2835/2757 2991/2991/2883
f 2994/2994/2885 2995/2995/2884 2996/2996/2833
f 2994/2994/2885 2996/2996/2833 2997/2997/2886
f 2994/2994/2885 2997/2997/2886 2847/2847/2769
f 2994/2994/2885 2847/2847/2769 2846/2846/2768
f 2994/2994/2885 2846/2846/2768 2841/2841/2763
f 2994/2994/2885 2841/2841/2763 2995/2995/2884
f 2998/2998/2887 2999/2999/2888 3000/3000/2833
f 2998/2998/2887 3000/3000/2833 3001/3001/2889
f 2998/2998/2887 3001/3001/2889 2853/2853/2775
f 2998/2998/2887 2853/2853/2775 2852/2852/2774
f 2998/2998/2887 2852/2852/2774 2847/2847/2769
f 2998/2998/2887 2847/2847/2769 2999/2999/2888
f 3002/3002/2890 3003/3003/2891 3004/3004/2833
f 3002/3002/2890 3004/3004/2833 3005/3005/2892
f 3002/3002/2890 3005/3005/2892 2859/2859/2781
f 3002/3002/2890 2859/2859/2781 2858/2858/2780
f 3002/3002/2890 2858/2858/2780 2853/2853/2775
f 3002/3002/2890 2853/2853/2775 3003/3003/2891
f 3006/3006/2893 3007/3007/2894 3008/3008/2833
f 3006/3006/2893 3008/3008/2833 3009/3009/2895
f 3006/3006/2893 3009/3009/2895 2865/2865/2787
f 3006/3006/2893 2865/2865/2787 2864/2864/2786
f 3006/3006/2893 2864/2864/2786 2859/2859/2781
f 3006/3006/2893 2859/2859/2781 3007/3007/2894
f 3010/3010/2896 3011/3011/2897 3012/3012/2833
f 3010/3010/2896 3012/3012/2833 3013/3013/2898
f 3010/3010/2896 3013/3013/2898 2871/2871/2793
f 3010/3010/2896 2871/2871/2793 2870/2870/2792
f 3010/3010/2896 2870/2870/2792 2865/2865/2787
f 3010/3010/2896 2865/2865/2787 3011/3011/2897
f 3014/3014/2899 3015/3015/2900 3016/3016/2833
f 3014/3014/2899 3016/3016/2833 3017/3017/2901
f 3014/3014/2899 3017/3017/2901 2877/2877/2799
f 3014/3014/2899 2877/2877/2799 2876/2876/2798
f 3014/3014/2899 2876/2876/2798 2871/2871/2793
f 3014/3014/2899 2871/2871/2793 3015/3015/2900
f 3018/3018/2902 3019/3019/2901 3020/3020/2833
f 3018/3018/2902 3020/3020/2833 3021/3021/2903
f 3018/3018/2902 3021/3021/2903 2883/2883/2805
f 3018/3018/2902 2883/2883/2805 2882/2882/2804
f 3018/3018/2902 2882/2882/2804 2877/2877/2799
f 3018/3018/2902 2877/2877/2799 3019/3019/2901
f 3022/3022/2904 3023/3023/2903 3024/3024/2833
f 3022/3022/2904 3024/3024/2833 3025/3025/2905
f 3022/3022/2904 3025/3025/2905 2889/2889/2811
f 3022/3022/2904 2889/2889/2811 2888/2888/2810
f 3022/3022/2904 2888/2888/2810 2883/2883/2805
f 3022/3022/2904 2883/2883/2805 3023/3023/2903
f 3026/3026/2906 3027/3027/2905 3028/3028/2833
f 3026/3026/2906 3028/3028/2833 3029/3029/2907
f 3026/3026/2906 3029/3029/2907 2895/2895/2817
f 3026/3026/2906 2895/2895/2817 2894/2894/2816
f 3026/3026/2906 2894/2894/2816 2889/2889/2811
f 3026/3026/2906 2889/2889/2811 3027/3027/2905
f 3030/3030/2908 3031/3031/2907 3032/3032/2833
f 3030/3030/2908 3032/3032/2833 3033/3033/2909
f 3030/3030/2908 3033/3033/2909 2901/2901/2823
f 3030/3030/2908 2901/2901/2823 2900/2900/2822
f 3030/3030/2908 2900/2900/2822 2895/2895/2817
f 3030/3030/2908 2895/2895/2817 3031/3031/2907
f 3034/3034/2910 3035/3035/2909 3036/3036/2833
f 3034/3034/2910 3036/3036/2833 3037/3037/2832
f 3034/3034/2910 3037/3037/2832 2907/2907/2829
f 3034/3034/2910 2907/2907/2829 2906/2906/2828
f 3034/3034/2910 2906/2906/2828 2901/2901/2823
f 3034/3034/2910 2901/2901/2823 3035/3035/2909
